id,tree_genus
100009457,Betula
100597079,Unknown
100648833,Salix
100724024,Quercus
1007830,Chamaecyparis
100873740,Prosopis
100904648,Unknown
101372208,Unknown
101507846,Dicksonia
1015233,Phytoliriomyza
101636411,Californicae
101636481,Californicae
101636693,Unknown
101636844,Californicae
101636936,Californicae
101636993,Californicae
101637304,Californicae
101637526,Californicae
101641052,Unknown
101641202,Unknown
101643769,Californicae
101643858,Unknown
101643959,Californicae
101644199,Californicae
101698151,Unknown
101797979,Unknown
101868546,Acer
102114997,Quercus
102158725,Eucalyptus
102381148,Acer
102421634,Californicae
102421766,Unknown
102421912,Unknown
102449657,Unknown
102518697,Unknown
102704959,Unknown
102704976,Unknown
102705051,Unknown
102705089,Unknown
102734501,Arecaceae
102735688,Unknown
102771750,Unknown
10280649,Unknown
10280828,Unknown
10281274,Unknown
10281345,Unknown
102853200,Rhopalostylis
102865987,Rhododendron
102875080,Unknown
10287796,Unknown
10287805,Unknown
10287814,Unknown
10287932,Unknown
10287948,Unknown
10287982,Unknown
10288019,Unknown
10288054,Unknown
103040851,Cervus
1031644,Loberia
103171687,Unknown
103171694,Unknown
103171720,Unknown
103171787,Unknown
103171913,Unknown
103171954,Phoenix
103172025,Phoenix
103172075,Unknown
103172103,Unknown
103172124,Phoenix
103172207,Phoenix
103200103,Unknown
103292841,Treefern
103387808,Unknown
103403636,Unknown
103484819,Unknown
103523669,Unknown
103620985,Nothofagus
103620996,Nothofagus
103621000,Nothofagus
103711805,Acer
103717010,Unknown
103773304,Unknown
103773349,Unknown
103773832,Californicae
103773945,Californicae
103774063,Californicae
1037871,Unknown
103841754,Unknown
103841948,Unknown
103845777,Unknown
103846855,Unknown
103847284,Unknown
103847422,Unknown
103847693,Unknown
103847873,Unknown
103849063,Unknown
103871776,Unknown
103911125,Unknown
103911352,Unknown
103912991,Unknown
103922823,Unknown
103954580,Terminalia
103980580,Dicksonia
104084814,Phoenix
104084850,Phoenix
104084881,Unknown
104084943,Unknown
104085066,Californicae
104138649,Unknown
104138809,Unknown
104141137,Unknown
1042099,Cabbage
104216578,Unknown
104355546,Arecaceae
104370345,Unknown
104397711,Phoenix
104546545,Unknown
104623215,Californicae
104623274,Phoenix
104623322,Unknown
104626524,Unknown
104626777,Unknown
104646931,Cervus
104648993,Unknown
104703913,Unknown
104802886,Unknown
104920049,Unknown
104944200,Cyathea
105026551,Smeringurus
105031566,Platanus
105079902,Californicae
105339694,Metrosideros
105368688,Ficus
105399184,Unknown
105443633,Cervus
105614516,Platanus
105643288,Unknown
105707026,Californicae
105798984,Unknown
105903739,Unknown
106106261,Unknown
106322853,Unknown
106428457,Salix
106428458,Salix
106471936,Cervus
106471943,Cervus
106647601,Prunus
106746924,Prosopis
1068238,Unknown
106907652,Phoenix
106956350,Picea
106992334,Robinia
107014644,Unknown
107034306,Phoenix
107246121,Unknown
107292195,Dicksonia
107300290,Unknown
107300320,Unknown
107300334,Unknown
107300408,Californicae
107301061,Unknown
107317535,Unknown
107394615,Unknown
107622791,Pritchardia
107653281,Unknown
107725845,Unknown
107987772,Populus
10802273,Unknown
108172946,Lysiloma
108268288,Amazophrynella
108449764,Unknown
108450017,Unknown
108488322,Unknown
108488437,Unknown
108488525,Unknown
108488783,Unknown
108488978,Unknown
108563993,Unknown
108564127,Unknown
108569287,Vitex
108638034,Unknown
108775327,Quercus
109136682,Arecaceae
109160784,Unknown
109228233,Unknown
109228236,Unknown
109426566,Quercus
109426743,Quercus
10943302,Unknown
109664533,Unknown
109909985,Unknown
109974121,Unknown
109974726,Phoenix
109975519,Phoenix
109976777,Unknown
109977311,Unknown
109977405,Unknown
109977498,Unknown
109977524,Unknown
1100166,Unknown
110018528,Alnus
110134817,Unknown
110232759,Unknown
110261343,Unknown
110280011,Eucalyptus
110486520,Unknown
110491625,Unknown
110539300,Dicksonia
110539312,Dicksonia
11062911,Taxodium
110686209,Unknown
110754795,Unknown
110792453,Eucalyptus
111104816,Unknown
111175625,Sambucus
111222491,Cathartes
111264878,Arecaceae
111274436,Unknown
111451499,Phoenix
111498525,Unknown
111507229,American
111524467,Ischnura
111598832,Unknown
111600361,Phoenix
111616008,Unknown
111618825,Treefern
111646710,Ischnura
111750819,Treefern
111895833,Sphaeropteris
111895855,Sphaeropteris
111896159,Sphaeropteris
112187466,Samanea
11224882,Unknown
11256696,Avicennia
11256880,Avicennia
11267629,Avicennia
112776433,Acer
112878236,Unknown
112910854,Prunus
112938720,Nothofagus
113217226,Unknown
113281909,Unknown
113652453,Platanus
1136655,Unknown
113915072,Unknown
114179677,Sabal
114285005,Carnegiea
115233088,Californicae
1165062,Unknown
1165063,Phoenix
1165064,Phoenix
1165065,Phoenix
1165066,Phoenix
1165068,Unknown
1165069,Phoenix
117033191,Treefern
117086918,Unknown
117086921,Phoenix
117160484,Aesculus
117194056,Phoenix
11730466,Unknown
117515476,Unknown
117527107,Unknown
118049826,Unknown
118153113,Columba
118276800,Unknown
1184563,Unknown
118622424,Cussonia
118696608,Unknown
118825381,Unknown
118854667,Quercus
119313015,Unknown
119347815,Acer
119556879,Fagus
119714338,Treefern
119814996,Unknown
1199204,Unknown
120154015,Unknown
120746832,Unknown
120750157,Unknown
120898472,Unknown
121052232,Unknown
121059825,Unknown
121161748,Acer
121188593,Phoenix
121274302,Abies
121678736,Unknown
121724370,Arecaceae
122159485,Unknown
122159498,Unknown
122166230,Unknown
122280230,Cyathea
122304638,Unknown
122471337,Sabal
123008055,Pseudotsuga
123194875,Unknown
123795843,Arecaceae
12460474,Unknown
124630828,Unknown
124676154,Phoenix
124676241,Phoenix
124676295,Unknown
124676353,Phoenix
124676660,Phoenix
124676720,Phoenix
124676789,Phoenix
124676854,Phoenix
125045271,Unknown
125175434,Unknown
125552766,Unknown
125554056,Unknown
125554629,Unknown
125554739,Unknown
125886396,Rhopalostylis
126312004,Unknown
126376258,Unknown
126449668,Unknown
126779284,Phoenix
126920001,Unknown
126922311,Platanus
126922437,Unknown
126922590,Unknown
127057097,Unknown
127057631,Unknown
127059023,Unknown
127060828,Unknown
127061120,Phoenix
127061793,Unknown
127129844,Echinodorus
127201700,Taxus
127364649,Enallagma
127551687,Cervus
127563765,Unknown
127566400,Unknown
127968418,Terminalia
127968424,Terminalia
128002109,Calidris
128108025,Metrosideros
128113018,Unknown
128114093,Unknown
128114162,Unknown
128114310,Unknown
128115551,Unknown
128115647,Unknown
128116244,Phoenix
128116553,Phoenix
128116698,Phoenix
128563867,Californicae
128563913,Unknown
128563946,Unknown
128563992,Unknown
128965496,Unknown
129228380,Acer
129242900,Unknown
129386942,Unknown
129387067,Unknown
129387148,Unknown
129387495,Unknown
129400123,Malus
129806148,Metrosideros
129947670,Unknown
129948207,Phoenix
129948693,Phoenix
130109044,Nothofagus
130220028,Schefflera
130733151,Unknown
130737357,Unknown
130834375,Robinia
130905137,Melia
130906661,Pseudotsuga
130910448,Purifi
130910654,Unknown
131044373,Metrosideros
131044423,Metrosideros
131080701,Sorbus
131164723,Terminalia
131205684,Unknown
131206806,Betula
131302691,Unknown
131302709,Terminalia
131468152,Acer
131469796,Acer
131469976,Unknown
131470462,Acer
131528951,Robinia
131700200,Unknown
131961750,Phoenix
131977087,Vitex
131977088,Vitex
132192776,Unknown
132219211,Unknown
132230216,Olea
132230217,Tilia
132230624,Unknown
132242278,Unknown
132242311,Unknown
132242576,Unknown
132248308,Unknown
132454380,Turdus
132562926,Quercus
132770875,Unknown
132886539,Unknown
133167170,Podocarpus
133186417,Aesculus
133191362,Acer
133201412,Platanus
133303182,Phoenix
133303183,Phoenix
133303184,Unknown
133303186,Unknown
133303188,Unknown
133303189,Phoenix
133303453,Phoenix
133303454,Phoenix
133577609,Memphis
133646520,Prunus
133646702,Acer
133646805,Salix
133647121,Prunus
133701240,Unknown
133884394,Quercus
133918809,Unknown
134011089,Afrixalus
134137808,Unknown
134414244,Calidris
13470656,Unknown
13470658,Ponga
13470659,Ponga
13470662,Cyathea
13475408,Unknown
13475431,Unknown
13475463,Unknown
13475534,Unknown
13475574,Unknown
13475607,Unknown
13475674,Unknown
13475688,Unknown
13475709,Unknown
13475739,Unknown
13475771,Unknown
13475876,Unknown
13475898,Unknown
13475913,Unknown
13475960,Unknown
13476007,Unknown
13476025,Unknown
13508997,Unknown
13509016,Unknown
13509048,Unknown
13509095,Unknown
13509114,Unknown
13509127,Unknown
13509139,Unknown
13509149,Unknown
13509167,Unknown
13509177,Unknown
13509197,Unknown
13509210,Unknown
13509231,Unknown
13509253,Unknown
13509264,Unknown
13509306,Unknown
13509339,Unknown
13509388,Unknown
13509404,Unknown
13509429,Unknown
135132927,Unknown
135235372,Calidris
135322703,Unknown
135353159,Alsophila
135491101,Unknown
135498159,Unknown
135530423,Unknown
135550026,Quercus
135707312,Unknown
135882827,Neonauclea
135969654,Unknown
136016577,Juglans
136088649,Unknown
136130266,Unknown
136132912,Unknown
136132929,Unknown
136239972,Unknown
136313381,Acer
136313482,Acer
136344991,Unknown
136417161,Acer
136451493,Phoenix
136565992,Unknown
136726679,Pinus
136776966,Californicae
136777038,Californicae
136777062,Californicae
136777103,Californicae
136777141,Californicae
136777173,Californicae
136778240,Californicae
136778294,Californicae
136845797,Unknown
136876939,Unknown
136900202,Prunus
137008236,Unknown
137119539,Phoenix
137119540,Phoenix
137247738,Cyathea
13728769,Unknown
13729095,Dicots
137692201,Unknown
137910416,Unknown
138453508,Unknown
138532112,Unknown
138928020,Unknown
138939518,Unknown
138939519,Unknown
139063164,Platanus
139184072,Phoenix
139192840,Phoenix
139256528,Unknown
139299745,Unknown
139299748,Unknown
139299749,Phoenix
139299750,Unknown
139299751,Phoenix
139299752,Phoenix
139303684,Phoenix
139370276,Unknown
139605441,Unknown
139772525,Prosopis
139820288,Metrosideros
139837187,Phoenix
139842231,Unknown
139939634,Unknown
139939663,Vitex
139992220,Sophora
140027076,Phoenix
140029247,Phoenix
140029326,Phoenix
140031855,Quercus
140032424,Unknown
140032425,Unknown
140032426,Unknown
140032427,Unknown
140043350,Phoenix
140048739,Quercus
140129819,Unknown
140177406,Unknown
140295408,Camponotus
140431783,Unknown
140753773,Cervus
140754717,Unknown
140840309,Alsophila
140977247,Unknown
14098293,Cervus
141054142,Unknown
141088239,Unknown
141194163,Quercus
141266539,Unknown
141291778,Unknown
141333458,Unknown
141416427,Bedfordia
141425276,Unknown
141438683,Acer
141450609,Unknown
141463183,Unknown
141471486,Unknown
141476283,Unknown
141527858,Tilia
141531568,Unknown
14157979,Unknown
14158078,Unknown
14158114,Unknown
14158189,Unknown
14158297,Unknown
14158335,Unknown
14158383,Unknown
14158464,Unknown
14158547,Unknown
14158675,Unknown
14158747,Unknown
141593080,Cupressus
141633140,Cervus
141672226,Hoheria
141910643,Quercus
141911087,Salix
141911466,Salix
141919041,Aesculus
141919535,Fraxinus
142013168,Tilia
142110386,Unknown
142117624,Unknown
142164740,Fraxinus
142164936,Fraxinus
142165398,Prunus
142165698,Tilia
142166124,Tilia
142166339,Acer
142166512,Acer
142221001,Turdus
142233571,Turdus
142233887,Acer
142234106,Acer
142234662,Unknown
142234825,Unknown
142235025,Unknown
142235282,Unknown
142235597,Quercus
142235802,Quercus
142236082,Quercus
142236320,Quercus
142236777,Quercus
142236900,Quercus
142237099,Quercus
142237425,Quercus
142278065,Platanus
142278334,Platanus
142278858,Platanus
142550820,Unknown
142550998,Aesculus
142551339,Aesculus
142551624,Aesculus
142551895,Aesculus
142552377,Unknown
142552570,Unknown
142552800,Quercus
142552941,Unknown
142553266,Unknown
142639485,Unknown
1426716,Unknown
142793895,Unknown
142927552,Acer
142928133,Fagus
142929610,Unknown
142930290,Unknown
142930955,Populus
143011433,Palmae
143034093,Quercus
143036452,Corvus
143036757,Mycena
143037372,Acer
143268977,Unknown
143270311,Rhizophora
143273793,Fagus
143273926,Fagus
143340888,Salix
143341162,Acer
143454327,Fraxinus
143499043,Unknown
143527988,Unknown
143538063,Limnodromus
143553715,Unknown
143570690,Fagus
143570906,Fagus
143571066,Fagus
143571276,Fagus
143571460,Fagus
143571644,Fagus
143572169,Fagus
143572632,Castanea
143572953,Castanea
143624349,Dicksonia
143634213,Corylus
143676589,Quercus
143743572,Nothofagus
143787128,Corylus
143800895,Pinus
143801633,Prunus
143809059,Quercus
143810693,Mangifera
143988866,Unknown
144007702,Cervus
144017447,Cervus
144050982,Unknown
144051470,Californicae
144051551,Californicae
144051576,Unknown
144051703,Unknown
144051776,Unknown
144148357,Unknown
144276686,Unknown
144327260,Hedycarya
144516002,Unknown
144591557,Unknown
145104329,Prunus
145163286,Sabal
145264327,Quercus
145354164,Unknown
145559731,Ficus
145560542,Redwood
145576307,Cervus
145583024,Quercus
145583373,Quercus
145837306,Arecaceae
145866676,Unknown
145895548,Nothofagus
145952936,Chestnut
14598469,Unknown
145989635,Unknown
146055569,Terminalia
146055998,Terminalia
146072248,Unknown
146129828,Ulmus
146169984,Cervus
146209731,Nothofagus
146218005,Californicae
14622274,Unknown
146257869,Platanus
146265139,Levenhookia
146267390,Acer
146267630,Acer
146267998,Fraxinus
146272623,Terminalia
146273925,Aesculus
146274451,Tilia
146274662,Acer
146274901,Acer
146294201,Terminalia
146308610,Palmae
146378588,Arecaceae
146396101,Cervus
146746068,Unknown
146748082,Unknown
146748135,Unknown
146748155,Unknown
146748170,Phoenix
146816557,Acer
146816610,Acer
146816825,Tilia
146816965,Acer
146817104,Fraxinus
146817333,Acer
146817454,Acer
146818022,Terminalia
146818025,Terminalia
146820025,Terminalia
146836147,Populus
146847903,Terminalia
146897155,Fraxinus
146969986,Phoenix
146994662,Unknown
147125405,Unknown
147167438,Pseudotsuga
147190625,Betula
147193377,Unknown
147211965,Unknown
147229635,Unknown
147312926,Unknown
147335840,Unknown
147347095,Platanus
147362467,Unknown
14742581,Unknown
147457126,Leptocottus
147514153,Unknown
147514280,Unknown
147514369,Unknown
147514706,Unknown
147514761,Unknown
147528581,Unknown
147528636,Unknown
147617756,Unknown
147618381,Unknown
147673737,Unknown
147686125,Metrosideros
147705797,Acer
147805861,Unknown
147844763,Unknown
147861451,Unknown
147969899,Unknown
147973320,Unknown
148030931,Unknown
148188036,Unknown
148189398,Unknown
148204431,Unknown
148263359,Unknown
148330531,Unknown
148331181,Unknown
148331552,Unknown
148333942,Unknown
148474874,Unknown
148535896,Arecaceae
148554040,Unknown
148554057,Cervus
148554060,Cervus
148707657,Unknown
148747269,Unknown
148761910,Cervus
148944315,Elaeis
148950449,Unknown
148971110,Fitzroya
149051252,Unknown
149051256,Unknown
149077680,Totara
149202877,Unknown
149368260,Unknown
149368572,Annona
149369236,Annona
149404826,Unknown
149410911,Attalea
149442144,Ficus
149529915,Unknown
149600475,Annona
149643430,Annona
149648289,Unknown
149683092,Phoenix
149683119,Phoenix
149683131,Phoenix
149701168,Unknown
149708521,Cyathea
149786498,Unknown
149822381,Phoenix
149924000,Acer
149943492,Cervus
150059611,Unknown
150148634,Betula
150148635,Betula
150148637,Betula
150148638,Betula
150148645,Acer
1501824,Unknown
150194790,Pinus
150196455,Cervus
150293502,Unknown
150293906,Unknown
150294426,Unknown
150294711,Unknown
150366985,Platanus
150377105,Unknown
150413735,Thuja
150532128,Alnus
150540145,Unknown
150540551,Liana
150602458,Unknown
150611549,Unknown
150611821,Unknown
150612321,Unknown
150619923,Unknown
150620087,Unknown
150620276,Unknown
150621754,Liana
150666093,Unknown
150670050,Unknown
150858834,Unknown
150970696,Mangifera
150971074,Persea
150971589,Persea
150971894,Unknown
150976149,Unknown
150976473,Unknown
150980291,Unknown
150990613,Unknown
151121606,Betula
151167924,Vitex
151183152,Unknown
151183356,Unknown
151184150,Unknown
151185458,Unknown
151185842,Unknown
151186235,Unknown
151186398,Unknown
151186874,Phoenix
151187041,Unknown
151187102,Unknown
151187332,Unknown
151192000,Unknown
151194543,Unknown
151198711,Unknown
151198783,Unknown
151264137,Annona
151264287,Annona
151264380,Annona
151264755,Annona
151265266,Annona
151283470,Unknown
151283518,Unknown
151283581,Unknown
151283627,Phoenix
151283666,Unknown
151283786,Unknown
151283829,Phoenix
151283845,Unknown
151283941,Phoenix
151283981,Phoenix
151284176,Phoenix
151284436,Phoenix
151284466,Phoenix
151284537,Phoenix
151284570,Unknown
151284755,Phoenix
151284816,Phoenix
151284940,Phoenix
151284970,Unknown
151285099,Phoenix
151285125,Phoenix
151285422,Phoenix
151285662,Unknown
151287169,Phoenix
151287210,Unknown
151287360,Phoenix
151288558,Phoenix
151288604,Unknown
151310105,Acer
151362055,Phoenix
151431696,Unknown
151431700,Unknown
151431701,Unknown
151431703,Unknown
151439035,Annona
15156559,Unknown
151779499,Cyathea
151975490,Quercus
152003081,Zonotrichia
152003082,Zonotrichia
152049428,Unknown
152103946,Unknown
152164686,Unknown
152376049,Unknown
152675859,Unknown
152713236,Unknown
152891625,Juniperus
153193946,Unknown
153208668,Quercus
153290271,Unknown
153297708,Cervus
153300228,Unknown
153373878,Cervus
15362478,Unknown
153628744,Acer
1537189,Salix
153728209,Unknown
153745089,Juniperus
153746671,Juniperus
153794590,Unknown
153825721,Unknown
153918670,Unknown
153950137,Quercus
153985723,Unknown
154094026,Sambucus
154134289,Aesculus
15413709,Unknown
154139171,Unknown
154234187,Quercus
154246428,Unknown
154272963,Thuja
154354212,Pyrus
154357206,Pyrus
154384758,Unknown
154629043,Unknown
155229987,Unknown
155235358,Unknown
155299039,Cervus
155432862,Unknown
155640939,Unknown
155696249,Juniperus
156049772,Quercus
156050069,Quercus
156204737,Micrathena
156207870,Cervus
1562172,Unknown
156252429,Unknown
156318785,Unknown
15639282,Arecaceae
156446519,Unknown
156612040,Quercus
156700040,Unknown
156769472,Unknown
156769474,Unknown
1571836,Unknown
157203622,Acer
157208322,Unknown
157308073,Unknown
157844211,Unknown
157853952,Acer
157915346,Dicksonia
158146746,Acer
158158435,Quercus
158159362,Salix
158166792,Quercus
158171057,Salix
158173171,Salix
158174445,Salix
158176391,Salix
158178026,Salix
158179512,Salix
158180794,Salix
158183716,Salix
158187213,Salix
158514808,Unknown
158780746,Unknown
159068774,Unknown
159113056,Podocarpus
159526916,Unknown
159653693,Arecaceae
159935051,Unknown
159978774,Quercus
160029182,Unknown
160192931,Rhopalostylis
160466971,Unknown
160522870,Chamaecyparis
160533140,Unknown
160533464,Picea
160533719,Picea
160539597,Quercus
160540250,Unknown
160540508,Unknown
160540663,Unknown
160596855,Morella
160796184,Terminalia
160883317,Quercus
160888686,Quercus
160921979,Picea
160974140,Arecaceae
161047910,Unknown
161082253,Quercus
161276489,Peltodoris
161277386,Turdus
161339410,Phoenix
161339460,Phoenix
161339755,Phoenix
161438940,Unknown
161450569,Levenhookia
161450571,Levenhookia
161456130,Arecaceae
161609886,Betula
161611892,Tilia
161633777,Turdus
161658076,Quercus
161659887,Acer
161660186,Acer
161660622,Acer
161680692,Unknown
161696912,Unknown
161988834,Quercus
162057591,Unknown
162090035,Ficus
162244569,Prunus
162456330,Pyrus
162485638,Unknown
162599800,Fagus
162600183,Tilia
162600590,Tilia
162600899,Fagus
162601326,Aesculus
162601612,Aesculus
162602074,Tilia
162619930,Unknown
162650512,Salix
162664593,Quercus
162687389,Quercus
162688729,Salix
162689541,Salix
163038540,Melia
163059668,Unknown
163059708,Melia
163059801,Melia
163061703,Falco
163061949,Falco
163062042,Melia
163063221,Melia
163146192,Morus
163147166,Unknown
163168484,Tilia
163172003,Unknown
163172546,Tilia
163173301,Tilia
163173929,Tilia
163174798,Tilia
163248917,Tilia
163249178,Aesculus
163250805,Turdus
163251115,Tilia
163252398,Tilia
163252471,Aesculus
163252582,Tilia
163284099,Tilia
163284173,Tilia
163284833,Tilia
163344791,Tilia
163345028,Tilia
163347245,Tilia
163348515,Tilia
163349343,Tilia
163398068,Treefern
16341510,Unknown
163453483,Cyathea
163475767,Acer
16349425,Pukatea
163518512,Robinia
163525484,Tilia
163614621,Unknown
163681212,Platanus
163844383,Unknown
163852728,Arecaceae
163910675,Alsophila
164178450,Salix
164195019,Acer
164195271,Acer
164195776,Acer
164196614,Quercus
164197115,Unknown
164255743,Spathodea
164256487,Spathodea
164277185,Unknown
164321220,Quercus
164360862,Unknown
164613783,Carpinus
164873901,Unknown
165111335,Coenonympha
165111423,Coenonympha
165279901,Nikau
165291129,Metasequioa
165299830,Fagus
165331746,Pinus
165332272,Pinus
165332614,Pinus
165333031,Betula
165333423,Unknown
165333989,Pinus
165334889,Pinus
165334998,Pinus
165541994,Chestnut
165542917,Unknown
165545019,Acer
165546232,Acer
165547924,Junco
165796207,Unknown
16581648,Unknown
165922958,Salix
166028045,Phoenix
16618662,Unknown
166190840,Melia
166192898,Unknown
166382855,Unknown
166537528,Unknown
166537531,Unknown
166760022,Pinus
16686682,Lysimachia
16686683,Lysimachia
166932509,Alnus
16711273,Phyciodes
167115309,Cervus
167215826,Salix
167230907,Cervus
167233043,Limnodromus
167233677,Tragopogon
16727613,Caulophyllum
167509875,Sabal
167581051,Unknown
167655820,Quercus
167850065,Treefern
167871356,Unknown
167876748,Acanthiza
167876907,Tilia
167943172,Aesculus
167943750,Unknown
167944471,Unknown
167944716,Platanus
167945217,Robinia
167945693,Robinia
167945839,Ulmus
167945985,Aesculus
167946158,Aesculus
167946429,Acer
167948051,Aesculus
167950678,Platanus
167952462,Robinia
168027076,Robinia
168027200,Acer
168027302,Acer
168028151,Acer
168123680,Carpinus
168129903,Arecaceae
168166460,Darevskia
168231806,Podocarpus
168241059,Unknown
168264174,Cussonia
168396268,Cecropia
168400428,Cecropia
168442677,Olearia
168541462,Phoenix
168665648,Unknown
168771185,Melia
168771354,Melia
168776453,Melia
168779997,Melia
168832069,Phoenix
168993937,Sorbus
168994355,Betula
169073028,Unknown
169121766,Unknown
169127891,Celaenorrhinus
169128136,Celaenorrhinus
169128411,Sorbus
169128520,Scandosorbus
169148289,Acer
169148821,Fraxinus
169150211,Acer
169150603,Quercus
169151828,Fraxinus
169176326,Quercus
169177427,Fraxinus
169249082,Quercus
169433845,Unknown
169523239,Unknown
169722630,Unknown
169854557,Livistona
169855008,Unknown
170067072,Trachycarpus
170129201,Unknown
170256606,Quercus
170306557,Alnus
170316660,Quercus
170316704,Quercus
17045908,Unknown
1704895,Phocoderma
170687818,Unknown
170900928,Cervus
171212653,Gleditsia
171254950,Quercus
171262885,Californicae
17137838,Metrosideros
171698572,Salix
171702098,Macrozamia
171702748,Acer
171702897,Carpinus
171714744,Salix
171714787,Unknown
171714866,Acer
171721489,Salix
171722151,Salix
171722440,Salix
171752410,Acer
171752485,Unknown
171753822,Salix
171754863,Salix
171755953,Acer
171756313,Tilia
171763649,Acer
171778195,Unknown
172063745,Phoenix
172142695,Quercus
172322722,Liquidambar
172323990,Liquidambar
172437717,Nyssa
172478277,Unknown
172478279,Unknown
172478506,Unknown
1724975,Unknown
172743277,Unknown
172743286,Unknown
172753597,Unknown
172753604,Unknown
172753605,Unknown
172753607,Unknown
172753608,Unknown
172753610,Unknown
172753611,Unknown
172753612,Unknown
172753613,Unknown
172753623,Unknown
172753624,Acer
172753627,Unknown
172753635,Acer
172753641,Acer
172753646,Unknown
172753647,Unknown
172904131,Cervus
172945297,Unknown
172998308,Fagus
17307130,Hesperocyparis
173096242,Hemlock
173192211,Quercus
173192747,Quercus
173192811,Quercus
173193403,Sorbus
173193777,Betula
173193976,Betula
173194360,Betula
173396610,Phoenix
173402735,Phoenix
173418247,Phoenix
173473325,Sequoiadendron
173492865,Phoenix
173498801,Phoenix
173530267,Unknown
173689034,Phoenix
1737631,Malus
1737667,Malus
173773027,Lauraceae
173801940,Quercus
17390896,Silver
17392740,Platanus
17403165,Unknown
174783322,Unknown
174820413,Unknown
175059558,Cervus
175697225,Acer
175822462,Unknown
17583519,Treefern
175936602,Unknown
17604383,Californicae
176086926,Unknown
176115653,Unknown
176265067,Fraxinus
176265648,Fraxinus
176265991,Fraxinus
176266939,Peltodoris
176268006,Aesculus
176268113,Aesculus
176268544,Aesculus
176269320,Tilia
176269661,Aesculus
176270112,Tilia
176271510,Tilia
176272146,Aesculus
176273634,Aesculus
176300932,Unknown
176309710,Acer
176311481,Fraxinus
176324611,Acer
176325398,Acer
176393361,Pseudotsuga
176573508,Populus
176576206,Acer
176606982,Acer
176675057,Unknown
176738370,Californicae
176745947,Tilia
176746858,Fraxinus
17685248,Unknown
1768693,Alectryon
176927969,Unknown
176928577,Unknown
176935733,Cervus
17702682,Unknown
177070461,Unknown
177132706,Treefern
177216855,Prunus
177217481,Acer
177218122,Prunus
177219914,Prunus
177221781,Prunus
177224168,Prunus
177267469,Unknown
177308943,Cervus
177381966,Acer
177382514,Aesculus
177383340,Acer
177384144,Acer
177385900,Acer
177386396,Acer
177386968,Acer
177388804,Acer
177390845,Acer
177626742,Melia
177705037,Acer
177705804,Acer
177706457,Acer
177708787,Acer
177710947,Carpinus
177711487,Carpinus
177865207,Acer
177865281,Acer
177865809,Porzana
177866371,Acer
177866997,Fagus
177868166,Acer
177869048,Acer
177869246,Acer
177962818,Acer
177963452,Sambucus
177963802,Smeringurus
177965042,Acer
177965747,Acer
177966173,Acer
177966495,Acer
177966954,Acer
177970073,Fraxinus
177970301,Fraxinus
177977746,Acer
177977782,Prunus
177977848,Acer
177977908,Unknown
177978280,Porzana
177979325,Acer
177981497,Acer
177982501,Fagus
177982847,Fagus
177983853,Acer
177984289,Acer
177984760,Corvus
177985563,Acer
177985994,Acer
177986201,Corvus
177986541,Porzana
177987194,Acer
177987832,Acer
177988272,Acer
177988931,Acer
178177003,Quercus
178182163,Aesculus
178182780,Levenhookia
178185041,Turdus
178368206,Aesculus
178369142,Peltodoris
178618823,Unknown
178686607,Magnoliopsida
178773578,Unknown
179318635,Coenonympha
179318667,Fagus
179325741,Turdus
179327196,Tilia
179327275,Tilia
179327418,Tilia
179647230,Gymnosperm
179666085,Ulmus
179886863,Unknown
179930353,Unknown
17998348,Malus
18001828,Prunus
18001895,Prunus
18002366,Prunus
18011510,Californicae
18012756,Californicae
180686825,Spiraea
180686826,Spiraea
181124375,Arecaceae
181131162,Cervus
181135802,Zaprionus
181164249,Unknown
181471925,Unknown
181471926,Unknown
181524607,Treefern
181585747,Quercus
181630523,Prunus
181735748,Quercus
181746124,Platanus
181746561,Platanus
181747002,Platanus
181747314,Platanus
181747980,Platanus
181748533,Platanus
181749070,Platanus
181749567,Platanus
181750173,Platanus
181750322,Platanus
181750641,Platanus
181751520,Platanus
181751884,Platanus
181752942,Platanus
181832846,Laurus
181893104,Peltodoris
181963647,Cyathea
182034068,Platanus
182036432,Platanus
182038012,Unknown
182038013,Unknown
182043861,Melissodes
182087549,Unknown
182109024,Arecaceae
182149139,Unknown
182165208,Quercus
182214862,Salix
182222354,Quercus
182226736,Quercus
182226900,Quercus
182237113,Californicae
182265157,Verbascum
182306169,Platanus
182311994,Fraxinus
182312463,Fraxinus
182313572,Fraxinus
182313764,Ribes
182314031,Platanus
182314627,Fraxinus
182317331,Verbascum
182332002,Fraxinus
182356735,Ribes
182418682,Unknown
1824312,Mahoe
182800703,Platanus
182910292,Unknown
183173806,Unknown
183189773,Unknown
183215082,Acer
183221264,Platanus
183225674,Prunus
183377954,Cervus
183463988,Arecaceae
183470822,Arecaceae
183470985,Agave
183471765,Montereyzypresse
183471965,Montereyzypresse
183472089,Montereyzypresse
183472129,Arecaceae
183472824,Montereyzypresse
183472974,Montereyzypresse
183473454,Montereyzypresse
183473528,Quercus
183473639,Quercus
183473722,Montereyzypresse
183473779,Quercus
183510798,Laurus
183632758,Quercus
183669287,Quercus
183669687,Pinus
183670059,Robinia
183671323,Balearica
183674449,Levenhookia
183676729,Robinia
183676795,Lycaon
183676865,Lycaon
183773583,Unknown
183822399,Cervus
183837508,Levenhookia
183858295,Acer
183858599,Populus
183859046,Unknown
183860501,Levenhookia
183921170,Unknown
183927632,Unknown
183959316,Lycaon
183963226,Passerculus
184086026,Unknown
184096918,Alnus
184131741,Unknown
184133273,Platanus
184134079,Platanus
184134144,Platanus
184140926,Platanus
184174250,Cervus
184174717,Cervus
18433010,Acer
184580773,Levenhookia
184580775,Quercus
184625419,Treefern
184769019,Salix
184909035,Carnegiea
184912452,Calidris
184912542,Calidris
184933859,Arecaceae
185120638,Neochera
185121191,Quercus
185121462,Quercus
185121779,Betula
185123150,Fagus
185148746,Cervus
185160807,Unknown
185301584,Unknown
185391036,Sula
185391059,Unknown
185398861,Acer
185399562,Acer
185399873,Acer
185400040,Acer
18542556,Calidris
185702816,Levenhookia
185745695,Cornus
185801894,Unknown
185868636,Cervus
185879725,Phoenix
18596541,Unknown
186190001,Tragopogon
186262519,Cylindropuntia
186276485,Ranunculus
186447072,Unknown
186662520,Olearia
18682086,Vaccinium
186835621,Fagus
186835852,Darevskia
186836248,Darevskia
186836523,Carpinus
186841276,Calochortus
187191405,Phoenix
187445333,Unknown
187445834,Arecaceae
187478835,Pouteria
187479618,Unknown
187480290,Unknown
187480360,Unknown
187480673,Arecaceae
187480701,Arecaceae
187480778,Arecaceae
187480823,Arecaceae
187513564,Unknown
187548296,Unknown
187550716,Pouteria
187719209,Unknown
187839065,Arecaceae
187846204,London
187899485,Unknown
187971620,Unknown
187971880,Unknown
187972817,Unknown
187974002,Unknown
187989468,Elaeis
187989700,Unknown
187989772,Unknown
187989856,Elaeis
187989963,Elaeis
187990071,Elaeis
188183211,Arecaceae
188195177,Unknown
188218282,Arecaceae
188218346,Unknown
188218934,Arecaceae
188231310,Unknown
188231486,Liana
188238927,Mangifera
188239030,Enterolobium
188239315,Enterolobium
188259446,Unknown
188289481,Unknown
188373071,Unknown
18838219,Unknown
188469278,Unknown
188469291,Unknown
188475775,Arecaceae
188484514,Unknown
188520994,Unknown
188764440,Cervus
189031867,Fringilla
189048422,Junco
18905526,Monterey
18916238,Unknown
189203597,Cervus
189251378,Tragopogon
189251385,Nannopterum
18925975,Pinus
189293663,Quercus
18937031,Unknown
189439904,Caryota
18957049,Unknown
189778620,Phoenix
189779050,Phoenix
189902720,Californicae
189993002,Cervus
19000595,Nikau
190015352,Cervus
190018979,Prosopis
190064369,Aspidosperma
190069255,Prosopis
190070639,Prosopis
190086589,Unknown
190125513,Unknown
190182961,Ficus
190204992,Unknown
190340009,Robinia
190618567,Unknown
190640067,Sorbus
19069143,Unknown
190837719,Tilia
190837762,Tilia
190965250,Unknown
19102060,Californicae
19102288,Californicae
19102330,Californicae
19102379,Californicae
19102485,Californicae
19102578,Californicae
19102609,Californicae
19102680,Californicae
191042054,Unknown
191217471,Furina
191218025,Furina
191286113,Unknown
191417615,Pinus
191470485,Terminalia
191500521,Unknown
191503966,Unknown
191522739,Acer
191549928,Unknown
191587328,Cervus
19160183,Malosma
191708238,Platanus
19176856,Procyon
191853477,Cervus
1919019,Alectryon
1919023,Melia
1919148,Melia
192023154,Procyon
1920668,Dicksonia
192217326,Cervus
192536522,Larix
192614561,Cyathea
192663570,Aesculus
19320835,Phoenix
19320856,Phoenix
19327336,Cryptomeria
193378761,Unknown
193468354,Unknown
193563924,Unknown
19361867,Alectryon
19363523,Alectryon
19364858,Alectryon
19364966,Alectryon
19365046,Alectryon
19368317,Unknown
193707750,Unknown
193798867,Acer
193811308,Acer
193912595,Unknown
19397908,Unknown
194016909,Quercus
194031116,Pinus
194031522,Unknown
194054458,Porzana
194055010,Corvus
194066911,Ficus
194187870,Cervus
194295306,Prosopis
194388752,Cervus
194412934,Nannopterum
194775815,Ficus
194993125,Acer
194994542,Acer
195112188,Unknown
195175336,Unknown
195292448,Ardea
195350836,Unknown
19536358,Prunus
195398791,Unknown
195469961,Cervus
195488781,Acer
195569927,Fraxinus
195570323,Fraxinus
195570649,Fraxinus
195570681,Fraxinus
195573130,Fraxinus
195593583,Unknown
195596971,Betula
195606747,Unknown
195611063,Acer
195658310,Unknown
195694366,Cervus
195784663,Californicae
195800195,Unknown
195804875,Columba
195879677,Unknown
195888000,Zizia
195910447,Calidris
19601326,Hesperocyparis
196064327,Unknown
196154767,Chenopodiastrum
196223176,Treefern
19628709,Hesperocyparis
196305230,Tsuga
196335540,Cyathea
196335548,Cyathea
196386089,Cervus
19645888,Unknown
196475650,Alectryon
196475652,Alectryon
196671812,Egretta
196889991,Neltuma
196898696,Lyonia
196914135,Unknown
197011680,Unknown
197070481,Cervus
197150890,Acer
197169299,Unknown
197205534,Treefern
197207572,Treefern
197231491,Prunus
19725699,Totara
19735167,Unknown
197413332,Unknown
197445746,Populus
197536934,Quercus
19777776,Unknown
197786713,Salix
197978817,Pseudacris
197984447,Terminalia
198154970,Junco
198155112,Pinus
198235204,Levenhookia
198310061,Betula
198324151,Tilia
198324322,Tilia
198368888,Tilia
198368905,Tilia
198378491,Coenonympha
198416998,Unknown
198468747,Unknown
198472864,Unknown
198477931,Quercus
198479325,Fringilla
198479932,Coenonympha
198481195,Corvus
198489166,Unknown
198504922,Unknown
198635315,Quercus
198685385,Actaea
198688359,Arecaceae
198692015,Saguaro
198754574,Arecaceae
198958012,Unknown
198964904,Diadophis
199033846,Turdus
199045394,Acer
199119289,Coenonympha
199119290,Coenonympha
199121182,Coenonympha
199221287,Mycena
199357770,Turdus
199370468,Unknown
199389285,Coenonympha
199389287,Coenonympha
199392820,Peltodoris
199556214,Unknown
199565143,Coenonympha
19963487,Unknown
199698841,Coenonympha
199711463,Unknown
199715367,Acer
199719480,Fringilla
199719485,Fringilla
199824561,Coenonympha
199825726,Darevskia
199825730,Darevskia
199830345,Darevskia
199830348,Fringilla
199830350,Coenonympha
199830355,Coenonympha
199833630,Unknown
199847747,Unknown
199879612,Arecaceae
199897111,Levenhookia
199897113,Coenonympha
199932667,Cyclarhis
200023347,Unknown
200111424,Unknown
200120810,Coenonympha
200204200,Tsuga
200240282,Unknown
200248880,Unknown
200376856,Unknown
200638829,Unknown
200648532,Pinus
200716740,Cervus
20076133,Arecaceae
200891631,Unknown
200943967,Enterolobium
200944230,Enterolobium
201102160,Banksia
2011069,Unknown
2011070,Unknown
2011074,Unknown
2011075,Unknown
201174031,Fagus
201179883,Unknown
201180021,Unknown
201191310,Unknown
201292976,Coenonympha
201301031,Coenonympha
201374352,Unknown
201415574,Cervus
201454539,Unknown
20156461,Cervus
201602411,Unknown
201602551,Unknown
201611853,Coenonympha
201629663,Coccoloba
201629733,Coccoloba
201629841,Coccoloba
201765901,Unknown
201997105,Metrosideros
2020484,Phoenix
202061811,Populus
202079984,Fringilla
202088704,Acanthiza
202155716,Unknown
202310527,Unknown
202417388,Quercus
202422739,Unknown
202445769,Quercus
202569216,Unknown
202593739,Unknown
202671925,Sorbus
202812189,Sabal
202927708,Cyathea
202928545,Treefern
202938358,Unknown
202976601,Anartia
202976607,Anartia
202985913,Quercus
203068082,Cyathea
203093538,Fringilla
203383847,Populus
203538339,Unknown
203563851,Platanus
203658694,Sabal
203870488,Populus
203883661,Cervus
203904305,Populus
203926541,Phellodendron
203926574,Corvus
203930244,Fagus
204000723,Unknown
204003808,Aesculus
204004568,Tilia
204006431,Acer
204006582,Unknown
204007949,Acer
204008234,Acer
204008782,Acer
204009066,Acer
204010452,Unknown
204011606,Acer
204012002,Unknown
204012258,Acer
204018960,Unknown
204044153,Unknown
204044285,Unknown
204059864,Unknown
204060779,Unknown
204117569,Unknown
204117659,Acer
204123794,Eucalyptus
20414516,Wheki
204146230,Unknown
204146482,Unknown
204146612,Oryx
204163730,Aesculus
204193448,Unknown
204318688,Platanus
204318692,Unknown
204515348,Acer
204680060,Arecaceae
204704969,Angophora
204773922,Unknown
204905537,Acer
204926795,Acer
205168357,Unknown
205437058,Cyathea
205472563,Xanthorrhoea
205791456,Unknown
206075499,Quercus
206122896,Unknown
206194853,Thuja
206212203,Quercus
206251927,Quercus
206512263,Tsuga
206588687,Unknown
206588757,Salix
206655728,Pyrus
206662841,Ardea
206662842,Ardea
206988907,Unknown
207201854,Unknown
207203253,Fringilla
207244080,Castanea
207269003,Pinus
207311711,Unknown
207341193,Quercus
207452716,Platanus
207538855,Tilia
207551023,Salix
207552970,Salix
207554320,Unknown
20780572,Unknown
208070088,Quercus
208096584,Prunus
20814325,Californicae
20814532,Californicae
208273033,Nyssa
208324776,Unknown
208324853,Unknown
208324876,Unknown
208529127,Salix
208534282,Salix
208534400,Salix
208534563,Salix
208534743,Salix
208534856,Salix
208534975,Salix
208535237,Salix
208558910,Unknown
208635563,Unknown
20870186,Unknown
208770632,Quercus
208770636,Quercus
208781618,Salix
208809763,Cypress
208820415,Quercus
208892823,Unknown
208957551,Potentilla
209100907,Persian
20933160,Californicae
20933229,Unknown
20933283,Calidris
209442389,Populus
209443378,Populus
20974159,Californicae
20974223,Californicae
209815775,Unknown
209836186,Unknown
209935864,Unknown
209936466,Unknown
209956455,Unknown
210233456,Unknown
210279627,Unknown
210599265,Pinus
2106273,Broadleaf
210635972,Phoenix
21075034,Sambucus
210769127,Unknown
210792855,Fagus
210793596,Fagus
210795182,Fagus
210795842,Unknown
210796798,Quercus
210797318,Quercus
210805345,Unknown
210809792,Quercus
210872619,Unknown
211195231,Cervus
211859224,Quercus
211925849,Unknown
21223992,Macrocarpa
212507579,Unknown
212617692,Quercus
212617759,Quercus
212617860,Quercus
212617895,Acer
212618040,Acer
212618138,Fraxinus
212621489,Fraxinus
21267933,Californicae
212821125,Nolina
21290936,Unknown
212913864,Betula
212920498,Betula
21305590,Monterey
213073901,Quercus
213096135,Diasporus
21334669,Quercus
213350337,Unknown
213374252,Unknown
213374253,Unknown
213572686,Unknown
213918937,Spitzahorn
214016959,Unknown
214162651,Adansonia
214168809,Unknown
214399699,Robinia
214586316,Tilia
214586491,Liriodendron
214586697,Tilia
214586852,Tilia
214587094,Quercus
214587423,Acer
214587567,Robinia
214587998,Robinia
214588591,Populus
214592655,Populus
214593093,Populus
214601193,Robinia
214601743,Carpinus
214623577,Quercus
214627449,Platanus
214636885,Platanus
214641776,Platanus
214651475,Unknown
214700534,Unknown
214754723,Unknown
215069195,Arecaceae
215069196,Arecaceae
215154951,Phoenix
215155240,Phoenix
215192817,Phoenix
21523814,Unknown
21525337,Unknown
215268077,Tragopogon
215369961,Unknown
215371821,Unknown
215400300,Unknown
215443708,Quercus
215467576,Fagus
215468213,Peltodoris
215469871,Acer
215477623,Porzana
215494613,Coast
215740589,Prunus
215962853,Phyllodesmium
21598998,Leucorrhinia
216038031,Nolina
216059606,Acer
216079921,Acer
216087487,Turdus
216089056,Turdus
216089696,Turdus
216167238,Acanthiza
216167239,Acanthiza
216293448,Acanthiza
216634879,Quercus
216652811,Arecaceae
216817692,Arecaceae
216846664,Unknown
217011820,Betula
217021343,Tilia
217026178,Tilia
217027525,Fagus
217037838,Acer
217038019,Aesculus
217038072,Unknown
217038359,Fraxinus
217040396,Prunus
217040610,Acer
217040991,Fraxinus
217041359,Quercus
217081524,Acer
217230617,Picea
217535826,Unknown
217637127,Pinus
217644237,Unknown
21765581,Unknown
217693650,Salix
21772266,Unknown
218062409,Prunus
218163320,Platanus
21818696,Anartia
218302853,Casuarina
218306796,Unknown
218311358,Pantherophis
218331238,Unknown
218408988,Quercus
218656093,Phoenix
218673252,Acer
218674549,Unknown
218890692,Levenhookia
218892201,Tragopogon
219037836,Unknown
219039502,Unknown
219039503,Unknown
219230331,Unknown
219274974,Turdus
219276372,Turdus
219276994,Turdus
219277393,Turdus
219278282,Turdus
219288595,Turdus
219288896,Turdus
219306503,Turdus
219307437,Turdus
219308385,Turdus
219309198,Turdus
219310123,Turdus
219312828,Metasequioa
219313690,Metasequioa
219474716,Unknown
219551712,Unknown
219591903,Unknown
219666949,Unknown
219739521,Unknown
219745136,Aesculus
219755327,Tilia
219755545,Quercus
219755637,Acer
219756676,Aesculus
219757336,Tilia
219771770,Quercus
22001931,Eastern
220116595,Neltuma
220122565,Unknown
220148410,Platanus
220205087,Kunzea
220271533,Salix
220354461,Unknown
220358860,Neltuma
220361516,Neltuma
220432402,Turdus
220433203,Coenonympha
220433714,Coenonympha
220479855,Trichocereus
220484522,Prosopis
220718873,Unknown
220721492,Unknown
220829449,Quercus
220832779,Fagus
220834106,Fagus
220836480,Carpinus
220847386,Unknown
220939073,Unknown
221020254,Unknown
221127031,Unknown
221166924,Prosopis
221374534,Turdus
221382627,Quercus
221450009,Unknown
221500504,Prunus
221508486,Unknown
221508588,Unknown
221626707,Unknown
221681109,Quercus
221791332,Unknown
221900652,Quercus
221908685,Unknown
222111841,Quercus
222200037,Likely
222201064,Tragopogon
222201881,Tragopogon
222312740,Unknown
222379155,Unknown
222483087,Junco
222500633,Junco
222500635,Afrixalus
222500640,Afrixalus
222615101,Acer
222616904,Acer
222810510,Quercus
222810834,Arecaceae
222811064,Betula
22288201,Arecaceae
222990175,Unknown
223004904,Unknown
223004908,Unknown
223031435,Unknown
223087466,Unknown
223129028,Unknown
223298185,Turdus
223298824,Turdus
223313081,Unknown
223376794,Turdus
223420153,Unknown
223494351,Haliaeetus
223582346,Quercus
223631950,Pinus
22374306,Populus
223745806,Salix
223745944,Salix
223760670,Liriodendron
223761880,Liriodendron
223841135,Tabebuia
223932974,Dicksonia
223941220,Acanthiza
223971922,Quercus
224145776,Unknown
224151102,Turdus
224151651,Tragopogon
224156807,Nannopterum
224157112,Nannopterum
224158123,Diadophis
224159276,Cepaea
224159762,Cepaea
224160543,Cepaea
224161103,Cepaea
22416720,Cervus
22424472,Acer
224294635,Pinus
224349510,Treefern
224357747,Quercus
224358324,Quercus
224395587,Unknown
224560559,Unknown
224828848,Salix
224829244,Betula
224829436,Robinia
224840644,Cepaea
224841119,Cepaea
224842032,Cepaea
224846812,Nannopterum
224847319,Nannopterum
224848121,Nannopterum
224848665,Peltodoris
224850435,Corvus
224851137,Chenopodiastrum
224851753,Turdus
224852400,Nannopterum
224852910,Nannopterum
224856022,Peltodoris
224856508,Peltodoris
224857774,Peltodoris
224858793,Peltodoris
224859186,Corvus
224860911,Cepaea
224861902,Cepaea
224863158,Cepaea
224863962,Corvus
224864823,Peltodoris
224866031,Peltodoris
224866857,Peltodoris
224870080,Peltodoris
224875610,Unknown
225007932,Sorbus
225265669,Acanthiza
225269224,Peltodoris
225273508,Peltodoris
225273909,Peltodoris
225274332,Peltodoris
225275054,Peltodoris
225275849,Nannopterum
225276689,Nannopterum
225277313,Nannopterum
225279286,Corvus
225288692,Nannopterum
225289249,Nannopterum
225289802,Nannopterum
225290739,Nannopterum
225296622,Pinus
22537517,Unknown
225473433,Unknown
22551448,Unknown
225682999,Unknown
226028636,Unknown
226309263,Unknown
226349349,Carpinus
226351502,Carpinus
226353443,Carpinus
226359443,Salix
226361135,Quercus
226363114,Acer
226364253,Quercus
226365615,Quercus
226367173,Quercus
226368637,Quercus
226369168,Quercus
226369834,Quercus
226371540,Unknown
226371672,Unknown
226418731,Unknown
226664818,Unknown
226780193,Unknown
226861095,Unknown
226895682,Nannopterum
226922624,Unknown
227071802,Treefern
227140437,Unknown
227190384,Unknown
227252789,Gingko
227252917,Gingko
227253181,Unknown
227254068,Unknown
227254103,Unknown
227392924,Unknown
227419918,Pinus
227422067,Gingko
227430108,Cinnamomum
227430299,Aphananthe
227435678,Cinnamomum
227435966,Cinnamomum
227438260,Treefern
227452750,Unknown
227452988,Unknown
227462358,Unknown
227469854,Unknown
227470815,Unknown
227471328,Unknown
227639846,Platanus
227645487,Unknown
227646331,Cinnamomum
227646819,Aphanante
227653016,Unknown
227661707,Unknown
227668880,Unknown
227706347,Aphananthe
227718573,Unknown
227883114,Cinnamomum
227959590,Unknown
227973614,Unknown
227977558,Unknown
227988515,Unknown
228127208,Unknown
228128573,Unknown
228184206,Acer
228184474,Unknown
228208026,Darevskia
228208531,Levenhookia
228209142,Corvus
228209509,Turdus
228209810,Turdus
228210436,Nannopterum
228211083,Nannopterum
228211663,Nannopterum
228212875,Nannopterum
228213667,Nannopterum
228214225,Nannopterum
228214401,Unknown
228214510,Nannopterum
228215270,Nannopterum
228215683,Nannopterum
228215998,Nannopterum
228309550,Unknown
228318710,Unknown
228318747,Unknown
228318847,Unknown
228318952,Sorbus
228319002,Douglasie
228319202,Unknown
228319343,Unknown
228319540,Unknown
228319661,Unknown
228353060,Unknown
228360803,Unknown
228363632,Unknown
228366862,Quercus
228417801,Unknown
228430726,Unknown
228430808,Unknown
228530911,Unknown
228531918,Tsuga
228532342,Tsuga
228532545,Salix
228533088,Salix
228534036,Ulmus
228534792,Quercus
228536451,Quercus
228537073,Quercus
228538396,Unknown
228566572,Unknown
228581230,Cryptomeria
228606724,Agathis
228730915,Arecaceae
228737476,Unknown
228790767,Unknown
228799784,Afrixalus
228800490,Lycaon
228801998,Coenonympha
228815675,Nannopterum
228859421,Unknown
228923596,Unknown
228931850,Acer
228946235,Unknown
228946633,Unknown
228946804,Unknown
228951759,Pinus
228956657,Prunus
228956803,Prunus
228966925,Unknown
228967083,Unknown
228968462,Unknown
228974463,Unknown
229024890,Unknown
229087046,Corvus
229145407,Unknown
229170299,Prunus
229172964,Unknown
22927812,Treefern
229410701,Prunus
229411427,Prunus
229646176,Arecaceae
229646256,Arecaceae
229646262,Arecaceae
229646288,Unknown
229646344,Arecaceae
229654539,Same
229654879,Arecaceae
229657175,Unknown
229657492,Arecaceae
229658387,Oalm
229841766,Unknown
229868211,Celtis
229886788,Celtis
229904891,Unknown
230045914,Unknown
230073421,Unknown
230212900,Unknown
230243000,Unknown
230263580,Cervus
230413484,Ceiba
230429404,Prunus
230434376,Pinus
230448208,Unknown
230591646,Cervus
230663016,Unknown
230665807,Unknown
230687243,Cinnamomum
230701901,Cinnamomum
230702074,Cinnamomum
230737815,Unknown
23081786,Unknown
230996809,Jacaranda
231144254,Prunus
231144996,Prunus
231145287,Prunus
231280083,Cervus
231429842,Unknown
231499192,Cervus
231499220,Cervus
231526045,Arecaceae
231538541,Unknown
231543022,Unknown
231553161,Celtis
231554018,Lagerstroemia
231558255,Cinnamomum
231558393,Cedrus
231568519,Cinnamomum
231599164,Unknown
231599397,Unknown
231695547,Quercus
231899468,Salix
231899470,Salix
231920870,Unknown
231924074,Unknown
231943716,Unknown
231956262,Unknown
231979318,Pinus
23205117,Unknown
23209938,Unknown
23213144,Unknown
23214172,Unknown
232168679,Treefern
232176548,Unknown
232244665,Arecaceae
232359808,Prunus
232434626,Unknown
232615914,Unknown
232640066,Prunus
232693460,Unknown
232785003,Unknown
232799667,Platanus
232821969,Unknown
232839238,Unknown
232850861,Unknown
232855724,Unknown
233217667,Cercidiphyllum
233220922,Liana
233222440,Aesculus
233300110,Aesculus
233369160,Quercus
233559031,Unknown
233649480,Unknown
233649989,Unknown
233777239,Quercus
233887571,Unknown
233900741,Sorbus
233960994,Unknown
233961791,Aesculus
233980895,Acer
234014106,Acer
234133238,Unknown
234139394,Neochera
234141074,Neochera
234145099,Lycaon
234146956,Lycaon
234150805,Melinis
234301446,Nereis
234301689,Nereis
234301867,Nereis
234302091,Nereis
234303339,Nereis
234303871,Nereis
234306132,Levenhookia
234306404,Levenhookia
234307032,Levenhookia
234381862,Quercus
234413443,Unknown
234504726,Melinis
234507291,Cepaea
234508127,Novaculichthys
234508738,Nannopterum
234509429,Nannopterum
234511403,Coenonympha
234512240,Coenonympha
234513377,Coenonympha
234591786,Pseudotsuga
234592517,Acer
235087847,Betula
235419281,Unknown
235684459,Unknown
235687700,Cepaea
235795577,Acer
235971335,Juglans
235971545,Carpinus
235973635,Carpinus
236031763,Carpinus
236036393,Robinia
236038189,Phoenix
236048110,Unknown
236172471,Titoki
236280434,Unknown
236288880,Prunus
236485634,Levenhookia
2365542,Cyathea
236662624,Sequoia
236708855,Robinia
236749775,Phoenix
236773575,Catalpa
236805394,Unknown
236982360,Unknown
237041641,Cyathea
237104050,Treefern
237302583,Unknown
237628574,Morella
23770241,Cervus
237779049,Pseudotsuga
237944549,Unknown
238220684,Unknown
238221332,Unknown
238229791,Quercus
238328111,Phoenicopterus
238380611,Dicksonia
238384757,Fringilla
238573218,Pittosporum
238717077,Unknown
238810464,Unknown
239108874,Unknown
239307816,Acer
239311549,Acer
239516696,Acer
239516740,Acer
239519138,Quercus
239577771,Darevskia
239578285,Cepaea
239578894,Turdus
239580000,Cepaea
239580649,Neochera
239735937,Alnus
239739074,Alnus
239739076,Alnus
239917388,Acer
239918313,Salix
239918986,Aesculus
239919773,Unknown
239922947,Cervus
240518126,Unknown
240544744,Unknown
240556612,Tilia
241142370,Acer
241149127,Cervus
241234637,Acer
241235782,Quercus
241236838,Quercus
241237814,Quercus
241238993,Dicksonia
241240473,Quercus
241241331,Quercus
241596139,Quercus
241596612,Quercus
241599212,Acer
241600858,Acer
241601366,Acer
241602153,Acer
241604940,Acer
241606084,Acer
241607662,Acer
241608528,Acer
241609703,Betula
241611501,Acer
24169547,Californicae
24169548,Californicae
241794356,Unknown
24185319,Unknown
241939611,Salix
241988287,Unknown
242166604,Unknown
242200409,Acer
242202201,Betula
242203710,Betula
242204549,Betula
242205221,Betula
242206119,Betula
242207005,Betula
242209678,Betula
242210893,Betula
242211928,Unknown
242213166,Betula
242213725,Betula
242214400,Betula
242214872,Betula
242215733,Betula
242216159,Betula
242219469,Betula
242220040,Acer
242221461,Acer
242222279,Acer
242230078,Carpinus
242231278,Fraxinus
242232181,Acer
242233383,Quercus
242234398,Betula
242463461,Nannopterum
242539319,Unknown
242734585,Aesculus
242761401,Unknown
242814634,Acer
242815442,Acer
242816846,Fraxinus
242818660,Salix
242819126,Salix
242819847,Salix
242847788,Nannopterum
242943479,Phoenix
242943586,Phoenix
242966343,Cervus
243138140,Fraxinus
24324818,Unknown
243258499,Cyathea
243290253,Unknown
243304137,Salix
243306014,Acer
243307169,Acer
243308073,Unknown
243310976,Unknown
243311966,Alnus
243313603,Alnus
243318498,Acer
243323235,Acer
243324290,Acer
243369675,Salix
243373731,Tilia
243379593,Acer
243381133,Quercus
243383951,Acer
243388561,Acer
243391135,Quercus
243394821,Acer
243400240,Acer
243402597,Acer
243408751,Acer
243416975,Carpinus
243420498,Quercus
243462607,Crinodendron
243466933,Acer
243468642,Acer
243472124,Fagus
243473872,Fagus
243484174,Acer
243485339,Acer
243486791,Acer
243488482,Salix
243490470,Salix
243491406,Acer
243528646,Aesculus
243529476,Aesculus
243530252,Aesculus
243581861,Arecaceae
243634162,Sideroxylon
243727690,Aesculus
243728551,Aesculus
243730534,Aesculus
243732158,Aesculus
243733475,Aesculus
243734433,Acer
243735387,Acer
243738892,Aesculus
243739307,Aesculus
243740681,Acer
243742744,Aesculus
243743390,Acer
243743874,Acer
243745862,Rhamnus
243746578,Acer
243746907,Acer
243747781,Acer
243748470,Acer
243749355,Quercus
243751162,Aesculus
243751741,Cervus
243751796,Cervus
243751987,Tilia
243752512,Tilia
243753047,Tilia
243753497,Tilia
243753952,Acer
243754288,Acer
243754875,Fagus
243755204,Quercus
243755996,Carpinus
243756418,Quercus
243777158,Catalpa
244058983,Unknown
244235247,Unknown
244564328,Unknown
244567177,Xylocopa
244595846,Unknown
244605821,Unknown
244872080,Acer
244874534,Acer
244879391,Acer
244879425,Acer
244879511,Acer
244881138,Acer
244881454,Acer
244904605,Phoenix
244905280,Unknown
244908874,Nannopterum
244908937,Nannopterum
245051993,Juniperus
245110637,Fringilla
245110686,Junco
245193978,Aesculus
245382271,Pterocelastrus
245632014,Xerophyte
245651344,Unknown
245673058,Cyathea
246154895,Turdus
246155559,Corvus
246156034,Corvus
246156804,Lycaon
246157125,Lycaon
246158518,Populus
246159129,Tragopogon
246179568,Unknown
246735246,Dicksonia
247234421,Crape
247305155,Unknown
247313703,Unknown
247435525,Unknown
247446161,Unknown
247541371,Salix
247757721,Unknown
247847431,Tilia
247929519,Unknown
248092670,Arecaceae
248428496,Micrathena
248546494,Nothofagus
248671945,Platanus
248719440,Cervus
248719443,Cervus
248719454,Cervus
248719455,Cervus
2488732,Unknown
249175669,Unknown
249428539,Liriodendron
249494701,Phoenix
249550699,Treefern
249554654,Aesculus
249554949,Aesculus
249680279,Unknown
249879925,Unknown
250246341,Cyathea
250280317,Juniperus
250347874,Unknown
2504690,Butia
2504699,Butia
250537383,Erica
2505495,Levenhookia
250563727,Unknown
250578805,Unknown
250837935,Nothofagus
250930725,Junco
250930726,Junco
250930727,Junco
250944188,Unknown
251052916,Platanus
251113623,Unknown
251124483,Unknown
251229039,Unknown
251284108,Treefern
251333760,Platanus
251431976,Unknown
251488429,Unknown
251575187,Unknown
251657201,Unknown
251672514,Unknown
251684893,Unknown
251685654,Unknown
251753574,Unknown
251925195,Unknown
251945514,Serenoa
252002150,Unknown
252308087,Phoenix
252322401,Neltuma
252373894,Peltodoris
252400369,Unknown
252640388,Unknown
252643679,Cervus
252758398,Phoenix
252758572,Phoenix
252758778,Phoenix
252758902,Phoenix
252759014,Unknown
252819822,Unknown
252823639,Unknown
252854380,Quercus
252944250,Acer
253034545,Tarchonanthus
253099990,Acer
253296502,Platanus
253317502,Quercus
253353565,Treefern
253399430,Unknown
253436554,Arecaceae
253436558,Arecaceae
253436561,Arecaceae
253458402,Unknown
253479108,Unknown
253501009,Unknown
253558061,Acer
25363320,Quercus
253720481,Eucalypteae
253734708,Fraxinus
253735151,Fraxinus
253735226,Unknown
253736269,Fagus
253739349,Fagus
253753844,Acer
253764535,Tilia
253764881,Unknown
253765805,Aria
254028451,Aria
254159676,Unknown
254345451,Cervus
254424145,Acer
254434479,Unknown
254506207,Unknown
254511843,Unknown
254549035,Arecaceae
254628566,Phoenix
254681841,Fagus
254823406,Cervus
254882272,Alsophila
254986129,Unknown
254993416,Taxodium
255046276,Alectryon
255066732,Unknown
255076761,Cervus
255145686,Unknown
255374822,Unknown
255587277,Unknown
255655209,Phoenix
255684656,Arecaceae
255873616,Acer
255937949,Phoenix
256164874,Unknown
256194995,Unknown
256209921,Trachycarpus
256228527,Unknown
256312967,Unknown
256439047,Unknown
256529718,Unknown
256558834,Unknown
256682292,Unknown
256689243,Unknown
257076627,Unknown
257081859,Unknown
257122306,Unknown
25722845,Unknown
257365625,Unknown
257380055,Unknown
257462717,Cervus
257532061,Unknown
257677890,Treefern
257691889,Salix
257718118,Unknown
257743656,Calidris
257882817,Pittosporum
257910491,Ficus
258024561,Arecaceae
258279382,Quercus
258279447,Quercus
258400913,Unknown
258457839,Darevskia
258495095,Unknown
258572943,Unknown
258639213,Tilia
258645907,Unknown
258769536,Consolea
258772981,Consolea
258844682,Dicksonia
258848911,Unknown
258870133,Unknown
258954388,Acer
259193503,Crataegus
259193805,Salix
259193809,Salix
259193812,Salix
259245331,Arecaceae
259256006,Unknown
259258191,Celtis
259333385,Celtis
259411045,Unknown
259425378,Unknown
259496902,Cervus
259702054,Unknown
259704622,Ficus
259731527,Phoenix
259731528,Phoenix
259731529,Arecaceae
259731534,Phoenix
259745325,Unknown
259746586,Arecaceae
259746981,Arecaceae
259910287,Unknown
259934879,Arecaceae
259971241,Phoenix
259984751,Unknown
259985075,Samanea
259985173,Unknown
259987746,Samanea
259992491,Ceiba
259995147,Samanea
260001374,Unknown
260007775,Prunus
260007776,Prunus
260040925,Unknown
260144093,Unknown
260305579,Platanus
260305735,Platanus
260305832,Platanus
260305921,Platanus
260397062,Unknown
260423042,Arecaceae
26043029,Unknown
260533920,Unknown
260660575,Unknown
260755717,Unknown
260775969,Elaeocarpus
260849101,Annona
260849727,Unknown
260944105,Unknown
260971671,Unknown
260971824,Unknown
260999660,Unknown
26103541,Cactus
26103543,Cactus
26104064,Consolea
261046550,Unknown
26104705,Unknown
26104706,Cactus
261071857,Unknown
261076270,Annona
261112070,Unknown
261115216,Ligustrum
261121429,Ligustrum
261121550,Magnolia
261258231,Unknown
26144776,Unknown
261457156,Annona
261477245,Unknown
261517092,Unknown
261540067,Salix
26160713,Unknown
261652448,Unknown
261725271,Unknown
261837125,Sambucus
261837388,Castanea
261940864,Phoenix
262204629,Acer
262378230,Nuxia
262426383,Unknown
262756595,Treefern
2627651,Unknown
262782327,Unknown
262798047,Unknown
262804064,Unknown
263052934,Platanus
2630877,Cyathea
263090534,Quercus
263095018,Unknown
263290825,Podilymbus
263290826,Podilymbus
263360400,Ligustrum
263363257,Quercus
263364919,Ceratonia
263368636,Platanus
263368797,Tilia
263369057,Unknown
263370485,Quercus
263442156,Salix
263482506,Unknown
263486582,Unknown
263489276,Magnolia
263511979,Pinus
263523492,Unknown
263707328,Dicksonia
263780064,Unknown
263956010,Cyathea
263973866,Unknown
263975445,Unknown
263977127,Unknown
264115984,Unknown
264544862,Unknown
264599952,Unknown
264868550,Unknown
264876228,Treefern
265076073,Unknown
2651894,Unknown
265190969,Levenhookia
265218129,Phoenix
265271071,Unknown
265429599,Cervus
265429793,Cervus
265545243,Platanus
265546043,Platanus
265565153,Unknown
265606563,Arecaceae
265639419,Unknown
265710500,Unknown
265781165,Pseudotsuga
265796281,Unknown
265814687,Arecaceae
265859819,Phoenix
265859976,Phoenix
266010142,Robinia
266200540,Californicae
266201947,Unknown
266202690,Unknown
266202761,Unknown
266202899,Californicae
266203040,Californicae
266203095,Californicae
266203380,Unknown
266203422,Californicae
266203465,Unknown
266203657,Unknown
266203780,Unknown
266203842,Unknown
266203889,Californicae
266203937,Californicae
266204004,Californicae
266204040,Californicae
266204074,Californicae
266204130,Californicae
266204211,Californicae
266204274,Californicae
266204389,Californicae
266204453,Californicae
266204562,Californicae
266204650,Californicae
266224745,Unknown
266270735,Unknown
266328100,Unknown
266328455,Unknown
266342318,Unknown
266400140,Unknown
266416376,Quercus
266595207,Acer
266595213,Acer
266701489,Unknown
266702117,Unknown
266702476,Unknown
266702779,Unknown
266809319,Unknown
266809512,Unknown
266828453,Arecaceae
266856485,Unknown
267006647,Unknown
267007049,Unknown
267007293,Unknown
267008124,Unknown
267008392,Unknown
267008730,Unknown
267060703,Ligustrum
267185760,Unknown
2671862,Alectryon
267232678,Arecaceae
267251216,Arecaceae
267251245,Phoenix
267274510,Treefern
267488362,Unknown
267514158,Platanus
267516011,Unknown
267598347,Fagus
267603245,Metrosideros
267811851,Quercus
267819456,Unknown
267869870,Arecaceae
267875872,Unknown
267931412,Oscillatoria
267964156,Eucalyptus
268109385,Unknown
268126410,Tilia
268352994,Elanus
268358934,Hirundo
268533523,Platanus
268585419,Diadophis
268715815,Prunus
268782097,Unknown
269225834,Unknown
269226072,Unknown
269265734,Robinia
269266147,Robinia
269376046,Quercus
269407562,Unknown
269420639,Eucalyptus
269666438,Quercus
269751877,Alnus
269752730,Alnus
269754172,Crataegus
269754645,Quercus
269756429,Quercus
269768387,Fagus
269778364,Calidris
26982712,Unknown
26988097,Unknown
269910069,Unknown
269910264,Unknown
269910315,Unknown
269911104,Tree
269911527,Unknown
269911946,Unknown
269911982,Unknown
269912127,Unknown
269912315,Schinus
269912557,Cyathea
269912694,Cyathea
269913226,Unknown
269913435,Unknown
269913675,Robinia
269913866,Robinia
269914170,Robinia
269914407,Banksia
269914750,Banksia
269914854,Unknown
269915699,Unknown
269916189,Acacia
269916324,Robinia
269916841,Robinia
269917165,Unknown
269917486,Unknown
269917516,Unknown
269918063,Treefern
270022558,Unknown
270227233,Unknown
270377418,Unknown
270377907,Unknown
27044617,Unknown
27045216,Unknown
270460062,Prunus
27046902,Unknown
27047027,Unknown
27047371,Unknown
270574777,Unknown
270576463,Unknown
270577978,Unknown
270578414,Unknown
270578746,Unknown
270579237,Unknown
270579726,Unknown
270580380,Unknown
270581339,Unknown
270623800,Aesculus
270748902,Unknown
270750114,Unknown
270750890,Unknown
270751607,Unknown
270752590,Unknown
270753307,Unknown
270755161,Unknown
270755831,Unknown
270756363,Unknown
270756990,Unknown
270759249,Unknown
270760552,Unknown
270761405,Unknown
270762439,Unknown
270763847,Unknown
270796107,Unknown
270823468,Fringilla
270956557,Unknown
270957783,Unknown
270958524,Unknown
270974337,Unknown
270991012,Acer
270992382,Unknown
270992840,Acer
271003276,Acanthiza
271158367,Unknown
271158949,Unknown
271278119,Arecaceae
271278745,Arecaceae
271356423,Unknown
271467951,Red
271472996,Platanus
271507292,Unknown
271507583,Unknown
271526141,Unknown
271557866,Unknown
271721529,Unknown
271847138,Angophora
271853886,Unknown
271855174,Unknown
271856339,Unknown
271857555,Unknown
271859398,Unknown
271904312,Platanus
271927433,Unknown
271985036,Unknown
272021792,Acer
272402245,Fagus
272403824,Quercus
272444679,Unknown
272574595,Unknown
272591787,Unknown
272728028,Ligustrum
272729677,Magnolia
272825778,Eugenia
273184547,Unknown
273246710,Olea
273593443,Quercus
273621860,Unknown
273624291,Unknown
273626574,Unknown
273629045,Unknown
273630618,Unknown
273633631,Unknown
273680763,Unknown
273891365,Prunus
274010983,Unknown
2740800,Thalasseus
274160574,Unknown
274207385,Liriodendron
2743049,Ulmus
274435262,Unknown
274439270,Unknown
274442832,Unknown
274446048,Unknown
274446224,Unknown
274448366,Unknown
274452324,Unknown
274497998,Unknown
27463218,Unknown
274706392,Betula
275093091,Liriodendron
275102351,Acer
275158188,Unknown
275175661,Unknown
275179913,Unknown
275185129,Unknown
275188347,Unknown
275192901,Unknown
275197417,Unknown
275219269,Unknown
275229251,Californicae
275567648,Unknown
27573676,Unknown
276457947,Unknown
276459943,Unknown
276762989,Aesculus
276766048,Unknown
276876322,Unknown
277374436,Quercus
277395184,Acer
277611250,Sophora
277630707,Carpinus
277636800,Quercus
277636803,Quercus
277636807,Crataegus
277636813,Crataegus
277636816,Crataegus
277642758,Crataegus
277642765,Crataegus
277642767,Crataegus
277642770,Crataegus
277642771,Crataegus
277642779,Crataegus
277642780,Crataegus
277653933,Salix
277653935,Salix
277653936,Salix
277653938,Salix
277653940,Salix
277655038,Salix
277655040,Salix
277655749,Salix
277655750,Salix
277656597,Salix
277657055,Salix
277657434,Salix
277659314,Fern
277659951,Salix
277659955,Salix
277659957,Salix
277660759,Salix
277662352,Salix
277662353,Salix
277662354,Salix
277662798,Hesperocyparis
277663743,Salix
277663744,Salix
277669262,Fraxinus
277670217,Salix
277672329,Salix
277672330,Salix
277672331,Salix
277672333,Salix
277672334,Salix
277672992,Salix
277673494,Salix
277675470,Salix
277675471,Salix
277675473,Salix
277711076,Salix
277711078,Salix
277711080,Salix
277711081,Salix
277711082,Salix
277711084,Salix
277711086,Salix
277711093,Salix
277713073,Salix
277713074,Salix
277713075,Salix
277713088,Salix
277714330,Salix
277714333,Salix
277715331,Salix
277715334,Salix
277716380,Salix
277750760,Robinia
277892330,Unknown
277925474,Unknown
27799750,Nikau
278305056,Salix
278305058,Salix
278305059,Salix
278306669,Salix
278306671,Salix
278306674,Salix
278306675,Salix
278307057,Salix
278308720,Salix
278308725,Salix
278308727,Salix
278308729,Salix
278310204,Alnus
278310210,Salix
278310214,Salix
278312060,Salix
278312064,Salix
278312065,Salix
278312066,Salix
278314671,Hesperocyparis
278314839,Salix
278314843,Salix
278314844,Salix
278314849,Salix
278314850,Salix
278318320,Salix
278318321,Salix
278318324,Salix
278318325,Salix
278319754,Salix
278319758,Salix
278319759,Salix
278319760,Salix
278321962,Salix
278321963,Salix
278321970,Salix
278321974,Salix
278321975,Salix
278321976,Salix
278321978,Salix
278323301,Salix
278323307,Salix
278327485,Salix
278327486,Salix
278327488,Salix
278327493,Salix
278327494,Salix
278327495,Salix
278327498,Salix
278327499,Salix
278327938,Salix
278332228,Salix
278332240,Salix
278332243,Salix
278332244,Salix
2783452,Acer
278605430,Pinus
278671989,Salix
278671990,Salix
278671992,Salix
278671993,Salix
278671994,Salix
278671997,Salix
278671999,Salix
278672001,Salix
278674084,Salix
278674085,Salix
278674086,Salix
278674087,Salix
278674088,Salix
278674090,Salix
278674091,Salix
278675446,Salix
278675447,Salix
278675456,Salix
278675458,Salix
278676707,Salix
278676708,Salix
278676712,Salix
278676715,Salix
278676719,Salix
278678044,Salix
278678048,Salix
278678050,Salix
278678051,Salix
278678854,Salix
278678858,Salix
278678860,Salix
278681688,Salix
278681692,Salix
278681697,Salix
278681701,Salix
278681702,Salix
278681704,Salix
278681705,Salix
27894926,Unknown
279035111,Unknown
279500590,Unknown
279660429,Unknown
27969574,Unknown
27969705,Unknown
279700052,Unknown
279700183,Pinus
279700737,Quercus
279711906,Acer
279871605,Fagus
279871606,Prunus
279875789,Salix
279875792,Salix
279875797,Sambucus
279875798,Sambucus
279876197,Acer
279877271,Fagus
279877272,Fagus
279877274,Fagus
279877277,Fagus
279878668,Salix
279878669,Salix
279878670,Salix
279878671,Salix
279878672,Salix
279878674,Salix
279878675,Salix
279878676,Salix
279878677,Salix
279878678,Salix
279878679,Salix
279879923,Salix
279884399,Quercus
279884401,Quercus
279935274,Unknown
280054744,Acer
280282069,Unknown
280282485,Acer
280325925,Acer
280422164,Unknown
28046401,Unknown
280605016,Unknown
280613883,Unknown
280621574,Unknown
280687885,Sequoiadendron
280757527,Salix
280806946,Unknown
280825614,Eucalyptus
280955936,Acer
280955939,Acer
280955941,Populus
280955942,Acer
280955943,Acer
280955944,Acer
280955945,Acer
280956579,Acer
280956582,Ribes
28103236,Unknown
281147707,Unknown
281186164,Unknown
281186233,Unknown
281186466,Unknown
281310974,Unknown
281361683,Unknown
281434392,Salix
281434393,Salix
281434394,Salix
281434396,Salix
281510939,Quercus
281548763,Salix
281548765,Salix
281548770,Salix
281548772,Salix
281548773,Salix
281552603,Salix
281552604,Salix
281552605,Salix
281552611,Salix
281552613,Salix
281552616,Salix
281556502,Salix
281556503,Salix
281556506,Salix
281556508,Salix
281556509,Salix
281556517,Salix
281559076,Salix
281559079,Salix
281559080,Salix
281559083,Salix
281559085,Salix
281634494,Unknown
281687515,Salix
281687516,Salix
281687517,Salix
281687518,Salix
281687519,Salix
281687520,Salix
281687521,Salix
281687522,Salix
281687524,Salix
281687525,Salix
281687526,Salix
28175549,Acer
281793184,Unknown
282003242,Acer
282003244,Acer
282003247,Sambucus
282003248,Acer
282003249,Acer
282003251,Fagus
282003253,Fagus
282003826,Quercus
282003828,Quercus
282003829,Quercus
282003831,Quercus
282004542,Robinia
282004543,Robinia
282004544,Robinia
282004545,Robinia
282004549,Acer
282005646,Fraxinus
282005648,Acer
282005649,Acer
282005650,Acer
282005651,Acer
282005652,Acer
282005655,Acer
282006315,Salix
282006316,Salix
282006317,Salix
282006318,Salix
282006320,Salix
282006322,Salix
282006323,Salix
282006501,Salix
282006502,Salix
282007058,Populus
282007060,Populus
282007062,Populus
282007063,Populus
282007065,Populus
282011718,Populus
282011719,Populus
282011720,Populus
282011721,Populus
282011722,Populus
282011723,Populus
282011725,Populus
282011727,Populus
282011728,Populus
282011730,Populus
282011734,Populus
282011735,Populus
282013184,Pinus
282013185,Quercus
282013188,Quercus
282013189,Carpinus
282013190,Carpinus
282013193,Carpinus
282013194,Carpinus
282013195,Carpinus
282013198,Carpinus
282013199,Fraxinus
282013200,Salix
282013201,Unknown
282017812,Salix
282017813,Salix
282020382,Salix
282020383,Salix
282020384,Salix
282020389,Salix
282020391,Salix
282020392,Salix
282020398,Salix
282020399,Salix
282020400,Salix
282020635,Fraxinus
282022300,Salix
282022301,Salix
282022305,Salix
282022307,Salix
282022308,Salix
282022312,Salix
282022313,Prunus
282022314,Salix
282022319,Salix
282022320,Salix
282022321,Salix
282022323,Salix
282022324,Salix
282022325,Salix
282022328,Salix
282196821,Nikau
28250733,Unknown
282537973,Nyssa
282564978,Eucalyptus
282564984,Unknown
282564988,Eucalyptus
282564990,Eucalyptus
282564993,Eucalyptus
282564996,Unknown
282565942,Unknown
282565943,Unknown
282566765,Sambucus
282566766,Quercus
282566767,Quercus
282566768,Quercus
282566769,Quercus
282566770,Quercus
282567846,Unknown
282567847,Unknown
282567848,Unknown
282567850,Unknown
282567852,Unknown
282567853,Unknown
282567855,Unknown
282567857,Unknown
282567858,Unknown
282568540,Unknown
282568541,Unknown
282568542,Unknown
282568543,Unknown
282568544,Unknown
282568833,Unknown
282568834,Unknown
282569281,Betula
282569282,Salix
282573866,Unknown
282573869,Unknown
282573870,Unknown
282573875,Unknown
282583080,Unknown
282583082,Unknown
282583085,Acer
282583086,Lycaon
282583090,Lycaon
282583885,Lycaon
282583886,Robinia
282583888,Robinia
282583889,Lycaon
282583890,Lycaon
282583891,Lycaon
282583892,Fagus
282583893,Robinia
282584747,Prunus
282584749,Prunus
282584750,Magnoliopsida
282584751,Prunus
282585216,Fraxinus
282585219,Pinus
282585223,Fraxinus
282586398,Prunus
282586400,Prunus
282586959,Betula
282586961,Robinia
282586962,Taxus
282586963,Juglans
282586964,Betula
282587427,Robinia
282587428,Betula
282587432,Malus
282587434,Malus
282587435,Malus
282587980,Prunus
282587982,Prunus
282587985,Peltodoris
282587986,Aesculus
282588148,Levenhookia
282588149,Chenopodiastrum
282668146,Fraxinus
282668148,Fraxinus
282668149,Fraxinus
282668155,Fraxinus
282668159,Betula
282668160,Betula
282668169,Platanus
282668172,Platanus
282668175,Tilia
282668185,Tilia
282668187,Tilia
282668189,Alnus
282668196,Fraxinus
282671398,Salix
282671406,Salix
282671410,Salix
282671412,Picea
282672433,Unknown
282672435,Unknown
282672436,Unknown
282672440,Unknown
282674092,Unknown
282674094,Unknown
282674096,Unknown
282674098,Unknown
282674099,Unknown
282675094,Unknown
282675095,Unknown
282675098,Unknown
282677492,Unknown
282677496,Unknown
282677497,Unknown
282678476,Unknown
282678477,Unknown
282678484,Unknown
282695401,Silver
282790649,Phoenix
282920270,Acer
282920271,Acer
282920274,Acer
282922340,Populus
282922342,Populus
282922345,Populus
282924831,Acer
282924836,Robinia
282924837,Robinia
282930910,Fraxinus
282930911,Fraxinus
282934783,Salix
282934785,Salix
282934786,Salix
282938640,Salix
282938641,Salix
282938642,Salix
282938646,Salix
282938648,Salix
282943844,Unknown
282946482,Salix
282946485,Salix
282946487,Salix
282946495,Salix
282946496,Salix
282993747,Carpinus
283009762,Unknown
283072815,Salix
2830744,Unknown
2830748,Unknown
2830753,Unknown
2830771,Unknown
283083101,Salix
283083102,Salix
283083103,Salix
283083105,Salix
283083818,Salix
283083819,Salix
283084502,Salix
283084505,Salix
283085719,Salix
283085722,Salix
283085733,Salix
283085735,Salix
283085736,Salix
28334084,Unknown
2834957,Acer
2834985,Acer
283544091,Unknown
283917719,Acer
284026238,Acer
284325782,Unknown
284331008,Unknown
284332560,Unknown
284367993,Unknown
284368562,Unknown
284746543,Fagus
284746544,Fagus
284746546,Fagus
284746549,Acer
284746550,Populus
284746551,Populus
284746552,Populus
284746556,Fraxinus
284746558,Fraxinus
284746559,Fraxinus
284748003,Populus
284748005,Populus
284748008,Aesculus
284748009,Robinia
284748010,Robinia
284748013,Populus
284748015,Acer
284748017,Salix
284748018,Salix
284749103,Populus
284749104,Populus
284749107,Salix
284749110,Salix
284749111,Populus
284749114,Populus
284749695,Unknown
284749699,Unknown
284749700,Unknown
284750042,Unknown
284750045,Unknown
284750046,Unknown
284751440,Unknown
284751927,Alnus
284751928,Alnus
284751930,Alnus
284753444,Alnus
284753446,Fraxinus
284753447,Robinia
284754249,Quercus
284754707,Fagus
284754708,Fagus
284754709,Quercus
284755817,Unknown
284755818,Unknown
284755819,Unknown
284755820,Unknown
284755821,Unknown
284755823,Unknown
284755824,Unknown
284755825,Unknown
284756003,Unknown
284756652,Chenopodiastrum
284756653,Unknown
284774285,Unknown
284774289,Unknown
284774290,Unknown
284774291,Unknown
284775440,Quercus
284775444,Sambucus
284775445,Quercus
284775447,Unknown
284775451,Betula
284775452,Robinia
284775455,Unknown
284775458,Unknown
284776398,Unknown
284776399,Unknown
284776401,Unknown
284776403,Unknown
284776406,Chenopodiastrum
284776407,Unknown
284776409,Unknown
284776411,Unknown
284777210,Unknown
284777211,Unknown
284777212,Unknown
284777213,Unknown
284777214,Unknown
284777216,Unknown
284777217,Unknown
284777377,Unknown
284777378,Unknown
284777577,Unknown
284777578,Unknown
284777583,Unknown
284782923,Unknown
284782924,Unknown
284782925,Unknown
284782928,Unknown
284782932,Unknown
284782935,Unknown
284782938,Unknown
284783686,Unknown
284783688,Unknown
284783689,Unknown
284783690,Unknown
284783691,Unknown
284783693,Unknown
284785853,Unknown
284785855,Unknown
284785857,Unknown
284785859,Unknown
284785862,Unknown
284785863,Unknown
284786361,Unknown
284786364,Unknown
284800233,Unknown
284800234,Unknown
284800236,Unknown
284800238,Unknown
284800241,Unknown
284800668,Unknown
284800669,Unknown
284940568,Unknown
28509069,Zonotrichia
28510363,Luidia
28525680,Unknown
28535275,Lonicera
28541329,Unknown
285734981,Unknown
285809753,Unknown
286101447,Prunus
286340816,Red
286478132,Unknown
286478136,Unknown
286478137,Unknown
286478138,Unknown
286478140,Unknown
286478141,Unknown
286478142,Unknown
286479421,Unknown
286479422,Unknown
286479424,Unknown
286479425,Unknown
286479426,Unknown
286479429,Unknown
286479431,Unknown
286479432,Unknown
286479433,Unknown
286480316,Unknown
286480317,Unknown
286480318,Unknown
286480319,Unknown
286481475,Unknown
286481481,Unknown
286481483,Unknown
286481484,Unknown
286481485,Unknown
286481486,Unknown
286481773,Unknown
286482481,Unknown
286482482,Unknown
286482483,Unknown
286482485,Unknown
286483134,Unknown
286483135,Unknown
286483138,Unknown
286483505,Unknown
286483509,Unknown
286483510,Unknown
286483516,Unknown
286484118,Unknown
286484119,Salix
286484120,Salix
286484629,Salix
286484631,Salix
286484632,Salix
286484633,Salix
286485611,Salix
286485612,Salix
286485613,Salix
286485942,Salix
286485943,Salix
286485944,Salix
286486840,Salix
286486843,Salix
286486844,Salix
286486845,Salix
286487211,Salix
286487213,Salix
286487214,Salix
286490683,Salix
286490684,Populus
286490690,Populus
286490691,Salix
286493887,Unknown
286493890,Unknown
286493891,Unknown
286493892,Unknown
286493898,Unknown
286493899,Unknown
286493900,Unknown
286493905,Unknown
286493906,Unknown
286493907,Unknown
286493911,Unknown
286494601,Unknown
286494604,Unknown
286494746,Unknown
286495238,Unknown
286495239,Unknown
286495423,Unknown
286495426,Unknown
286495613,Unknown
286496806,Unknown
286735556,Unknown
286735557,Unknown
286736656,Podocarpus
286737943,Robinia
286737944,Unknown
286737946,Unknown
286737947,Unknown
286737948,Unknown
286737949,Unknown
286737951,Unknown
286738217,Unknown
286738219,Unknown
286738220,Unknown
286739698,Unknown
286739701,Unknown
286739702,Unknown
286739703,Unknown
286740540,Unknown
286740544,Unknown
286740546,Unknown
286740548,Unknown
286740847,Unknown
286740848,Unknown
286741324,Unknown
286741325,Unknown
286741326,Unknown
286742274,Unknown
286742279,Unknown
286742280,Unknown
286743138,Unknown
286743140,Unknown
286743142,Unknown
286747158,Unknown
286754351,Unknown
286754354,Unknown
286754355,Unknown
286755200,Unknown
286755201,Unknown
286755810,Unknown
286756526,Unknown
286756529,Unknown
286756530,Unknown
286756531,Unknown
286756532,Unknown
286756637,Unknown
286757059,Celaenorrhinus
286757062,Populus
286757063,Populus
286757384,Betula
286757713,Sorbus
286758414,Betula
286758416,Betula
286758417,Betula
286759237,Prunus
286760148,Fraxinus
286760149,Fraxinus
286760152,Fraxinus
286977710,Aesculus
286977711,Aesculus
286980028,Salix
286980030,Populus
286980031,Populus
286980033,Populus
286981248,Salix
286981250,Salix
286981251,Salix
286981252,Salix
286981253,Salix
286981437,Robinia
286981438,Salix
286981439,Salix
286981608,Salix
286981609,Salix
286982103,Salix
286982104,Salix
286982105,Salix
286983219,Salix
286983220,Salix
286983222,Salix
286983224,Salix
286983225,Salix
286985744,Salix
286985745,Salix
286985747,Salix
286985749,Salix
286985750,Salix
286989749,Salix
286989752,Salix
286989753,Salix
286989755,Salix
286989757,Salix
286989759,Salix
286989760,Salix
286990032,Acer
286990033,Acer
286990034,Acer
286994697,Unknown
286995134,Dicksonia
286995135,Dicksonia
286995136,Dicksonia
286995790,Dicksonia
286995791,Dicksonia
286995793,Dicksonia
286995794,Dicksonia
286995795,Dicksonia
286995796,Dicksonia
286995797,Dicksonia
286996028,Hesperocyparis
286996032,Erythrina
286996457,Ficus
286996979,Hakea
286997574,Schinus
287001855,Robinia
287002103,Lonchocarpus
287006637,Salix
287006639,Salix
287006853,Salix
287006857,Salix
287006859,Salix
287006860,Salix
287006864,Salix
287007411,Salix
287007414,Salix
287007416,Salix
287007417,Salix
287007420,Salix
287008062,Populus
287008063,Populus
287008064,Acer
287008066,Acer
287008067,Robinia
287008071,Robinia
287008571,Quercus
287448119,Passerina
287467360,Unknown
287471377,Metrosideros
287472353,Unknown
287475242,Unknown
287482193,Unknown
287482461,Unknown
287482699,Unknown
287482986,Unknown
287483257,Unknown
287506306,Quercus
287506307,Quercus
287506312,Quercus
287844225,Quercus
288068638,Phoenix
288568942,Unknown
288864923,Acer
289089164,Unknown
289131015,Unknown
289173334,Fagus
289203949,Robinia
289203950,Acer
289203951,Robinia
289203953,Acer
289205088,Acer
289205090,Acer
289205091,Acer
289205092,Acer
289216591,Acer
289216593,Acer
289216599,Salix
289216601,Prunus
289216604,Salix
289216606,Unknown
289216609,Fraxinus
289235832,Tilia
289593833,Acer
289593854,Acer
28966118,Unknown
289777967,Unknown
289778632,Unknown
290207367,Unknown
290223588,Pseudotsuga
290563981,Homo
290585159,Unknown
290604125,Unknown
290686255,Unknown
291115298,Cyathea
291140977,Drosera
291399776,Acer
2915027,Treefern
291596700,Unknown
291744896,Carpinus
291744897,Carpinus
291744901,Carpinus
291758144,Alnus
291759250,Acer
291761820,Tilia
291761825,Tilia
291763428,Acer
291856843,Salix
291856845,Salix
291856846,Salix
291856850,Salix
291863933,Acer
291863939,Acer
291867666,Tilia
291867667,Tilia
291869000,Tilia
291875731,Quercus
291877331,Fagus
291877332,Fagus
291878665,Fagus
291880245,Prunus
291880249,Prunus
291882496,Fagus
291883755,Populus
291883758,Populus
291885511,Acer
291885513,Acer
291886861,Populus
291886863,Populus
292012174,Populus
292012355,Populus
292013465,Salix
292013466,Salix
292013855,Prunus
292014389,Acer
292014390,Acer
292017494,Fraxinus
292017756,Fraxinus
292018113,Quercus
292018290,Quercus
292018722,Fagus
292019258,Fraxinus
292019259,Fraxinus
292019528,Quercus
292020127,Tilia
292020364,Quercus
292020565,Quercus
292020708,Quercus
292020831,Quercus
292020978,Robinia
292021254,Fraxinus
292021393,Acer
292026871,Fagus
292028850,Unknown
292028947,Podocarpus
292031601,Quercus
292031602,Fagus
292031603,Betula
292033665,Betula
292034280,Quercus
292035072,Quercus
292035284,Fagus
292035729,Quercus
292036274,Quercus
292036278,Quercus
292036284,Quercus
292048899,Unknown
292259401,Unknown
292288050,Acer
292288284,Acer
292362777,Acer
292362781,Aesculus
292362784,Acer
292362790,Acer
29289329,Treefern
292980454,Phoenix
292980804,Phoenix
292981246,Phoenix
292982227,Phoenix
293650403,Tamarix
293652264,Phoenix
293652268,Phoenix
293652270,Phoenix
293652273,Phoenix
293652277,Phoenix
293652279,Phoenix
293652280,Phoenix
293652284,Phoenix
293652285,Phoenix
293652288,Phoenix
293652290,Phoenix
293658491,Eucalyptus
293660345,Pinus
293660346,Pinus
293661037,Sambucus
293661040,Sambucus
293661041,Sambucus
293661042,Sambucus
293661285,Robinia
293661665,Tamarix
293662272,Salix
293662868,Alnus
293663154,Salix
293664474,Salix
293664486,Salix
293664487,Salix
293665121,Salix
293665681,Tilia
293666310,Tilia
293667174,Salix
293668390,Salix
293668829,Pinus
293669367,Trachycarpus
293669970,Trachycarpus
293671932,Trachycarpus
293671933,Trachycarpus
293672233,Ficus
293672628,Prunus
293673844,Phoenix
293673845,Phoenix
293673847,Phoenix
293673848,Phoenix
293673849,Phoenix
293708914,Unknown
293842236,Eucalyptus
293937708,Arecaceae
294064535,Unknown
29421910,Platanus
294535854,Phoenix
294536456,Phoenix
294536458,Phoenix
294536459,Phoenix
294536460,Phoenix
294537033,Castanea
294537034,Castanea
294538222,Morus
294538223,Morus
294538788,Acer
294538886,Tilia
294549849,Phoenix
294549850,Phoenix
294549853,Phoenix
294549856,Phoenix
294549857,Phoenix
294549861,Phoenix
294549865,Phoenix
294549866,Phoenix
294549867,Phoenix
294549874,Phoenix
294549875,Phoenix
294551368,Castanea
294551372,Acer
294677246,Unknown
294781136,Platanus
294781559,Platanus
29512169,Phoenix
295246363,Unknown
295247466,Unknown
295297352,Unknown
295297624,Unknown
295297979,Unknown
295337009,Tilia
295337282,Tilia
295337283,Tilia
295338356,Tilia
295339727,Tilia
295339730,Tilia
295339732,Tilia
295339735,Tilia
295339739,Tilia
295340321,Crataegus
295340859,Phoenix
295340861,Phoenix
295340862,Phoenix
295342265,Phoenix
295342269,Phoenix
295342272,Phoenix
295342276,Phoenix
295342277,Phoenix
295342279,Phoenix
295342280,Phoenix
295342747,Cedrus
295344921,Castanea
295344922,Castanea
295344926,Castanea
295344932,Castanea
295344934,Castanea
295345284,Castanea
295345854,Phoenix
295345855,Phoenix
295345856,Phoenix
295345861,Phoenix
295345862,Phoenix
295345864,Phoenix
295346268,Quercus
295346682,Fagus
295346941,Quercus
295348522,Fraxinus
295348525,Acer
295350575,Phoenix
295350576,Phoenix
295350577,Phoenix
295350578,Phoenix
295350580,Phoenix
295350581,Phoenix
295350582,Phoenix
29550481,Prosopis
295760808,Sabal
295761280,Unknown
295762094,Sabal
296067880,Unknown
296098653,Quercus
296130634,Eucalyptus
296131640,Legume
296132141,Quercus
296150935,Smooth
296152054,Opuntia
296344165,Phoenix
296527046,Phoenix
296600595,Phoenix
296700547,Unknown
296753830,Treefern
296755143,Jacaranda
296755574,Jacaranda
296756319,Pithecellobium
296773781,J
296851386,Arecaceae
296852821,Arecaceae
296853211,Arecaceae
296868887,Jacaranda
296869110,Jacaranda
296869207,Jacaranda
296903747,Erythrina
296903888,Quercus
296903942,Quercus
296904831,Quercus
296909264,Quercus
296910898,Pinus
296986291,Unknown
297278671,Quercus
297471589,Malus
297516332,Eucalyptus
297744469,Agave
297856183,Unknown
298002243,Unknown
298317248,Acacia
29837873,Unknown
29857254,Phoenix
29857255,Phoenix
29857257,Phoenix
298888698,Metrosideros
299289904,Unknown
299379012,Unknown
299475420,Quercus
299484917,Acer
299487954,Quercus
299488702,Quercus
299489772,Quercus
299490520,Quercus
299491120,Unknown
299492213,Unknown
299607654,Aesculus
299758161,Unknown
299781241,Unknown
299781288,Unknown
299959954,Unknown
300017966,Unknown
30021178,Unknown
30021353,Unknown
300482328,Formicidae
300587168,Unknown
300782716,Unknown
301195380,Turdus
301414590,Unknown
301490286,Unknown
301549184,Arecaceae
301573697,Phoenix
301574699,Phoenix
301575966,Arecaceae
301877249,Arecaceae
302045157,Juniperus
302045271,Juniperus
302173719,Morella
302474013,Unknown
302630607,Juniperus
302789097,Unknown
302806274,Turdus
302851912,Pinus
30298287,Unknown
303053709,Adansonia
303074718,Unknown
303101745,Phoenix
303204113,Arecaceae
303377421,Tilia
303378400,Acer
303416600,Unknown
303542794,Acer
30362887,Unknown
303808817,Acer
303840501,Unknown
303916899,Acer
303918385,Salix
303918386,Salix
303918392,Fraxinus
303918396,Salix
303920188,Pinus
303920189,Pinus
303920192,Pinus
303920199,Fraxinus
303920207,Pinus
303920787,Acer
303920790,Acer
303920792,Acer
303923459,Robinia
303923460,Robinia
303923461,Robinia
303923463,Robinia
303923464,Robinia
303923465,Fagus
303923466,Robinia
303923467,Quercus
303923468,Quercus
303923473,Quercus
303923476,Quercus
303924503,Acer
303924778,Unknown
303924781,Pinus
303925283,Pinus
303925284,Pinus
303927158,Pinus
303927788,Phoenix
303927789,Phoenix
303927790,Phoenix
303927791,Phoenix
303927793,Phoenix
303927794,Phoenix
303927795,Phoenix
303927797,Phoenix
303927798,Phoenix
303927799,Phoenix
303927972,Acer
303928060,Pinus
303928273,Pinus
303929371,Unknown
303929922,Pinus
303930087,Pinus
303941382,Pinus
303942428,Castanea
303942429,Castanea
304167141,Quercus
304167371,Acer
304167570,Fraxinus
304167698,Pinus
304167828,Quercus
304168030,Fraxinus
304168243,Hesperocyparis
304168645,Hesperocyparis
304168869,Acer
304169199,Crataegus
304169201,Crataegus
304169626,Phoenix
304169628,Phoenix
304169631,Phoenix
304170014,Cypress
304170776,Pinus
304171140,Acer
304171141,Acer
304171142,Acer
304171377,Pinus
304171738,Quercus
304172503,Quercus
304172506,Quercus
304172507,Quercus
304172769,Acer
304173668,Acer
304173669,Acer
304173670,Acer
304173673,Acer
304173985,Pinus
304173987,Pinus
304174878,Unknown
304174880,Unknown
304174882,Unknown
304175296,Quercus
304175297,Quercus
304175749,Acer
304175751,Crataegus
304175997,Phoenix
304175999,Phoenix
304176000,Phoenix
304176002,Phoenix
304176003,Phoenix
304176207,Aesculus
304176420,Prunus
304176422,Prunus
304176638,Acer
304177038,Phoenix
304177040,Phoenix
304177042,Phoenix
304177046,Phoenix
304177686,Phoenix
304177688,Phoenix
304177689,Phoenix
304178005,Yucca
304178238,Pinus
304355014,Unknown
304430151,Morella
304440646,Unknown
304508754,Unknown
304738545,Unknown
304741081,Unknown
304754745,Unknown
3047875,Treefern
304871857,Unknown
305070422,Unknown
305197054,Laurus
305206248,Populus
305206796,Populus
305207593,Crataegus
305208160,Crataegus
305243694,Crataegus
305244389,Crataegus
305249744,Crataegus
305249972,Crataegus
305252350,Hesperocyparis
305252351,Hesperocyparis
305252352,Hesperocyparis
305252357,Hesperocyparis
305252362,Hesperocyparis
305253747,Robinia
305255397,Quercus
305255398,Quercus
305255401,Laurus
305256089,Quercus
305257697,Unknown
305260201,Phoenix
305262291,Pinus
305264183,Acer
305264934,Quercus
305268921,Phoenix
305268923,Phoenix
305268926,Phoenix
305268930,Phoenix
305268933,Phoenix
305268937,Phoenix
305268939,Phoenix
305268941,Phoenix
305268947,Phoenix
305270165,Phoenix
305270166,Phoenix
305406276,Metrosideros
305462549,Phoenix
305462550,Phoenix
305462552,Phoenix
305462554,Phoenix
305463341,Unknown
305463345,Unknown
305463832,Acer
305464162,Phoenix
305464169,Phoenix
305464988,Phoenix
305464990,Phoenix
305464992,Phoenix
305464993,Phoenix
305465924,Phoenix
305465925,Phoenix
305465927,Phoenix
305465929,Phoenix
305466325,Phoenix
305466326,Phoenix
305466327,Phoenix
305466583,Phoenix
305467095,Phoenix
305467096,Phoenix
305467100,Phoenix
305467101,Phoenix
305467317,Phoenix
305467320,Phoenix
305467526,Phoenix
305467692,Phoenix
305468302,Phoenix
305468673,Phoenix
305468674,Phoenix
305711613,Phoenix
305711616,Phoenix
305712156,Phoenix
305712160,Phoenix
305712960,Acer
305712961,Acer
305712962,Acer
305712963,Acer
305712965,Acer
305713225,Dicksonia
305713624,Dicksonia
305714433,Alnus
305717753,Phoenix
305717754,Phoenix
305717755,Phoenix
305717757,Phoenix
305717759,Phoenix
305718195,Pinus
305718628,Quercus
305718824,Fagus
305719137,Acer
305719227,Fraxinus
305719476,Quercus
305719477,Quercus
305719597,Fraxinus
305721683,Phoenix
305721686,Phoenix
305721687,Phoenix
305721688,Phoenix
305721689,Phoenix
305721690,Phoenix
305721920,Acer
305722471,Acer
305722472,Acer
305722473,Acer
305722723,Acer
305723164,Acer
305723165,Acer
305723166,Acer
305723393,Quercus
305724614,Quercus
305724617,Quercus
305724618,Quercus
305724829,Fraxinus
305725113,Fagus
305725257,Fagus
305725622,Unknown
305725817,Quercus
305726202,Quercus
305726469,Quercus
305726884,Quercus
305726885,Quercus
305726887,Quercus
305726889,Quercus
305727170,Quercus
305727598,Prunus
305727860,Fraxinus
305727987,Crataegus
305728245,Quercus
305728409,Quercus
305729864,Unknown
305730665,Acer
305730667,Acer
305730782,Alnus
305731001,Phoenix
305731002,Phoenix
305731003,Phoenix
305731480,Phoenix
305731481,Phoenix
305731617,Phoenix
305731805,Phoenix
305731807,Phoenix
305732210,Phoenix
305732357,Phoenix
305732885,Ulmus
305732889,Ulmus
305733171,Quercus
305733281,Quercus
305733368,Robinia
305733737,Phoenix
305733739,Phoenix
305733740,Phoenix
305733743,Phoenix
305734025,Acer
305734228,Quercus
305735500,Betula
305735527,Quercus
305735760,Quercus
305736013,Quercus
305736357,Quercus
305736358,Quercus
305736634,Unknown
305736902,Quercus
305736904,Quercus
305737254,Quercus
305737684,Acer
305737913,Dicksonia
305738049,Quercus
305738457,Acer
305738742,Quercus
305738973,Quercus
305738975,Quercus
305739102,Salix
305742801,Sambucus
305742927,Buxus
305743173,Buxus
305743583,Unknown
305744235,Buxus
305749897,Buxus
305825003,Hesperocyparis
305825633,Tilia
305826569,Tilia
305826570,Tilia
305827408,Fraxinus
305829505,Hesperocyparis
305829506,Hesperocyparis
305829507,Hesperocyparis
305829511,Acer
305829512,Hesperocyparis
305830486,Prunus
305830848,Phoenix
305831590,Quercus
305831591,Quercus
305833253,Phoenix
305833257,Phoenix
305833768,Phoenix
305835479,Phoenix
305835485,Phoenix
305835486,Phoenix
305835489,Phoenix
305835494,Phoenix
305951957,Phoenix
305951958,Phoenix
305951959,Phoenix
305951961,Phoenix
305951962,Phoenix
305951963,Phoenix
305952631,Hesperocyparis
305953354,Phoenix
305953355,Phoenix
305953357,Phoenix
305953361,Phoenix
305953672,Quercus
305954496,Fraxinus
305954967,Alnus
305956127,Betula
305956133,Betula
305956379,Fagus
305957508,Phoenix
305957886,Hesperocyparis
305958230,Hesperocyparis
305958231,Hesperocyparis
305958430,Quercus
305960047,Quercus
305960223,Quercus
305960344,Fagus
305960712,Quercus
305960946,Quercus
305961126,Aesculus
305965754,Quercus
305965994,Quercus
305966843,Quercus
305967434,Quercus
305968011,Quercus
305968211,Quercus
305968936,Aesculus
305969665,Aesculus
305969667,Aesculus
305969877,Quercus
305970226,Quercus
305970230,Quercus
305970709,Fraxinus
305970711,Fraxinus
305970944,Phoenix
305970946,Phoenix
305970947,Phoenix
305971266,Phoenix
305971267,Phoenix
305971568,Tilia
305971893,Phoenix
305971896,Phoenix
305971897,Phoenix
305972281,Quercus
305972384,Quercus
305972500,Quercus
305977309,Morella
306021869,Juglans
306218997,Pinus
306287137,Fraxinus
306297663,Unknown
306299502,Populus
306362904,Ilex
306385571,Dicksonia
306503961,Acer
306504534,Unknown
306504944,Unknown
306505116,Unknown
306505374,Unknown
306505654,Fraxinus
306506079,Acer
306506318,Pinus
306506686,Pinus
306507359,Pinus
306508078,Pinus
306508525,Pinus
306509128,Unknown
306511294,Pinus
306511709,Acer
306512110,Unknown
306512529,Unknown
306513561,Pinus
306513958,Pinus
306516287,Unknown
306613665,Unknown
306667731,Dicksonia
306668020,Dicksonia
306769599,Salix
306771539,Unknown
306772312,Unknown
306772459,Salix
306772756,Salix
306773562,Salix
306775287,Salix
306775415,Fagus
306775584,Fagus
306775915,Fagus
306776540,Fagus
306776671,Unknown
306776990,Fraxinus
306777474,Fraxinus
306778408,Prunus
306779318,Fraxinus
306779465,Unknown
306781169,Fag
306795340,Fagus
307039196,Unknown
30706336,Diadophis
30718049,Unknown
30736421,Phoenix
307456292,Betula
307456592,Unknown
307456739,Unknown
307456837,Castanea
307489282,Phoenix
307605724,Pinus
307606972,Unknown
307667849,Unknown
307847357,Unknown
308135642,Phoenix
308135644,Phoenix
308135645,Phoenix
308135646,Phoenix
308135648,Phoenix
308135978,Quercus
308136120,Hesperocyparis
308136314,Quercus
308136440,Quercus
308136627,Quercus
308136744,Quercus
308166168,Unknown
30819235,Unknown
308258475,Unknown
30826434,Californicae
308293823,Unknown
308499323,Unknown
3085347,Unknown
308631668,Castanea
308631669,Castanea
308631670,Fagus
308632620,Fagus
308632790,Fagus
308633187,Fagus
308633564,Fagus
308634167,Quercus
308634542,Unknown
308634791,Fagus
308635069,Quercus
308635389,Fagus
308635672,Acer
308635673,Acer
308635844,Fagus
308636062,Pinus
308636228,Quercus
308636401,Quercus
308636588,Tilia
308636839,Quercus
308636841,Quercus
308637039,Quercus
308637215,Quercus
308637528,Quercus
308637691,Fagus
308637819,Quercus
308955689,Tilia
308958386,Tilia
308958598,Phoenix
308958708,Phoenix
308982662,Pinus
309374956,Unknown
309836305,Cibotium
310092498,Cedrus
310161301,Acer
310256113,Quercus
310256114,Quercus
310258489,Fraxinus
310258500,Fraxinus
310258506,Fraxinus
310386878,Unknown
310426267,Prunus
310505857,Acer
310506383,Styphnolabium
310508241,Fagus
310509365,Fagus
310511075,Acer
310614693,Unknown
310697808,Fraxinus
310840731,Quercus
310991258,Acer
310991354,Acer
310991419,Acer
311003371,Acer
311062163,Acer
311062660,Acer
311077597,Arecaceae
311087328,Acer
311087793,Acer
311088315,Acer
311088584,Unknown
311437962,Unknown
311438217,Unknown
31143984,Unknown
311533030,Unknown
311534115,Platanus
311586069,Phoenix
311667383,Fagus
311781901,Arthroleptis
311998648,Tilia
312228436,Acer
312228766,Populus
312229736,Fagus
312252740,Quercus
312379488,Sequoia
312531400,Acer
312641607,Quercus
312641937,Unknown
312641995,Quercus
312646588,Quercus
312660078,Quercus
312660333,Phoenix
312660334,Phoenix
312660609,Quercus
312661015,Quercus
312661016,Quercus
312661419,Phoenix
312661420,Phoenix
312661935,Pinus
312662351,Quercus
312662668,Quercus
312662980,Quercus
312663429,Quercus
312663765,Quercus
312663769,Quercus
312667417,Quercus
312667418,Quercus
312667420,Quercus
312667424,Quercus
312667425,Quercus
312668006,Phoenix
312668007,Phoenix
312668008,Phoenix
312668538,Robinia
312668539,Robinia
312668789,Fagus
312669066,Fagus
312669425,Quercus
312670161,Castanea
312670162,Quercus
312670460,Quercus
312671920,Fagus
312672162,Fagus
312672401,Fagus
312672831,Quercus
312673430,Quercus
312673433,Quercus
312673902,Quercus
312674118,Quercus
312674524,Quercus
312675141,Quercus
312675450,Robinia
312675882,Pinus
312676362,Salix
312677656,Phoenix
312677659,Phoenix
312677662,Phoenix
312677665,Phoenix
312841033,Cedrus
312841193,Prunus
312841355,Phoenix
312841360,Phoenix
312842215,Phoenix
312842380,Phoenix
312842740,Acer
312843084,Pinus
312843085,Pinus
312843295,Quercus
312843704,Robinia
312843862,Robinia
312844013,Catalpa
312844242,Catalpa
312844818,Fagus
312845012,Fagus
312845267,Robinia
312845402,Fagus
312845840,Fagus
312845966,Fagus
312846224,Fagus
312846468,Fagus
312846627,Fagus
312846835,Quercus
312846953,Fagus
312847257,Fagus
312847478,Fagus
312847608,Fagus
312848169,Fagus
312848312,Fagus
312848614,Fagus
312848832,Fagus
312849050,Fagus
312849051,Fagus
312849217,Fagus
312849321,Fagus
312849540,Fagus
312849743,Fagus
312882579,Quercus
312883090,Arbutus
312883539,Quercus
312883946,Quercus
312884733,Quercus
312885193,Arbutus
312885884,Quercus
312886177,Quercus
312886522,Arbutus
312887076,Quercus
312887477,Quercus
312889368,Quercus
312889619,Quercus
312889946,Quercus
312890164,Robinia
312890411,Quercus
312891599,Robinia
312892292,Quercus
312892294,Quercus
312892548,Quercus
312912445,Quercus
312912763,Quercus
312913289,Quercus
312913816,Quercus
312914072,Quercus
312914365,Quercus
312915038,Quercus
312916874,Quercus
312917354,Quercus
312917991,Quercus
312920295,Quercus
312920614,Quercus
312920834,Quercus
312921119,Quercus
312921562,Quercus
312921822,Quercus
312922104,Quercus
312922362,Quercus
312923187,Quercus
312923192,Quercus
312924061,Quercus
312926159,Quercus
312926161,Quercus
312926162,Quercus
312927399,Quercus
312927701,Quercus
312927974,Quercus
312928149,Quercus
312928441,Quercus
312928442,Quercus
312928731,Quercus
312928799,Quercus
312929063,Quercus
312929317,Quercus
312929620,Quercus
312929784,Quercus
312930091,Pinus
312930272,Quercus
312931244,Aesculus
312931466,Acer
312931677,Aesculus
312932095,Aesculus
312937834,Quercus
312938495,Quercus
312939204,Quercus
312956228,Quercus
312956696,Fraxinus
312956938,Unknown
313046074,Unknown
313118255,Ribes
313118773,Ribes
313119975,Ribes
313384231,Aesculus
313384588,Fraxinus
313384947,Fraxinus
313402638,Acer
313403335,Acer
313404340,Acer
313404487,Platanus
313404673,Prunus
313520302,Unknown
313522275,Acer
313523103,Quercus
313534684,Unknown
313535125,Fagus
313536305,Unknown
313597709,Unknown
313598160,Aria
313599525,Aria
313628730,Aria
313628937,Unknown
313629110,Unknown
313629359,Unknown
313634941,Unknown
313635383,Unknown
313636424,Unknown
313636735,Unknown
313638283,Unknown
313771148,Unknown
313771518,Quercus
313771593,Quercus
313771797,Unknown
313771962,Unknown
313772004,Unknown
313772307,Fraxinus
313772416,Unknown
313772497,Quercus
313772698,Quercus
313772790,Unknown
313772907,Quercus
313773069,Quercus
313773666,Unknown
313774470,Quercus
313774563,Unknown
313774875,Quercus
313774963,Acer
313775001,Quercus
313775029,Quercus
313775062,Quercus
313775100,Quercus
313775131,Quercus
313775236,Unknown
313776011,Quercus
313879640,Cedrus
313880018,Ulmus
313884103,Unknown
313898318,Acer
314040200,Cyathea
314103833,Fagus
314143596,Acer
314181442,Acer
314181530,Acer
314389284,Arecaceae
314480919,Acer
314537186,Acer
314596769,Sorbus
314597313,Unknown
314597398,Unknown
314609928,Quercus
314823044,Quercus
314986437,Salix
314986791,Salix
314987100,Acer
314987610,Betula
314987889,Unknown
314990513,Quercus
314991013,Unknown
314991459,Unknown
315049665,Unknown
315050497,Unknown
315068791,Unknown
315069753,Sambucus
315071849,Unknown
315072870,Ilex
315073080,Unknown
315073255,Quercus
315073564,Unknown
315074072,Quercus
315074785,Quercus
315075316,Quercus
315075541,Unknown
315076706,Unknown
315077479,Unknown
315078101,Unknown
315078229,Unknown
315080151,Unknown
315080321,Unknown
315081469,Unknown
315081886,Unknown
315082362,Unknown
315083881,Unknown
315084049,Unknown
315084227,Unknown
315085837,Unknown
315230001,Neltuma
315233632,Unknown
315410114,Unknown
315430468,Unknown
315562446,Unknown
315563885,Aesculus
315564309,Salix
315564718,Unknown
315591647,Quercus
315592310,Quercus
315592862,Quercus
315593551,Quercus
315594692,Quercus
315596700,Catalpa
315596703,Catalpa
315597458,Phoenix
315597462,Phoenix
315598009,Acer
315598712,Acer
315599145,Quercus
315599716,Quercus
315602007,Phoenix
315602011,Phoenix
315602013,Phoenix
315602016,Phoenix
315602017,Phoenix
315602020,Phoenix
315602027,Phoenix
315605167,Phoenix
315605168,Phoenix
315660824,Melia
315721397,Salix
315721917,Unknown
315722206,Salix
315733977,Phoenix
315733979,Phoenix
315733980,Phoenix
315734335,Phoenix
315734336,Phoenix
315734338,Phoenix
315734805,Phoenix
315734806,Phoenix
315734807,Phoenix
315735494,Robinia
315735495,Robinia
315735869,Robinia
315736062,Robinia
315736308,Quercus
315736823,Catalpa
315736824,Catalpa
315737024,Catalpa
315737653,Phoenix
315737656,Phoenix
315737658,Phoenix
315737813,Phoenix
315738327,Phoenix
315738328,Phoenix
315738330,Phoenix
315738331,Phoenix
315738609,Phoenix
315738610,Phoenix
315738612,Phoenix
315739311,Phoenix
315739312,Phoenix
315739313,Phoenix
315739314,Phoenix
315739844,Phoenix
315739846,Phoenix
315739847,Phoenix
315740807,Phoenix
315740809,Phoenix
315740810,Phoenix
315740813,Phoenix
315741036,Quercus
315741235,Quercus
315741970,Quercus
315743223,Totara
315744496,Quercus
315744630,Quercus
315744868,Quercus
315745065,Quercus
315745218,Quercus
315745350,Quercus
315745545,Quercus
315745730,Quercus
315745732,Quercus
315779771,Fraxinus
31581230,Unknown
31581894,Unknown
315912116,Pinus
316078686,Unknown
316122726,Platanus
316122773,Sophora
316343792,Quercus
316344777,Quercus
316543703,Salix
316550985,Acer
316551195,Fraxinus
316689135,Phoenix
316689360,Phoenix
316689361,Phoenix
316690071,Phoenix
316690072,Phoenix
316690073,Phoenix
316690680,Pinus
316690682,Pinus
316691003,Pinus
316691239,Quercus
316691502,Pinus
316691655,Quercus
316691864,Pinus
316691866,Pinus
316692135,Pinus
316692137,Pinus
316692221,Pinus
316692476,Quercus
316692951,Pinus
316692954,Pinus
316694152,Robinia
316694153,Quercus
316706542,Unknown
316747491,Acer
316752932,Aesculus
316806585,Unknown
316864743,Fagus
317070544,Unknown
317070550,Unknown
317070551,Unknown
317128262,Unknown
317191266,Fraxinus
317191793,Unknown
317191843,Unknown
317204975,Unknown
317229733,Platanus
317414219,Salix
317414528,Salix
317422103,Unknown
317478546,Quercus
317518152,Dicksonia
31752155,Unknown
317592284,Unknown
317780292,Unknown
317780306,Unknown
317886865,Beargrass
318002596,Unknown
318088342,Unknown
318236220,Tilia
318236718,Tilia
318237137,Aesculus
318237530,Acer
318237976,Tilia
318238921,Acer
318239395,Ulmus
318239764,Quercus
318241061,Tilia
318241591,Tilia
318242283,Tilia
318243062,Quercus
318243796,Acer
318345508,Robinia
318499914,Unknown
318663245,Unknown
318798005,Freycinetia
319260502,Quercus
319348064,Eucalyptus
319583624,Nothofagus
31964125,Araneidae
319830522,Eucalyptus
319884631,Unknown
319963224,Unknown
320058801,Unknown
320077045,Unknown
320360472,Unknown
320534337,Unknown
320600929,Tilia
320601168,Prunus
320601386,Pinus
320601603,Pinus
320601781,Pinus
320601867,Pinus
320602382,Phoenix
320602383,Phoenix
320603684,Phoenix
320603685,Phoenix
320603686,Phoenix
320603688,Phoenix
320603690,Phoenix
320603691,Phoenix
320603692,Phoenix
320606906,Phoenix
320606907,Phoenix
320606909,Phoenix
320606911,Phoenix
320606912,Phoenix
320606913,Phoenix
320606915,Phoenix
320606916,Phoenix
320606920,Phoenix
320607411,Magnolia
320607682,Magnolia
320608489,Unknown
320608636,Magnolia
320609114,Unknown
320610567,Laurus
320610569,Laurus
320610570,Laurus
320610571,Laurus
320610572,Laurus
320610810,Liquidambar
320612252,Liquidambar
320612317,Liquidambar
320612538,Robinia
320613362,Liquidambar
320613480,Liquidambar
320613623,Tilia
320613761,Tilia
320615072,Ligustrum
320615073,Ligustrum
320615337,Tilia
320616057,Ulmus
320616250,Phoenix
320616253,Phoenix
320616254,Phoenix
320616641,Phoenix
320616645,Phoenix
320616646,Phoenix
320617023,Phoenix
320617025,Phoenix
320617628,Platanus
320617630,Platanus
320619695,Taxus
320619697,Tamarix
320619698,Magnolia
320619699,Tamarix
320619702,Tamarix
320623775,Phoenix
320623776,Phoenix
320623778,Phoenix
320623782,Phoenix
320623783,Phoenix
320623784,Phoenix
320623796,Phoenix
320623797,Phoenix
320623798,Phoenix
320623801,Phoenix
320623802,Phoenix
320623803,Phoenix
320623805,Phoenix
320623806,Phoenix
320623807,Phoenix
320676316,Phoenix
320676319,Phoenix
320676321,Phoenix
320676322,Phoenix
320676326,Phoenix
320676328,Phoenix
320676329,Phoenix
320676331,Phoenix
320676332,Phoenix
320676335,Phoenix
320676338,Phoenix
320676340,Phoenix
320676342,Phoenix
320676343,Phoenix
320677484,Trachycarpus
320677489,Trachycarpus
320679284,Phoenix
320679287,Phoenix
320679292,Phoenix
320679293,Phoenix
320679296,Phoenix
320679297,Phoenix
320679298,Phoenix
320679302,Phoenix
320680260,Trachycarpus
320680261,Trachycarpus
320680267,Trachycarpus
320680268,Trachycarpus
320680709,Magnolia
320681327,Magnolia
320681328,Magnolia
320745062,Unknown
320797410,Magnolia
320797411,Magnolia
320797845,Magnolia
320797846,Magnolia
320797849,Magnolia
320798885,Phoenix
320798886,Phoenix
320798888,Phoenix
320798889,Phoenix
320798890,Phoenix
320798891,Phoenix
320799265,Phoenix
320799266,Phoenix
320799267,Phoenix
320799557,Quercus
320799813,Quercus
320800073,Catalpa
320800192,Treefern
320801148,Magnolia
320801150,Magnolia
320801989,Aesculus
320801990,Aesculus
320801992,Tilia
320801993,Tilia
320803432,Phoenix
320803433,Phoenix
320803435,Phoenix
320803821,Phoenix
320803822,Phoenix
320803823,Phoenix
320803828,Phoenix
320804052,Tilia
320804326,Aesculus
320804512,Unknown
320805480,Aesculus
320805633,Robinia
320805741,Robinia
320805900,Aesculus
320808111,Aesculus
320808292,Aesculus
320808293,Aesculus
320808589,Aesculus
320808590,Aesculus
320808833,Robinia
320809048,Robinia
320809421,Ulmus
320809911,Fagus
320809913,Fagus
320810104,Pinus
320810417,Pinus
320810419,Pinus
320810727,Quercus
320810728,Quercus
320811902,Unknown
320812035,Alnus
320812187,Alnus
320812323,Quercus
320885241,Unknown
320928829,Arecaceae
320948633,Unknown
321347086,Alsophila
321551120,Unknown
321887108,Unknown
321975756,Unknown
321983942,Unknown
321984004,Unknown
321984072,Unknown
321984137,Unknown
321984241,Unknown
321984266,Unknown
321984285,Unknown
321984343,Unknown
321984428,Unknown
321984450,Platanus
321984479,Unknown
321984549,Unknown
321984594,Platanus
322004252,Dicksonia
322309324,Unknown
322474095,Unknown
322475286,Unknown
322476368,Unknown
322478761,Unknown
322654069,Unknown
322656357,Unknown
322658004,Unknown
322707079,Unknown
322811596,Platanus
322811819,Platanus
322858658,Platanus
322858716,Platanus
322905208,Unknown
322905268,Platanus
322909502,Salix
322909936,Salix
322909939,Salix
322910082,Salix
322910257,Salix
322910754,Salix
322910755,Salix
322910757,Salix
322910758,Salix
322911660,Salix
322911967,Salix
322913059,Salix
322913887,Salix
322914915,Salix
322914916,Salix
322914917,Salix
322915355,Salix
322915356,Salix
322915357,Salix
322915361,Salix
322915836,Salix
322915840,Salix
322916141,Salix
322916142,Salix
322999053,Quercus
323047939,Platanus
323048227,Platanus
323048692,Platanus
323048754,Platanus
323074457,Jacaranda
323296935,Unknown
32330918,Arecaceae
323473284,Tilia
323475417,Aesculus
323520307,Unknown
323613804,Treefern
323928571,Unknown
324459100,Hesperocyparis
324459431,Jacaranda
324514627,Taxodium
324571115,Unknown
324596,Unknown
324649558,Dicksonia
324659275,Unknown
324719869,Quercus
324731763,Salix
324793796,Jacaranda
324838904,Phoenix
324838906,Phoenix
324838907,Phoenix
324839166,Rhopalostylis
324839708,Phoenix
324839709,Phoenix
324839710,Phoenix
324839711,Phoenix
324839712,Phoenix
324839713,Phoenix
324839714,Phoenix
324839715,Phoenix
324839716,Phoenix
324839717,Phoenix
324839949,Robinia
324840216,Robinia
324840219,Robinia
324840220,Robinia
324841070,Phoenix
324841071,Phoenix
324841072,Phoenix
324841459,Morus
32486489,Colaptes
324900082,Robinia
324900083,Robinia
324900863,Robinia
324902826,Populus
324902828,Populus
324902829,Populus
324903344,Populus
324903349,Populus
324903350,Populus
324904143,Platanus
324904145,Platanus
324904146,Platanus
324904692,Platanus
324905081,Robinia
324905430,Platanus
324905433,Platanus
324906381,Phoenix
324906384,Phoenix
324906385,Phoenix
324906387,Phoenix
324907253,Quercus
324907254,Quercus
324907255,Quercus
324907259,Quercus
324907887,Populus
324907889,Populus
324908420,Quercus
324908634,Prunus
324909419,Phoenix
324909423,Phoenix
324909424,Phoenix
324910428,Unknown
324910431,Alnus
324910907,Alnus
324915575,Quercus
324916163,Alnus
324916166,Alnus
324916169,Alnus
324916374,Betula
324916582,Quercus
324916888,Robinia
324917092,Quercus
324917310,Quercus
324917312,Quercus
324917657,Quercus
324917658,Quercus
324917866,Quercus
325240754,Platanus
325346622,Platanus
325455853,Phoenix
325571801,Platanus
325748220,Unknown
325770039,Acer
325776091,Unknown
325822385,Quercus
325911372,Unknown
326020589,Unknown
326028806,Quercus
326216641,Unknown
326547216,Terminalia
326713190,Unknown
326745267,Quercus
326745270,Quercus
326745448,Quercus
326745775,Quercus
326745895,Quercus
326746027,Quercus
326746272,Quercus
326746503,Quercus
326746651,Quercus
326814350,Unknown
32686475,Unknown
326909785,Unknown
326927287,Unknown
327057745,Unknown
327348674,Acer
327420059,Unknown
327490838,Cyathea
327532759,Prumnopitys
327990070,Unknown
328161097,Unknown
328459771,Ligustrum
328571368,Unknown
328682711,Dicksonia
328682719,Olearia
328695665,Terminalia
328725162,Platanus
328725213,Platanus
328729498,Monterrey
328729532,Monterrey
3287306,Monterey
328886067,Platanus
328896704,Cedrus
328995895,Unknown
329343316,Unknown
32938774,Unknown
329388864,Unknown
329498901,Unknown
329809584,Unknown
329918724,Kunzea
330035044,Unknown
330098856,Unknown
330267918,Quercus
330354129,Unknown
330455923,Unknown
330555299,Metrosideros
330611972,Unknown
330665488,Cyathea
330678752,Cyathea
330776365,Salix
330795262,Eucalyptus
330846622,Unknown
33097371,Californicae
33097372,Californicae
331082227,Unknown
331089376,Unknown
331098801,Unknown
33120506,Unknown
331266944,Unknown
33128494,Unknown
331287236,Unknown
331423393,Quercus
33148472,Veronica
331519424,Pterophylla
331533916,Unknown
331615114,Unknown
33163403,Dicksonia
331700123,Arecaceae
331720315,Unknown
33179912,Widow
331816888,Salix
331838436,Unknown
331845346,Unknown
33188039,Porzana
331890237,Rhopalostylis
332421939,Salix
332440727,Unknown
332480473,Quercus
332517697,Unknown
332606626,Unknown
332606914,Unknown
332613362,Unknown
332630052,Unknown
332731759,Phoenix
332732259,Unknown
332760197,Unknown
332985299,Unknown
333025085,Unknown
333037307,Unknown
333275324,Unknown
333471586,Cyathea
3334768,Quercus
333504506,Unknown
333504575,Unknown
33353471,Unknown
333579478,Unknown
333755952,Unknown
334025509,Pinus
334148968,Unknown
334149382,Unknown
334315484,Treefern
334441576,Eucalyptus
334455451,Unknown
334480641,Cervus
334480676,Cervus
334480805,Cervus
334480912,Cervus
334689542,Unknown
334731962,Unknown
334799942,Unknown
334799943,Unknown
334894517,Unknown
334982695,Unknown
335003439,Unknown
335035873,Arecaceae
335099286,Unknown
335145622,Tilia
335145683,Tilia
335187045,Unknown
335248227,Unknown
335425251,Jacaranda
335479656,Unknown
335524723,Mimosaceae
335646634,Unknown
335647033,Unknown
335702356,Unknown
335740166,Carpinus
335741435,Quercus
335741715,Quercus
335742270,Unknown
335831862,Quercus
335939998,Unknown
336015919,Unknown
336053816,Unknown
336092784,Populus
336094159,Unknown
336171936,Unknown
33619443,Monterey
336257992,Quercus
336299972,Unknown
336300057,Unknown
336300295,Unknown
336300385,Unknown
336300452,Quercus
336375552,Enterolobium
336380914,Enterolobium
336410057,Hesperocyparis
336410181,Hesperocyparis
336428565,Sphaeropteris
336548339,Acer
336568636,Unknown
336582466,Psidium
336585279,Persea
336597044,Unknown
336597726,Unknown
336679479,Unknown
336803517,Unknown
336824734,Populus
336835457,Unknown
337145204,Unknown
337273110,Unknown
337290620,Treefern
33730206,Arecaceae
337519588,Unknown
337934243,Unknown
338085438,Terminalia
338092485,Unknown
338179394,Unknown
338204068,Unknown
338311549,Unknown
338321168,Unknown
338481851,Unknown
338567223,Unknown
33861849,Unknown
338650882,Douglas
338668882,Unknown
338743193,Unknown
338901117,Unknown
339137912,Dicksonia
339294316,Unknown
339312455,Annona
339515508,Unknown
339529756,Unknown
339617384,Unknown
339843317,Psidium
340089863,Unknown
340229888,Unknown
340286520,Unknown
340365336,Unknown
340400320,Eucalyptus
341040919,Prosopis
34104812,Unknown
341084123,Unknown
341193853,Unknown
34135298,Unknown
341692187,Unknown
341707908,Ficus
341957568,Pseudotsuga
341958141,Pseudotsuga
341968706,Pseudotsuga
342127092,Arecaceae
342137255,Ulmus
342137533,Ulmus
342165753,Unknown
342296251,Unknown
342335763,Unknown
34256424,Unknown
34266810,Unknown
342833530,Californicae
343041860,Vitex
343042004,Vitex
343042461,Vitex
343042569,Vitex
343042919,Vitex
343043144,Vitex
343043321,Unknown
343106226,Unknown
343477746,Unknown
343862604,Unknown
34391512,Wheki
343917554,Unknown
343924956,Arecaceae
34393391,Dicksonia
34394764,Unknown
344144754,Unknown
344204503,Arecaceae
344399546,Robinia
344528200,Unknown
344665009,Unknown
344742382,Phoenix
34476809,Fagus
345326540,Unknown
345628474,Unknown
34570628,Prunus
345773401,Populus
345795750,Carnegiea
345804934,Pinus
345804947,Big
345813931,Unknown
345968843,Unknown
346255979,Big
346256485,Big
346256788,Big
346258508,Big
346262156,Big
346263413,Salix
346263613,London
346266412,Douglas
346266790,Douglas
346272168,Arbutus
346272630,Big
346272992,Big
346273747,Arbutus
346277473,Douglas
346277910,Pseudotsuga
346278149,Big
346278349,Acer
346410516,Unknown
346531417,Plane
346532872,Douglas
346572109,Salix
346573619,Salix
346592403,Salix
346599790,Acer
346610013,Quercus
346616057,Phoenix
346619459,Acer
346619794,Acer
346646284,Big
346646382,Big
346646387,Douglas
346655568,Big
346661352,Acer
346685135,Acer
346686208,Acer
346828850,Douglas
346832397,Douglas
346832556,Douglas
3469565,Treefern
34721107,Tillandsia
34721109,Tillandsia
347238541,Unknown
347294346,Unknown
347581830,Unknown
347789724,Unknown
34794878,Calidris
348182785,Salix
348182786,Unknown
348182789,Salix
348221222,Unknown
348330676,Unknown
348684292,Treefern
348980658,Olea
349727182,Platanus
349977249,Peltodoris
349977946,Peltodoris
349978208,Peltodoris
350001256,Unknown
35000964,Unknown
35001023,Unknown
350372566,Unknown
350372633,Unknown
350525103,Arecaceae
350583581,Unknown
350716534,Cyathea
350716824,Cyathea
35116250,Unknown
35116251,Kamahi
35116586,Unknown
35116637,Ulmus
35130719,Corvus
351481873,Californicae
351481875,Californicae
35153381,Tillandsia
35153382,Tillandsia
351562186,Unknown
351594280,Unknown
351644080,Phoenix
351805030,Unknown
351869760,Unknown
351940728,Tilia
351941546,Phoenix
351941547,Phoenix
351941548,Phoenix
351942617,Magnoliopsida
351950295,Phoenix
351950298,Phoenix
351962664,Quercus
351963195,Salix
351963801,Quercus
351964721,Acer
351965726,Fraxinus
351966003,Fraxinus
351984701,Quercus
351986280,Robinia
351994888,Quercus
351995529,Quercus
351996341,Salix
351996950,Salix
351996951,Salix
351997439,Salix
351997440,Salix
351997801,Salix
351999005,Salix
351999325,Salix
351999328,Salix
351999673,Salix
352000021,Salix
352000027,Salix
352000432,Salix
352000983,Salix
352000984,Salix
352001491,Salix
352013092,Salix
352014537,Salix
352015105,Salix
352015113,Salix
352015772,Salix
352016880,Fagus
352016883,Fagus
352017449,Fagus
352217800,Salix
352217981,Salix
352218677,Fraxinus
352219706,Fraxinus
352219707,Fraxinus
352219999,Salix
352220881,Salix
352223411,Salix
352223880,Acer
352224458,Ulmus
352224871,Quercus
352225610,Acer
352226154,Betula
352436408,Sophora
352436596,Sophora
352489070,Unknown
352633672,Aesculus
353068270,Unknown
353548898,Populus
353818174,Unknown
3538312,Cedar
353886995,Unknown
353985843,Platanus
354166986,Unknown
354303262,Unknown
354402510,Unknown
354403330,Unknown
354404460,Unknown
354560728,Unknown
354805959,Unknown
354893183,Unknown
35500452,Unknown
355211007,Betula
355454407,Quercus
35564009,Unknown
35564040,Unknown
35564062,Unknown
355744453,Californicae
356012274,Unknown
35603245,Cyathea
356142902,Unknown
356165868,Unknown
356641961,Unknown
35666679,Unknown
3566689,Silver
356753573,Metrosideros
35681226,Ponga
35683010,Cyathea
35683012,Cyathea
35683014,Cyathea
35683016,Treefern
35683027,Treefern
35683028,Treefern
35683034,Treefern
35683041,Treefern
35686418,Unknown
35687149,Unknown
35707808,Unknown
357124844,Tilia
35723220,Unknown
357248471,Tilia
35737423,Darevskia
357432522,Cyathea
357488121,Betula
357566867,Unknown
357623862,Quercus
357634555,Unknown
358224962,Trachycarpus
358224963,Phoenix
358224964,Phoenix
358226174,Phoenix
358226179,Phoenix
358226180,Phoenix
358226182,Phoenix
358226186,Phoenix
358226187,Phoenix
358226611,Phoenix
358226614,Phoenix
358226973,Platanus
358230670,Juniperus
358230672,Juniperus
358231013,Juniperus
358231319,Fagus
358231575,Betula
358231822,Betula
358232394,Betula
358232398,Betula
358233065,Unknown
358234055,Picea
358235413,Picea
358235415,Unknown
358235664,Unknown
358245161,Alnus
358246564,Alnus
358246566,Alnus
358246570,Alnus
358246574,Alnus
358247448,Alnus
358247449,Alnus
358247450,Alnus
358247877,Alnus
358248284,Alnus
358248287,Alnus
358248508,Alnus
358249088,Alnus
358249089,Alnus
358249357,Alnus
358250924,Alnus
358251535,Alnus
358251950,Alnus
358251956,Alnus
358252324,Alnus
358253691,Alnus
358260935,Alnus
358260937,Alnus
358261333,Alnus
358261663,Alnus
358261668,Alnus
358262196,Alnus
358262533,Alnus
358262693,Alnus
358263101,Alnus
358263103,Alnus
358263531,Alnus
358263727,Alnus
358263885,Alnus
358263888,Alnus
358265589,Alnus
358265594,Alnus
358265595,Alnus
358266088,Alnus
358266400,Alnus
358266720,Alnus
358267370,Alnus
358267371,Alnus
358268183,Alnus
358268436,Alnus
358305791,Alnus
358306375,Alnus
358306766,Alnus
358307549,Alnus
358307554,Alnus
358307555,Alnus
358308445,Alnus
358308446,Alnus
358309082,Alnus
358309084,Alnus
358309087,Alnus
358309613,Alnus
358310025,Alnus
358310486,Alnus
358310907,Alnus
358311444,Alnus
358311833,Alnus
358311835,Alnus
358312490,Alnus
358313119,Alnus
358313484,Alnus
358314063,Alnus
358314904,Alnus
358314908,Alnus
358315592,Alnus
358315597,Alnus
358316111,Alnus
358316114,Alnus
358316861,Fraxinus
358317805,Alnus
358317809,Alnus
35832300,Dicksonia
35832301,Unknown
35832303,Treefern
35832379,Dicksonia
358325768,Alnus
358326802,Unknown
358330328,Alnus
358330941,Juniperus
35833097,Cyathea
358331961,Pinus
358332524,Alnus
358333166,Abies
358333683,Pinus
358334149,Tilia
358335704,Unknown
358335707,Unknown
35833990,Treefern
358342232,Unknown
35835553,Mamaku
35835557,Mamaku
358493856,Juniperus
358530690,Fraxinus
358531581,Acer
358531584,Acer
358531811,Alnus
358532221,Alnus
358532222,Alnus
358532582,Alnus
358532804,Alnus
358533001,Acer
358537283,Tilia
358538135,Tilia
358538136,Tilia
358538417,Alnus
358538665,Alnus
358538830,Alnus
358539606,Alnus
358541227,Tilia
358541229,Tilia
358541491,Unknown
358543603,Unknown
358543889,Unknown
358544393,Alnus
358545156,Alnus
358545158,Alnus
358545375,Juniperus
358545669,Picea
358546450,Unknown
358546760,Unknown
358548173,Unknown
358548337,Robinia
358548711,Unknown
358548942,Unknown
358549167,Unknown
358549781,Fraxinus
358550364,Crateagus
358550367,Crateagus
358550368,Crateagus
358550595,Fraxinus
358564137,Tilia
358564515,Aesculus
358577865,Alnus
358578145,Alnus
358578342,Alnus
358578521,Alnus
358578787,Picea
358579329,Alnus
358579366,Unknown
358579661,Unknown
358594571,Alnus
358594574,Alnus
358596039,Alnus
358597171,Betula
358597722,Populus
358602353,Populus
358602694,Betula
358603096,Robinia
358603639,Picea
358604082,Alnus
358604872,Betula
358605225,Picea
358606160,Alnus
358606166,Alnus
358606167,Alnus
358606780,Alnus
358607220,Alnus
358607426,Unknown
358607689,Betula
358608484,Pinus
358608762,Robinia
358609100,Picea
358609368,Alnus
358610683,Alnus
358611368,Quercus
358612304,Alnus
358612615,Picea
358612930,Tilia
358613745,Quercus
358614437,Tilia
358615916,Salix
358616674,Salix
358616678,Salix
358617117,Salix
358617653,Salix
358629773,Salix
358630366,Acer
358630826,Platanus
358631817,Cycas
358632881,Acer
358633404,Acer
358634059,Acer
358634617,Acer
358635514,Unknown
358635977,Unknown
358636589,Pinus
358637977,Cercis
358637978,Cercis
358639203,Platanus
358640302,Fraxinus
358640921,Unknown
358647325,Alnus
358647329,Alnus
358648060,Quercus
358648489,Robinia
35870996,Diadophis
358755139,Populus
358776639,Picea
358902919,Unknown
358934420,Quercus
359065873,Phoenix
359065978,Phoenix
359189586,Peltodoris
359194125,Levenhookia
359195795,Levenhookia
35921147,Unknown
359311594,Betula
359313671,Picea
359410757,Unknown
359616186,Unknown
359618262,Unknown
359967743,Unknown
360111519,Sequoia
360111749,Quercus
360112233,Quercus
360423315,Unknown
360730462,Acer
360779334,Phoenix
360809956,Unknown
360810822,Unknown
361021151,Sequoia
36103109,Unknown
361044617,Quercus
361118663,Salix
36117005,Sisyrinchium
361175121,Populus
361176861,Salix
361357752,Salix
361358765,Salix
361361898,Salix
361363715,Salix
361540550,Acer
361678269,Prunus
361822442,Fagus
361960913,Quercus
36201431,Unknown
362165489,Unknown
362181731,Betula
362505226,Phoenix
362505459,Phoenix
362505818,Phoenix
362505959,Phoenix
362506183,Unknown
362506346,Phoenix
362506444,Phoenix
362506534,Phoenix
362506592,Phoenix
362718158,Unknown
36273786,Arecaceae
36276510,Treefern
36276512,Treefern
36285484,Betula
36285927,Arecaceae
362946904,Unknown
363060310,Unknown
363204040,Fraxinus
363308779,Peltodoris
363310721,Levenhookia
363313880,Levenhookia
363315264,Acer
363316467,Acer
363357542,Ardea
363478854,Tilia
363725273,Unknown
36409056,Arecaceae
364093248,Unknown
364339143,Unknown
364478166,Phoenix
364600301,Phoenix
364600623,Phoenix
36492192,Treefern
364924315,Sophora
364972415,Trachycarpus
365047328,Unknown
365087299,Aesculus
365087379,Quercus
36508753,Ponga
365092843,Maesa
365094051,Unknown
36511432,Californicae
365128423,Unknown
365128567,Unknown
365141366,Unknown
365262539,Unknown
366572417,Ficus
367423476,Arecaceae
367425320,Arecaceae
367426071,Unknown
367427100,Arecaceae
367427654,Unknown
367428053,Unknown
367428478,Unknown
367429321,Unknown
367430088,Unknown
367430721,Unknown
367431050,Unknown
36756994,Arecaceae
36792703,Unknown
36830601,Unknown
36908652,Cinnamomum
36929697,Unknown
36958857,Arecaceae
37008104,Unknown
37089817,Unknown
37132724,Unknown
37235150,Unknown
37489447,Unknown
3769184,Silver
37744572,Salix
37811028,Unknown
38067414,Acer
38342096,Unknown
38528268,Unknown
38731976,Araneidae
38767937,Unknown
39033542,Phoenix
39033547,Phoenix
39033553,Phoenix
39047230,Unknown
39122439,Unknown
39173224,Arecaceae
39449880,Unknown
39472251,Acer
39472307,Acer
39682909,Unknown
39735298,Acer
39783914,Cervus
3993916,Unknown
3999633,Eucalyptus
40047288,Cyathea
4004866,Agonis
4004949,Unknown
40518618,Coenonympha
40519952,Fringilla
40577682,Fringilla
4059463,Unknown
40615434,Unknown
40628999,Unknown
40701475,Hesperocyparis
4083848,Unknown
41173194,Cervus
41182173,Melia
41205310,Unknown
41236552,Unknown
41280146,Unknown
41287093,Cervus
41796402,Unknown
42044308,American
4204668,Unknown
42058219,Vespidae
42146005,Tilia
42159645,Terminalia
4227764,Unknown
4236048,Silver
4241102,Magnoliopsida
4243212,Nothofagus
42563380,Unknown
42658569,Arecaceae
42850341,Sycamore
4295728,Unknown
42988722,Unknown
43200894,Unknown
43225523,Alectryon
43519806,Unknown
43760639,Leyland
44103556,Silver
44132943,Unknown
44143808,Unknown
4427753,Phoenix
44326840,Unknown
44428545,Arecaceae
44533285,Chylismia
44675347,Mangrove
44679841,Unknown
44817280,Unknown
44879851,Fringilla
44883513,Unknown
44931420,Unknown
45192690,Unknown
45196731,Unknown
4525415,Unknown
45642896,Quercus
45680126,Unknown
46034306,Unknown
46101745,Unknown
4645819,Salix
46485325,Fringilla
46488737,Cervus
46533702,Unknown
46582679,Unknown
46638854,Unknown
469325,Unknown
47190742,Californicae
47217334,Unknown
47328373,Unknown
47425215,Unknown
4744646,Unknown
47459143,Unknown
47816582,Unknown
48034193,Tilia
48421756,Cervus
4910217,Unknown
4915747,Arecaceae
49270659,Sabal
49344711,Cervus
4998028,Unknown
5019783,Ulmus
50330200,Unknown
5066355,Red
50673793,Terminalia
50724272,Pinus
50962287,Hypogymnia
51079499,Unknown
5112520,Lancewood
5113099,Unknown
5117524,Unknown
51204253,Terminalia
5134163,Treefern
51356023,Unknown
51382750,Pinus
51478660,Unknown
5208739,Unknown
52317810,Juglans
52508770,Dicksonia
5281821,Unknown
52942167,Terminalia
53065459,Fringilla
53287715,Unknown
53293560,Californicae
53329081,Malosma
53330269,Malosma
5346010,Hesperocyparis
53556474,Californicae
53690828,Unknown
53698538,Eucalyptus
53909254,Malosma
53909631,Malosma
54265299,Unknown
54310118,Malosma
54467105,Californicae
54809099,Unknown
55087572,Unknown
55117316,Unknown
55245160,Unknown
55250521,Prosopis
55286170,Calidris
55286175,Calidris
55688801,Unknown
5570993,Bigleaf
56726550,Unknown
56885407,Arecaceae
57315057,Vachellia
57519720,Treefern
57585703,Unknown
57615535,Unknown
576179,Bigleaf
57818177,Unknown
57818257,Unknown
57818464,Unknown
57818589,Unknown
57820037,Unknown
57820152,Unknown
57820219,Unknown
57820377,Unknown
57820429,Unknown
57856451,Unknown
57858809,Unknown
57966012,Arecaceae
58056999,Unknown
58066627,Unknown
58697620,Silver
58697701,Dicksonia
59082010,Red
59393517,Californicae
59393519,Californicae
59393520,Californicae
59469836,Unknown
59520257,Californicae
59838493,Californicae
59838591,Californicae
59838684,Californicae
59838794,Californicae
59838880,Californicae
59838947,Californicae
59839104,Californicae
59839183,Californicae
59839228,Californicae
59839276,Californicae
59839326,Californicae
59839371,Phoenix
59839393,Californicae
59839442,Californicae
59839484,Californicae
59839509,Californicae
59839576,Californicae
59913675,Unknown
60038430,Unknown
60162396,Alsophila
60624325,Unknown
60695673,Cyathea
61487910,Californicae
61638448,Unknown
61755616,Treefern
62172154,Silver
62172840,Malus
62172918,Unknown
62521531,Unknown
62578966,Unknown
62591758,Unknown
62595420,Unknown
62596596,Unknown
62596664,Arecaceae
62722080,Quercus
62749472,Ficus
63073211,Terminalia
63078839,Cervus
63278603,Fern
63368514,Quercus
63368515,Quercus
63368516,Quercus
63544331,Californicae
63544333,Californicae
638469,Redwood
64378406,Unknown
6438910,Unknown
64397477,Acer
64411860,Unknown
64820860,Silver
64835892,Salix
64914069,Unknown
64997327,Unknown
65264142,Vespidae
6546384,Sisyrinchium
65521663,Unknown
65524927,Unknown
65623068,Unknown
65869373,Magnoliopsida
65956163,Punga
66076216,Melia
6610022,Unknown
66126797,Dicksonia
66126894,Alsophila
66499892,Unknown
66517949,Unknown
66541150,Tsuga
66597881,Melaleuca
6671777,Unknown
66721855,Prunus
66778618,Quercus
66803792,Unknown
66824329,Cervus
66867899,Dicksonia
66911275,Kamahi
66953960,Sabal
6701060,Nikau
67054298,Unknown
67054381,Unknown
67054513,Unknown
67120256,Dicksonia
67121487,Weinmannia
67169973,Unknown
67219577,Unknown
67320096,Acer
67457544,Arecaceae
67551371,Unknown
67760073,Unknown
67767279,Unknown
67807705,Unknown
67808823,Unknown
67974511,Unknown
68184820,Unknown
68227708,Dicksonia
68297053,Unknown
68393576,Unknown
68397420,Pseudotsuga
6856486,Chlorodrepanis
68709072,Cyathea
68774102,Unknown
68793817,Cyperus
68843,Bigleaf
69118093,Bangalay
69166170,Unknown
69203617,Unknown
69251319,Tawari
69277109,Acer
69282698,Unknown
69282776,Unknown
6939824,Unknown
69454817,Terminalia
69455804,Acer
69480975,Unknown
69647446,Treefern
69694000,Unknown
69733786,Unknown
69835281,Quercus
69986685,Unknown
70029807,Unknown
70077839,Rhopalostylis
70446414,Cervus
70612475,Douglas
70884825,Quercus
70904245,Malus
71118387,Unknown
71265894,Unknown
7137039,Treefern
71373584,Unknown
7169200,Unknown
7169340,Unknown
71861394,Unknown
71945868,Unknown
72004131,Nothofagus
72253861,Unknown
72340037,Unknown
72464869,Quercus
72481105,Quercus
72707978,Unknown
72715828,Liriodendron
7316845,Quercus
73224042,Calidris
73582734,Dicksonia
73732687,Unknown
74355246,Unknown
74418926,Ilex
74602608,Terminalia
74628223,Cervus
74906508,Dicksonia
74907131,Dicksonia
74925457,Unknown
75082393,Unknown
75352080,Unknown
75401722,Dicksonia
75561718,Unknown
75675616,Unknown
75784699,Unknown
76226962,Acer
76278398,Unknown
76598549,Unknown
76665438,Phoenix
76699693,Betula
76730170,Cedrus
7777933,Unknown
77800889,Salix
77850918,Plantanus
77988932,Unknown
78155890,Robinia
79365071,Unknown
79366423,Dicksonia
79734954,Californicae
79735363,Californicae
79735428,Californicae
79735482,Californicae
79735543,Californicae
79737264,Unknown
79737712,Californicae
79737960,Unknown
79747542,Unknown
79747604,Unknown
79747768,Unknown
79748224,Unknown
79748548,Phoenix
79748668,Unknown
80208443,Dicksonia
80347824,Coenonympha
80599800,Unknown
8077486,Cabbage
81117915,Californicae
81171540,Phoenix
81269641,Californicae
81269833,Unknown
81579587,Californicae
81827910,Cyathea
81843095,Phoenix
81909013,Unknown
82340019,Unknown
82565988,Unknown
8266760,Nikau
83353476,Unknown
83469510,Unknown
83488399,Dicksonia
8381899,Cupressus
83961965,Quercus
84050794,Unknown
84244356,Unknown
84408395,Arecaceae
84513899,Californicae
84513951,Californicae
8455870,Prunus
8512006,Unknown
8512457,Unknown
8512556,Unknown
85161256,Californicae
85171472,Unknown
85233464,Unknown
85284399,Unknown
8528441,Knightia
85307620,Unknown
85307882,Unknown
85308094,Unknown
85308147,Unknown
85308530,Phoenix
85309025,Unknown
8593228,Unknown
8593259,Unknown
8593331,Unknown
8593842,Unknown
8593864,Unknown
8593890,Unknown
8593927,Unknown
86011614,Dacrycarpus
86032800,Unknown
86371332,Unknown
8691056,Unknown
8691065,Unknown
8691073,Unknown
8691081,Unknown
86952250,Unknown
8705896,Unknown
8705961,Unknown
8705969,Unknown
8705975,Unknown
8706005,Unknown
8706025,Unknown
8706027,Unknown
8706032,Unknown
87087601,Unknown
87248971,Cervus
87340314,Unknown
87378975,Pinus
87616651,Juglans
8766170,Unknown
8766352,Unknown
8766657,Unknown
8766897,Unknown
8767100,Unknown
87693791,Treefern
8769462,Unknown
8769479,Unknown
8769500,Unknown
8769541,Unknown
8769560,Unknown
8769705,Unknown
8769789,Unknown
8769835,Unknown
8769864,Unknown
8769956,Unknown
8770039,Unknown
8770098,Unknown
8770127,Unknown
8770147,Unknown
8770176,Unknown
8770194,Unknown
8770221,Unknown
8771018,Unknown
8771034,Unknown
8771094,Unknown
8777073,Unknown
87818543,Californicae
87818695,Unknown
87818809,Unknown
87819278,Unknown
8791723,Unknown
8791731,Unknown
8791740,Unknown
8791749,Unknown
8791753,Unknown
8791856,Unknown
8791868,Unknown
8791886,Unknown
88102360,Phoenix
88162760,Tabebuia
88297524,Unknown
88456242,Unknown
88456816,Unknown
88532086,Unknown
8859131,Cactus
88653708,Dicksonia
8871349,Betula
89132987,Unknown
89133864,Unknown
89145443,Californicae
89145525,Unknown
8927442,Unknown
89297871,Unknown
89502287,Unknown
89601529,Salix
89863708,Unknown
89998137,Dactylorhiza
89998858,Unknown
89998965,Californicae
9006676,Unknown
90113359,Unknown
90113388,Phoenix
90122929,Unknown
9015292,Silver
90309039,Dicksonia
9075159,Unknown
9097802,Treefern
91219113,Californicae
91360125,Unknown
91360232,Phoenix
91377750,Unknown
9140975,Corydalus
91459948,Unknown
91502340,Unknown
9192315,Zonotrichia
92025100,Unknown
92047138,Platanus
92049836,Quercus
92076745,Unknown
92318119,Populus
92545592,Unknown
92545630,Unknown
92552405,Acacia
92569134,Unknown
92604960,Afrixalus
92649390,Sitta
92720923,Epidendrum
9280296,Memphis
9281581,Unknown
9281608,Unknown
9281673,Unknown
9281718,Unknown
9281767,Unknown
9281787,Unknown
9281796,Unknown
9281807,Unknown
9282749,Unknown
92830730,Betula
92872191,Phoenix
9287480,Unknown
9287502,Unknown
9287522,Unknown
9287537,Unknown
92876043,Unknown
93441257,Salix
93441277,Salix
93441926,Unknown
93603596,Unknown
94055249,Parnara
941339,Aulacorhynchus
94396297,Palmae
94414988,Unknown
944789,Araneidae
94488726,Unknown
94488872,Unknown
94489053,Unknown
94539656,Unknown
94539737,Californicae
94539971,Unknown
94540235,Unknown
94677357,Californicae
94677926,Californicae
94677998,Unknown
94678175,Unknown
94678273,Californicae
94678405,Unknown
94678487,Unknown
94678572,Californicae
94678663,Unknown
94678719,Californicae
94678766,Unknown
94795034,Californicae
94795167,Californicae
94900653,Unknown
94905440,Unknown
94905490,Unknown
94905542,Unknown
94905579,Unknown
94906367,Unknown
94906399,Unknown
94906560,Unknown
94906647,Unknown
94906684,Californicae
94906741,Unknown
94906791,Californicae
94907041,Unknown
94907107,Unknown
94907188,Unknown
94907252,Phoenix
94908331,Treefern
95123924,Unknown
95124122,Californicae
95171350,Unknown
95363252,Weinmannia
95367998,Unknown
955229,Dicksonia
955368,Nikau
955370,Rata
95629130,Californicae
95629232,Unknown
95629570,Unknown
95629783,Unknown
95629987,Californicae
95630151,Californicae
95630227,Californicae
95630270,Californicae
95630538,Unknown
95630656,Unknown
95630835,Californicae
95630909,Unknown
95631105,Unknown
95677771,Quercus
95736305,Californicae
95736353,Unknown
95736385,Unknown
95805721,Phoenix
9604697,Unknown
96161682,Dacrycarpus
96336419,Californicae
965399,Unknown
966787,Kowhai
96757254,Unknown
969054,Cyathea
97064298,Acer
97133284,Mycena
97219655,Setophaga
97273785,Unknown
97362051,Unknown
974397,Unknown
97518896,Unknown
97519090,Unknown
97519162,Unknown
97519230,Unknown
97519297,Unknown
97519465,Unknown
97801386,Unknown
97985391,Cervus
980122,Unknown
98113435,Phoenix
98135421,Acer
9833046,Unknown
98353105,Palmae
9841041,Selasphorus
98419257,Palmae
98592125,Calidris
986522,Treefern
98688176,Quercus
98860169,Cervus
98866402,Cervus
99000697,Cervus
99041412,Unknown
99070774,Dicksonia
99167079,Alsophila
99178408,Pinus
9923586,Prosopis
99247099,Unknown
99247101,Unknown
99426733,Californicae
996945,Unknown
9993671,Unknown
