observed_zero_rate,predicted_zero_rate
0.473684210526316,0.419616541353383
