Estimate,SE
-4912.204804466608,72.26697879213832
96.2467345476482,12.245637754954814
9824.409608933216,144.53395758427664
