observed_zero_rate,predicted_zero_rate
0.473684210526316,0.476082706766917
