user_id,user_login,user_name,roles
8223954,a693,A L.C,identifier
2770568,aa22,,identifier
8333278,aallottaret,,identifier
7188216,aamarchante,Adrian Alvarez,"identifier,observer"
459255,aaron567,Aaron Stoll,"curator,identifier,observer"
266181,aaronliston,Aaron Liston,"curator,identifier"
8247753,aaronwallace,Aaron Wallace,identifier
1551892,aavankampen,Tony van Kampen,identifier
4888447,aazide,J. Wedel,identifier
3304841,ab_orchid,,identifier
2285053,abbyhyde,Abby Hyde,"identifier,observer"
46945,abe,T. Abe Lloyd,"identifier,observer"
1866692,abedggood,Alan Bedggood,identifier
2772586,abelkinser,,identifier
773179,abounabat,Errol Véla,"annotator,curator,identifier,observer"
2572340,abrahamlimpkin,Geoffrey Parks,identifier
6380088,abstinence_enthusiast,Sophia,identifier
553033,aburke,Adrian Burke,identifier
4981207,abyssal,Alex Dowd,"annotator,identifier,observer"
7876985,acascante,A. Cascante-Marín,"identifier,observer"
6906574,ackermann_markus,Markus Ackermann,"identifier,observer"
5620,aclay232,,"identifier,observer"
7793217,acnestis,Angus Campbell,"identifier,observer"
8898982,acosta80,André Costa,"identifier,observer"
6589451,acroceph,Acrocephalus,identifier
176229,adair,Adair McNear,"identifier,observer"
7091301,adam_guziak,Adam Guziak,"identifier,observer"
1222837,adennert,,"identifier,observer"
744712,adiamond,Alvin Diamond,"curator,identifier"
253570,adlindsay,Alec Lindsay,"identifier,observer"
676005,adriaan_grobler,Adriaan Grobler,identifier
1495197,adrian_wysocki,Adrian Wysocki,"identifier,observer"
5266780,adriankreft,Adrian Kreft,"annotator,curator,identifier,observer"
3929889,adrianosilverio,Adriano Silvério,identifier
315158,adrien3,Adrien Darroman,"identifier,observer"
2881117,aerieanna,,identifier
5062698,aesculus_californica,Giancarlo Gollotti,"identifier,observer"
2508314,afdexter,Annette Dexter,"annotator,identifier"
1254600,afid,,identifier
4946189,agatajarska,Agata Jarska,"identifier,observer"
5311875,agravia,Agravia,identifier
115129,aguilita,Roberto R. Calderón,"curator,identifier"
5517967,ahabo,ahabo,"identifier,observer"
1529405,ahmedm,,identifier
18823,ahospers,Andre Hosper,"identifier,observer"
1448685,ahparadis,Anne-Hélène Paradis,"curator,identifier"
1739755,aidancampos,Aidan Campos,"curator,identifier"
9493934,ajameson13,,identifier
2526742,ajott,,"identifier,observer"
205278,ajwright,Alex Wright,"curator,identifier"
5956465,akarani,Anthony Karani,"identifier,observer"
796974,akekoa,Jamie Myslik,"identifier,observer"
8657945,akennel,,"identifier,observer"
6590480,aksel_j,,identifier
27450,alabamaplants,J. Kevin England,"curator,identifier"
1342929,alan_prather,Alan Prather,identifier
3816611,alana_mullen,Alana Mullen,identifier
1622698,alanhobler,Alan Hobler,identifier
677256,alanhorstmann,Alan Horstmann,identifier
4035261,alarialn,,"identifier,observer"
448306,alasdair_scott,Alasdair Scott,identifier
726060,albach,,"curator,identifier,observer"
4483817,alberto_colatore,Alberto Colatore,"curator,identifier"
5829267,albertocapuano,Alberto Capuano,identifier
9002596,albina_fadina,Альбина Фадина,"identifier,observer"
3988300,albkat,Katharina Albert,identifier
4747384,alblueheron,Albert Burchsted,"identifier,observer"
32343,ale-alep,Alejandra Peña Estrada,"identifier,observer"
4184175,alec_edward,Alec Edward,identifier
9382228,alejandro54572,Alejandro Juarez,identifier
1919863,aleks-khimin,Александр Химин,identifier
3902864,alessandro_gementi,Alessandro Gementi,identifier
5420596,alex2903,Alex Cornwall,identifier
434305,alex_abair,Alex Abair,"curator,identifier,observer"
2946037,alex_fox,Alex Fox,identifier
2554773,alex_iosipenko,Alexander Iosipenko,identifier
4779228,alex_wentworth,Alexander Wentworth,"identifier,observer"
2826522,alexander_baransky,Alexander Baransky,identifier
6932151,alexander_gs,Alexander Stehr,identifier
953358,alexanderdg,Alexander de Gouveia,"annotator,identifier"
129251,alexanderr,Alex Rebelo,observer
5775604,alexanderwuensche,Alexander Wünsche,identifier
6617885,alexandra1297,Alexandra Halász,"identifier,observer"
7485296,alexandru_dragomir,Alexandru Dragomir,"identifier,observer"
3262627,alexbinck,Alex Binck,"identifier,observer"
6558236,alexbot,Alexandre Leroy Delande,"curator,identifier"
1497707,alexespinosa601,Alex Espinosa,"annotator,identifier"
100603,alexgraeff,Alex Graeff,"annotator,identifier,observer"
5315304,alexinthealps,Alex Martine,"identifier,observer"
8159738,alexisguevara,,"identifier,observer"
15030,alexiz,Alexis López Hernández,"curator,identifier"
981991,alexlees,Alexander Lees,"identifier,observer"
902849,alexmorss,Alex Morss,"identifier,observer"
1634026,alexpottekkat,Alex Pottekkat,"identifier,observer"
10050220,alexseykalimulin,Kalimulin Alexey,identifier
8277116,alexwain,Alex,"identifier,observer"
7370103,alfonso_caprio,Alfonso Caprio,identifier
1359374,alibird1,Alison L. Bishop,"identifier,observer"
57409,alice_shanks,Alice Shanks,"identifier,observer"
5415359,aline301,Aline Homes,identifier
438488,alisonnorthup,Alison Northup,"curator,identifier"
4893957,alistair_r_smith,Alistair Smith,"identifier,observer"
4754250,all_creatures_count,All Creatures Count,identifier
447534,allaverkhozina,Alla Verkhozina,"identifier,observer"
9029464,alm0st,alm0st,identifier
2765614,alrumpel,Alexander Rumpel,"annotator,identifier"
9494031,altruque,,identifier
7301377,alvarojigo,,identifier
6294062,alx4mtmel,R.M,identifier
678734,alxreza,Alejandro Reza Hernández,identifier
1765173,alyssaball,Alyssa Ball,"identifier,observer"
5504171,alzym,Alan McArthur,identifier
9977683,amador2025,Lucía Amador,"identifier,observer"
417352,amailhos,Ary Mailhos,"curator,identifier"
5294800,amandacis33,,"identifier,observer"
298956,amantedarmanin,,identifier
8372300,amaryllid,,"annotator,identifier"
3939279,amaya-black,,"identifier,observer"
2304822,ambitiousflex,,identifier
239079,amc,,identifier
7454845,amcmo,Ana Oliveira,identifier
167645,amelia-geary,Amelia Geary,"identifier,observer"
6694049,amestwooceans,Amy Taylor,identifier
3973717,amlangford,,"identifier,observer"
8638985,amoncarter,,"identifier,observer"
10506944,amy_eco,,"identifier,observer"
7944836,ana_cardoso1,Ana Cardoso,"identifier,observer"
784190,anabenavides,Ana Maria Benavides,"curator,identifier,observer"
3733969,anacollados,AnaCollados,"identifier,observer"
2649353,anastasiapopelskaya,Anastasy Popelskaya,"identifier,observer"
8910816,ancatmara,Oksana,"identifier,observer"
6712293,andrea3817,Andrea Bettini,"identifier,observer"
4472171,andrea_c02,AndreaC,"annotator,identifier"
4008661,andreas_berger,Andreas Berger,"curator,identifier"
2509775,andreass1,Andreas Schneider,identifier
3357630,andreaszehm,,"identifier,observer"
2716480,andrefabiao,André Fabião,"annotator,identifier,observer"
4435717,andres_asun,Andrés Asun,identifier
8833366,andresmieres,,annotator
4114191,andresvila,Andres Vila,"identifier,observer"
7439140,andrew-gray,Andrew Gray,"curator,identifier,observer"
5065112,andrew1713,Andrew Brown,identifier
3788962,andrew_dudley,Andrew Dudley,"curator,identifier"
11253,andrew_hankey,Andrew Hankey,"curator,identifier"
133804,andrewblayney,Andrew Blayney,identifier
411614,andrewsteward,,"identifier,observer"
3662871,andrey100,Andrey Bazylenko,identifier
2025813,andrscervantes,Andrés Saldaña Cervantes,"identifier,observer"
1117898,andryrakoto,Andry.A.R,identifier
3934343,andyhallsworth,,"identifier,observer"
2353614,anetteffm,,"identifier,observer"
1978464,angel_fernandez_cancio,Ángel Fernández Cancio,"identifier,observer"
6157876,angelo2023,Angelo Pessoa,"annotator,identifier,observer"
8759957,angelo2025,Angelo Pessoa,"annotator,identifier,observer"
9735488,angilbertomora17,Angilberto morales,"annotator,identifier,observer"
8811319,ani_silva,,observer
951127,aniruddha_singhamahapatra,Aniruddha Singhamahapatra,identifier
9423827,anjeri,Antje,identifier
4965833,annabelbeattie,,"identifier,observer"
2508443,annabelc,Annabel Carle,identifier
1441336,anneliesewilson,Anneliese Wilson,identifier
1895708,annelyt,Annely Thayer,"identifier,observer"
1955260,annieliveoak,,"identifier,observer"
2229996,annkatrinrose,Annkatrin Rose,identifier
6846348,anonyme973,,"identifier,observer"
224220,anthonybaniaga,,"identifier,observer"
169497,anthonyromano,Anthony Romano,"identifier,observer"
457523,anthonywood,Tony Wood,"identifier,observer"
6880103,antonva,Antón Vázquez,"curator,identifier,observer"
7403284,aojoel,,"identifier,observer"
1981355,aparnaw,Aparna Watve,identifier
18701,apgarm,Mark Apgar,identifier
2045841,aphili8,Adele Philippides,identifier
6162031,aprildmoore,April D. Moore,identifier
725071,apseregin,Alexey P. Seregin,"identifier,observer"
3433619,apungin,Artem Pungin,"identifier,observer"
6392386,apusapus2,ApusApus,identifier
748372,arbonius,Aaron Schusteff,"curator,identifier,observer"
6397916,arcaniac,,identifier
9025713,archer_lamo,Archer Lamason,identifier
250191,arethusa,,"curator,identifier"
1365546,argonauta,Rosario,"identifier,observer"
7162679,ari_jokimaki,Ari Jokimäki,identifier
7583198,arianr,Arian Remmers,"identifier,observer"
5141193,arizotsonii,KB,identifier
1395663,arjonker,Anneke Jonker,"identifier,observer"
5833356,arnauboschguiu,Arnau Bosch Guiu,identifier
9617189,arne_w,arne w nolte,"identifier,observer"
1612140,arryn,,annotator
1050681,artdivcan,Daniel Suárez,identifier
3773273,arthur_haendler,,identifier
7788747,arthurjoestephens,,"identifier,observer"
1412565,arvel,Arvel Hernandez,"annotator,identifier,observer"
8857060,asabai,Andrew Sabai,"identifier,observer"
7378960,ascii,,identifier
264913,ash2016,Ashwin Srinivasan,"identifier,observer"
5690236,asher_g_,Asher G. Whitney,identifier
9432,ashley_bradford,Ashley M Bradford,"identifier,observer"
175129,aslund,,"identifier,observer"
620642,aspidoscelis,Cecelia Alexander,"curator,identifier"
7377198,asplenium26,Baptiste Chouanet,identifier
1035100,astorey_botany,Adam Storey,"curator,identifier"
1909106,astra_the_dragon,Astra,"curator,identifier"
8042731,astridgrindeland,,"identifier,observer"
420537,astrobirder,Sequoia Janirella Wrens,"identifier,observer"
9346704,astur999,Angel Garcia,identifier
618625,atom,Tzu-Neng Yuan,identifier
1314436,atp_synthaz3,Brandon Najarian,identifier
2082824,attilalengyel,Attila Lengyel,"curator,identifier,observer"
3934643,atwebb,,identifier
771397,audissou,Jean Audissou,identifier
1122352,augustjackson,August Jackson,"identifier,observer"
58459,aunty,Katy Johns,"identifier,observer"
784732,auricular,,identifier
5434742,austinjbrown,,identifier
563128,austinrkelly,Austin R. Kelly,"curator,identifier,observer"
5263552,auxarc7,auxarc7,"identifier,observer"
7918534,awmwootton,,"identifier,observer"
6780251,axel_montigny,Axel Montigny,identifier
6369198,axelgosseries,Axel Gosseries,identifier
1068507,ayatana_biophilium,Alexis Williams,"identifier,observer"
16744,aztekium,Carlos G Velazco-Macias,"annotator,curator,identifier"
2305367,b-fisch,Bernhard Fischer,"identifier,observer"
3737482,b3ugaz,,"identifier,observer"
2367948,b_silva,Benjamin Silva Ahumada,identifier
6307743,bagli,Bartosz Czołczyński,"identifier,observer"
4808696,bailey_plants,Bailey Field,"annotator,identifier,observer"
567145,baldeagle,Cliff Tyllick,"annotator,identifier,observer"
4173263,balles2601,David Ballesteros,"annotator,identifier,observer"
4190067,bamboo_bambooson,Kolja Bodendieck,identifier
7878584,banksiana-jones,Cooper Randall,"identifier,observer"
134020,barbarah,Barbara Hammonds,"identifier,observer"
355160,barbaraparris,Barbara Parris,"annotator,identifier,observer"
2912676,baronsamedi,baronsamedi,"identifier,observer"
19767,bartwursten,Bart Wursten,"identifier,observer"
932082,basiliomaciel,Basílio Maciel,"identifier,observer"
58165,bbi2,,"identifier,observer"
723646,bbk-htx,,annotator
58341,bcal003,Bruce Calvert,"annotator,identifier,observer"
4522590,bean_ar,Tony Bean,identifier
1928773,beastmode1969,Steve Smith,"identifier,observer"
5452954,beccamelville,Rebecca M,identifier
477450,becj,Bec Johnson,identifier
3588874,becksnyc,,"identifier,observer"
7876739,beelovermill,Emily Evers,identifier
4530284,beesimps,"Bethany A. Simpson, MSc","identifier,observer"
2925620,begalma,Alix Sanchis,"curator,identifier"
212932,ben01,Ben Goodwin,"identifier,observer"
5528962,ben_bundy,,observer
4057094,ben_wj,Ben Wynne-Jones,identifier
5312233,benjaminferlay,Benjamin Ferlay,identifier
2195262,benkendrick,Ben,identifier
4792310,bennopost,Benno,identifier
1305186,bennybotany85,bennybotany85,identifier
4202784,benoit_henry,Benoît HENRY,"identifier,observer"
1112044,bente2,Bente Øpstad,identifier
4649588,bentleycolwill,Bentley Colwill,identifier
4542260,berdejo,,"identifier,observer"
8902628,bernard28679,Bernard Ribouchon,"identifier,observer"
1417816,bernhard_hiller,,"annotator,identifier,observer"
741839,bert10,Bert Heathwood,"identifier,observer"
1013905,bertbohosouth,,"identifier,observer"
119121,berthine,Berthine Bruinsma,"identifier,observer"
2625627,beth393,Beth Ross,identifier
1158917,bevan2,Bevan Smith,"identifier,observer"
335203,bevc,,"identifier,observer"
8872226,bfieschirose,Benjamin Fieschi-Rose,"identifier,observer"
2779702,bgrimmer,bgrimmer,identifier
2936705,bhauge,,"identifier,observer"
10376733,bianca21723,Bianca Carriço,"identifier,observer"
789341,big_al_xo,Alexandra Touloupas,"identifier,observer"
5621275,bigdakes,Simon Dakin,"identifier,observer"
58773,bill-nz,Bill Campbell,identifier
9446755,billson01,Edward Wilson,identifier
1059852,biomanugg,Emmanuel Garcia Gutierrez,"identifier,observer"
7746817,biophilicmisanthrope666,Alexandra Scozzari,identifier
642,biosam,Sam McNally,"curator,identifier,observer"
4993090,birdernerder,Ella Slinn,identifier
29091,birdwhisperer,Sean Cozart,"curator,identifier"
5957621,birgit205,Birgit Vollrath,"annotator,identifier,observer"
304776,bit,Bitty A. Roy,"curator,identifier,observer"
342054,bizz1288,,observer
44387,bkossy,Barbara Kossy,"identifier,observer"
8161083,blue29697,Blue Bird,identifier
33926,blueh2mo,,identifier
1829023,bmiller001,Brian Miller,"identifier,observer"
499660,bob_kahl,Robert Kahl,identifier
376997,bob_p,Robert Pitts,identifier
3223027,bobbislav,Boris Mittermeier,identifier
516268,bobby23,Bobby McCabe,"curator,identifier,observer"
107754,bobcatbrad,Brad Von Blon,identifier
1028043,bobhoard,Robert Hoard,"identifier,observer"
1005840,bobwardell,Robert H. Wardell,identifier
318516,bodofzt,Bodo Nuñez Oberg,"annotator,curator,identifier,observer"
3219476,bog_goblin,J,"identifier,observer"
1179039,bogcheetos,Justin,"identifier,observer"
7427723,bogey808,Humphrey Hernandez Jr.,identifier
5796782,boggyfrog3,,"identifier,observer"
429193,bombin,Pablo Bombín,"identifier,observer"
6212223,boobook99,Keith Morris,identifier
1431994,borisbolshakov,Boris Bolshakov,identifier
273984,borja-molina,Azul B.M,identifier
2753794,bornfeta,,annotator
112578,bosqueaaron,🌱 Aaron Lincoln 🌱,"identifier,observer"
8757041,bosquegrande,,identifier
2586265,botanarchiste,Aurélien Bour,"identifier,observer"
703316,botaneek,Nick Helme,"annotator,identifier,observer"
4213153,botanicachas,Álvaro González,identifier
1501350,botanils,Nils Servientis - Bivouac Naturaliste,"identifier,observer"
8882,bouteloua,cassi saari,"curator,identifier"
2823497,bradcadwallader,Brad Cadwallader,identifier
2495324,bradenjudson,Braden J. Judson,"identifier,observer"
5200041,bradjunswick,bradjunswick,identifier
4319576,bramvdbergh,Bram vd Bergh,identifier
5301826,brand0m,,"identifier,observer"
4940759,brandon_eduardo_gutierrez_rodriguez,Brandon Eduardo Gutiérrez Rodríguez,identifier
970009,brandoncorder,Brandon Corder,"curator,identifier"
6075548,breadcoot,Kellen Apuna,identifier
1492344,brendandoogan,Brendan Doogan,"identifier,observer"
5053596,brendenlupa,,identifier
7908912,brettwithplants,,"identifier,observer"
8641,brewbooks,John Brew,"annotator,curator,identifier,observer"
447528,briaphyte,Briar Phyte,"identifier,observer"
2513331,bridelia,Bridelia,"annotator,identifier,observer"
1762669,brnhn,,"identifier,observer"
8749822,bronwenk,Greg keighery,identifier
2626695,brothernorbert,Norbert Sauberer,identifier
19344,brownsbay,Neil Gilham,identifier
111081,brucebennett,Bruce Bennett,"curator,identifier"
3085268,brucedc,,"annotator,identifier,observer"
1366955,bruceholst,Bruce Holst,"curator,identifier"
7699165,bryan88687,Bryan Zandberg,"identifier,observer"
7880802,brycetheplant,Bryce,identifier
339943,bryopher,Cristopher Jiménez Orozco,identifier
2869234,bschott,Ben,"identifier,observer"
515751,bstarzomski,Brian Starzomski,"identifier,observer"
1419635,btmoyers,,"identifier,observer"
875009,bukagebe,,"identifier,observer"
9665064,bulbophyllum,,"identifier,observer"
3251661,bunnymom20,,"annotator,identifier,observer"
1572156,burkr,Rene Burk,"identifier,observer"
4751950,burls,Burls,"identifier,observer"
1462254,bushbandit,Michael Keogh,"annotator,identifier,observer"
5074013,bushmonger,Bushmonger,identifier
6294118,bvhagen,,"annotator,identifier,observer"
359014,bylsand,Brett Sandford,identifier
7589643,byron25791,Byron Blake,"annotator,identifier,observer"
4882688,c95,c Martinez,"identifier,observer"
3854343,c_dizzy,Christopher,identifier
6105255,c_j_j,,"identifier,observer"
1551289,cabbagepalm,,identifier
1050582,cactus-d,,"curator,identifier"
401931,cadecampbell,Cade,identifier
7412025,caiden_b,Caiden B,"identifier,observer"
1781642,calebcatto,Caleb Catto,"identifier,observer"
2164172,calum_mclennan,Calum McLennan,"annotator,identifier,observer"
631825,camcc,Carol Ann McCormick,"identifier,observer"
7812441,campbellnotjames,,"identifier,observer"
8199840,cannywilddi,Diane Thurston,"identifier,observer"
2259462,canyonrichens,Canyon Richens,identifier
5491024,captbillp,Capt Bill.Powell,identifier
6256089,carabiquette,,identifier
9602886,carakuipers,,"identifier,observer"
3338687,carber,Carlos Bernal,identifier
2479971,carelf,Carel Fourie,"curator,identifier"
3091526,careljongkind,Carel Jongkind,identifier
309220,carita,Carita Bergman,"identifier,observer"
2329353,carl_ramirez,Carl Ramirez,"identifier,observer"
6494766,carlos_boullon,,identifier
7985939,carlos_recio_guerra,Carlos Recio Guerra,"identifier,observer"
4897,caroig,David Paloch,identifier
6368644,carolina2580,Carolina Escobar Aguila,"identifier,observer"
8997155,carolina_metello,,"identifier,observer"
994388,carolinashepherd,JC Ferebee,identifier
4431050,carpica,Carlos Picanço,identifier
5707816,carymarsh1,,identifier
1168100,casita,,"identifier,observer"
1100880,cassidybest,Cassidy Best,"identifier,observer"
6866212,cassiebun,Cassandra,"identifier,observer"
2873972,catarinaaaa,,"identifier,observer"
179103,catchang,Cat Chang,identifier
2408560,cath26,Catherine L'Hôte,identifier
697946,catherwoods,,identifier
770317,cathyjones,Cathy Jones,identifier
2899829,catullus,Nicholas Wei,"curator,identifier"
4577321,cayuga_,Cayuga,identifier
4378268,ccantley,Chuck Cantley,identifier
5630925,ccelester,CelesteR,"identifier,observer"
5146801,cchurch99,,identifier
1829749,cclborneo,Chien Lee,"curator,identifier,observer"
4095902,ccm2000,,identifier
177956,cco,Colin Ogle,"curator,identifier,observer"
1330515,cdelrio,Cédric DEL RIO,"annotator,identifier"
1412172,cebalrai,Backwoods Botany,"identifier,observer"
4452885,cedarboughs,Lynden,"identifier,observer"
2831185,ceherzog,Claire Herzog,"identifier,observer"
612807,celestekieran,Celeste Kieran,"identifier,observer"
6876612,celiafcl,,"identifier,observer"
2719169,cercazims,HMS,"identifier,observer"
389353,cesarcastillo,César Andrés Castillo,"identifier,observer"
6624904,cesarfernandez,,"identifier,observer"
2442814,cesarmassi,Cesar Massi,"curator,identifier"
24628,ceuthophilus,Steve Taylor,"identifier,observer"
4895275,cf125,Clive Freedman,"annotator,identifier,observer"
27667,cfa,Clifton Albrecht,"identifier,observer"
6056023,chadohiobirder,Presley James Riggs,identifier
63317,chadprirodaberachester,Chadley Beranek,"identifier,observer"
1856166,challenguate,Challen Willemsen,"curator,identifier,observer"
16431,chamaeleo,K Jeffreys,"identifier,observer"
3464264,chaoscass,,"identifier,observer"
4119945,charcoscompanhia,Charcos Companhia,"identifier,observer"
4738096,charelewis,Charlotte Lewis,"identifier,observer"
2179,charlie,naturalist charlie,"identifier,observer"
5144175,charlie-hunt,Charlie Hunt,"identifier,observer"
1759220,charmatthews,Charlotte Matthews,"identifier,observer"
1467339,chasekautz,Chase Kautz,"identifier,observer"
8787961,chaste,,"identifier,observer"
17521,chauncey,Chauncey,identifier
665620,cheekychew,Chrissie Fourie,identifier
1646783,chenshu,Chen Shu,"identifier,observer"
9708587,chenxiii,Chenxi Che,identifier
1450371,chipiok,,"identifier,observer"
6370581,chirp147,Christian Herzig,identifier
9428015,chloebt,,identifier
6863059,chlorob,,"identifier,observer"
37277,chlorophilia,Andrew Simon,"curator,identifier"
19073,choess,Chris Hoess,"curator,identifier,observer"
2543457,chong_y_18,,"identifier,observer"
5432424,chotoey,Chotipong Sinayruraj,identifier
5269593,chou4525,周志和,identifier
3160223,chough,,"identifier,observer"
674715,chris_wahlberg,Chris Wahlberg,"identifier,observer"
4281088,chrisclose,Chris Close,"identifier,observer"
59179,chrise,Chris Ecroyd,"curator,identifier"
58897,chrismorse,,"identifier,observer"
8061952,chrismoss,Christophe,identifier
1558992,chrisolea,Christofer Olea,identifier
548460,chrisseigle,Chris Seigle,observer
5618624,christiaan_g,Christiaan Gildenhuys,"identifier,observer"
1176097,christiaan_viljoen,Christiaan Viljoen,"identifier,observer"
463507,christiancarloslanda,Christian Carlos,"identifier,observer"
2818313,christina_dck,Christina,"identifier,observer"
6253297,christopher_hohl,,"identifier,observer"
5723801,christopherbonis,Christopher Laszlo Bonis,"identifier,observer"
138207,christopherstephens,Christopher Stephens,"identifier,observer"
101507,chuck522,Chuck Cooper,"identifier,observer"
182332,chuckt2007,Chuck Thomas,identifier
4001904,chungher,Alex Cheng,observer
1371261,churilovam,Andrii Churilov,identifier
1233965,cianyel_25medellin,María de Jesús Medellín,"identifier,observer"
5791073,cirsiumwb,Maisie,"identifier,observer"
971508,cis88,CiS88,"identifier,observer"
2844024,citizenstuart,,"identifier,observer"
143307,cizauskas,,"identifier,observer"
264009,ck2az,CK2AZ,"identifier,observer"
4916704,ckerton,,"identifier,observer"
315756,ckjannabirds,Courtney Kelly Jett,"identifier,observer"
2599543,clarasmelongena,Clara S. Melongena,identifier
4410363,claudio_andres,Claudio Andrés Martínez,identifier
4059183,claysteell,Clay Steell,"identifier,observer"
2606460,cleland_wallace,,"identifier,observer"
4421119,clem_longifolia,Clémence Massard,"identifier,observer"
507359,clementaubert,Clément Aubert,observer
6021667,clementm,Clément Maouche,identifier
56848,clinton,Clinton Duffy,"curator,identifier"
3553070,cloverman,Michael Vincent,"identifier,observer"
2424330,cmarkwilson,Mark Wilson,identifier
997336,cobaltducks,Geoffrey Cox,identifier
4772533,cobrien207,Charlie O'Brien,identifier
2629441,coddiwompler,Michelle Colpus,"annotator,identifier,observer"
7749715,cojy,,"identifier,observer"
2590480,coleperry,Cole Perry,identifier
1644409,columbidaeperson,,"annotator,identifier,observer"
6571595,comradejon,,"curator,identifier"
1293450,conboy,Andrew Conboy,identifier
7083760,coniver,,"identifier,observer"
1946743,connormac,Connor McInerney,"curator,identifier,observer"
6116396,connorpoylio,Connor Poylio,"identifier,observer"
5943930,conpiblancashernandez,Conpi B H,"identifier,observer"
9858325,considerthelilies,,"identifier,observer"
1440491,convallaria1128,Dmitriy Bochkov,"curator,identifier"
7473965,coolawik,Kamil Kulawik,"annotator,identifier,observer"
7595004,copanabis,COPANABIS,identifier
952626,cordia,Michaela Sonnleitner,"identifier,observer"
2475928,corentind,CorentinD,"identifier,observer"
34728,cosmiccat,Crystal Mann,"curator,identifier"
1144630,cosmopterix,Mike Palmer,identifier
3133133,cove_g,Cove Geary,"identifier,observer"
2484134,cparminter,Chris Parminter,identifier
3669610,craig-r,Craig Robbins,"curator,identifier,observer"
833117,craigpeter,Craig Peter,"curator,identifier"
1073255,crapfou,Crap Fou,identifier
287994,crellow,Nathan Odgers,identifier
5138451,crish_coryphant,Cristian Morales Cruz,"identifier,observer"
6925233,crochetgirl,,identifier
469593,crontl72,Craig Ontl,identifier
731989,croque_monsieur,,"identifier,observer"
5883576,crosslament,,"identifier,observer"
385459,crothfels,,identifier
7585182,crr0,Chris Roberts,identifier
763358,curcu34,Sylvain Piry,identifier
10024716,cwai,9CWAI,"identifier,observer"
435874,cwarneke,cwarneke,"curator,identifier"
2162970,cxyz,,identifier
20291,cydno,Durrell D. Kapan,"curator,identifier,observer"
1980754,cynthialeighwaite,Cynthia Leigh Waite,"identifier,observer"
8866332,cyril_c,Cyril Condomines,identifier
7576134,d-towndelegater,,"identifier,observer"
4867841,d_pinto,,identifier
2503488,d_s_b,,identifier
428894,d_scala,,"annotator,identifier,observer"
5880267,damienxw,Damien Wallace,"identifier,observer"
3494,damontighe,Damon Tighe,identifier
1577733,danaleeling,Dana Lee Ling,"identifier,observer"
2019654,dananvan,Dana,"identifier,observer"
3051485,dangavin,Dan Gavin,identifier
3981978,daniel2613,Daniel Die Morejon,"identifier,observer"
947744,daniel_e,Daniel Estabrooks,"identifier,observer"
5895603,daniel_r1311,Daniel Ruppel,identifier
3723175,danielaguiar,Daniel Praia Portela de Aguiar,identifier
20600,danielatha,Daniel Atha,"curator,identifier"
3320,danielaustin,Daniel Austin,"identifier,observer"
205067,danielcahen,Daniel Cahen,"annotator,identifier,observer"
939093,danieldas,Daniel Das,identifier
6897662,daniele_naturalist,Daniele Naturalist,identifier
1946880,danielhdez,J. Daniel Hernandez Campos,identifier
2405536,danielle522,Danielle Munster,"identifier,observer"
2126017,danielmesa1,Daniel Mesa,"identifier,observer"
7846185,danielper,,identifier
2186610,danielrawhiti,Daniel Davis,"identifier,observer"
46756,daniomiserocchi,Danio Miserocchi,identifier
3610296,danlego,Daniel Sembroski,"annotator,identifier,observer"
10173957,dano_mariwan,Dano Mariwan,identifier
58587,danrob,,"identifier,observer"
3494196,daragones,David Aragonés Borrego,identifier
9290013,darguellem,David Arguelles Martinez,"curator,identifier"
164030,darmozrac,,"annotator,identifier,observer"
1619860,dashotton,,"identifier,observer"
3113652,data_nerd,Andrew Sebastian,identifier
8241069,daughterdad,Daughter Dad,"annotator,identifier"
1305207,dave_holland,Dave Holland,"curator,identifier,observer"
2163846,davecarmean,Dave Carmean,identifier
745172,daverichardson,Dave Richardson,"identifier,observer"
2436290,david2646,David M,identifier
150454,david99,David Rankin,"identifier,observer"
551754,david_bellamy,David Bellamy,"identifier,observer"
1430839,david_earl,David Earl,identifier
58573,david_lyttle,David Lyttle,"identifier,observer"
3711537,david_paul,David-Paul Klein,identifier
3688284,david_welch,David Welch,"identifier,observer"
2870252,davidebramuzzo,Davide Bramuzzo,identifier
2116455,davidenrique,,"identifier,observer"
570021,davidferguson,David,"curator,identifier"
3025241,davidgarciadelolmo,David G. del Olmo,"identifier,observer"
895901,davidh121,,"identifier,observer"
2602218,davidhill9,David Hill,"identifier,observer"
1176277,davidhocken,David Hocken,identifier
65624,davidjkurtz,David Kurtz,"identifier,observer"
716092,davidmarcosvidal,David Marcos Vidal,"identifier,observer"
272522,davidrabehevitra,David Rabehevitra,"annotator,identifier,observer"
1735650,davidtng,David Tng,"identifier,observer"
104994,davidwhyte,David Whyte,"identifier,observer"
1412226,davizhorcajada,David Horcajada Tejero,"identifier,observer"
1775236,davydovbotany,Denys Davydov,"curator,identifier,observer"
8042755,dayanapaola,,"identifier,observer"
86246,dbarber,Deborah E Barber,"identifier,observer"
1421614,dbltucker,Dan Tucker,"curator,identifier,observer"
1309931,dctropics,John Boggan,identifier
6523919,ddegroote,Degroote Dominique,identifier
735234,dduff,Dakota Duff,identifier
3777000,deadbilly,Jet Houston,"identifier,observer"
4969597,deanmccullough,Dean Mac Cú Uladh,"identifier,observer"
772856,deathtofalsemorels,Ethan Disbrow,"annotator,identifier,observer"
5107091,deciduousdaydream,Erin Miller,"identifier,observer"
1393800,deevlish,,"identifier,observer"
753571,delbachert,Delmar W. Bachert,"identifier,observer"
3697264,demons1312,Шильников Дмитрий Сергеевич,"identifier,observer"
255865,dendroma,Dendroma,identifier
1511062,derek_tribble,Derek Tribble,identifier
323930,derekcraig,Derek Craig,"annotator,identifier,observer"
3521496,derpaul,Paul Steinhauer,identifier
7768047,descanyonsauxetoiles,,identifier
6154204,det_met,Detlev Metzing,"identifier,observer"
8802414,dfhenderson,Dominic Henderson,"identifier,observer"
205071,dgclaro,David Claro,"identifier,observer"
6645961,dgomes,Daniel Gomes Expósito,"annotator,identifier,observer"
5294061,dgwdoesthings,Deniz Wilson,identifier
7455184,dhasdf,,"annotator,identifier,observer"
119712,dhutch,David Hutchinson,identifier
9279846,di_todd,Di Todd,"identifier,observer"
505664,dianalynn1,dL thompson,identifier
7448644,diariodelguardaparque,Manuel Alejandro Henríquez,identifier
612949,diegoalmendras,Diego Almendras,"curator,identifier,observer"
1742792,diegoeseolivera,DiegoEseO,identifier
2521002,dieter_scriba,Dieter Scriba,identifier
4956821,dinkygal,,"identifier,observer"
2518700,dinofelis,Warren Lewis,"annotator,identifier,observer"
1550033,diogoribeiro,Diogo Ribeiro,identifier
5556630,dirkm,Dirk Mezger,identifier
6435844,dirtyicecream,,identifier
2750876,dj_maple,Dion Maple,identifier
6525817,djgray,Deborah Gray,"identifier,observer"
220315,djm,D.J. McNeil,"identifier,observer"
6966317,djuprot_utforskaren,Annie A.,"annotator,identifier"
5158201,dmitry97,dmitry tretjakov,identifier
4553434,dnl_biodisperso,Daniel Rabanal Flores,identifier
7092185,dogredrum,,"identifier,observer"
5380121,dogwoodvalley,,identifier
758243,doju,Daniel J. Layton,"identifier,observer"
5842237,dominik_richter,Dominik Richter,"identifier,observer"
8805424,dominiksimakowski,Dominik Simakowski,"identifier,observer"
740700,dominiquebayne,Dominique,identifier
1891727,donalddavesne,Donald Davesne,"curator,identifier,observer"
1813485,donlubin,,identifier
6290741,donnke0821,,identifier
8472305,donoso2112,Evan,"identifier,observer"
4504258,dontfencemein,,"annotator,identifier,observer"
3597488,doro64,,identifier
2366151,douch,James K. Douch,"annotator,curator,identifier,observer"
3617394,dougbrown,,identifier
2118269,douggoldman,Douglas Goldman,identifier
4443033,dperezprieto,David Pérez Prieto,"identifier,observer"
3963281,dr_dj_king,D. J. King,"identifier,observer"
6619361,dr_taupin,Maël Taupin,"identifier,observer"
9406417,draculavampira,,"identifier,observer"
7188764,drecksspatz,,identifier
3218184,drepanispacifica,,identifier
5851486,drew_mcnaughton,,"identifier,observer"
3937945,drew_meyer,Drew Meyer,"identifier,observer"
5659552,dtaylorforester,Dylan Taylor,identifier
3042,duarte,Duarte Frade,"curator,identifier"
4174893,ducco,,identifier
933540,duch,Michal Ducháček,identifier
5331962,dulagarl,,"identifier,observer"
4960246,dum1,,identifier
4040045,dumplingbug,,identifier
1019332,dunawayb96,Brady S. Dunaway,"identifier,observer"
5138026,dustin777,Dustin Snider,identifier
1455977,dustinarachnophile,Dustin Edmundson,identifier
6108653,dustinsummer,Dustin Smith,"identifier,observer"
627819,dziomber,Derek Ziomber,"identifier,observer"
6583306,dzt,Daniel Tiong,identifier
9119098,dzungumurungu,,identifier
6545386,e_s_t_h_e_r,Esther,identifier
3880468,eamonn_c,Eamonn Culhane,identifier
507683,earley_bird,Nathan Earley,"curator,identifier,observer"
1565809,echughes,Emily,identifier
1543198,ecoscinat,Ecologia e Scienze Naturali,identifier
2761478,ed180,Ed Carter,"identifier,observer"
146435,eddibisulli,Eddi Bisulli,identifier
129261,edgardomc,Edgardo,identifier
79246,edgarsalmeronbarrera,Edgar Salmerón Barrera,"identifier,observer"
1852407,edhyman,Edhy Man,"identifier,observer"
2053130,edropkin,Ethan Dropkin,"identifier,observer"
741140,eduard_garin,Eduard Garin,"identifier,observer"
136683,eduardo_chacon,Eduardo Chacón Madrigal,"curator,identifier"
7629060,eduardodalabeneta,Eduardo Dalabeneta,identifier
1882959,edulg,Eduard López-Guillén,"annotator,identifier"
3861704,edwardcope,Edward Cope,"curator,identifier,observer"
57970,edwilson,Ed Wilson,identifier
5133060,edwingro,Edwin,identifier
4967366,eec2022,eec,identifier
447741,eel_program,EEL Program,"identifier,observer"
5187654,efernandezpascual,Eduardo Fernández Pascual,identifier
7601845,eglairbird,Ethan,identifier
5438377,eh111,Ellis Halgren,"identifier,observer"
6273589,ehappy,,identifier
5893939,ehbevan,Ezekiel Herrera-Bevan,"identifier,observer"
4695726,eitel,Eitel Carlos Thielemann Pinto,"identifier,observer"
7440030,ej_ej,Eugene (EJ),identifier
696204,elacroix-carignan,Étienne Lacroix-Carignan,identifier
3194247,elias105,Elias,"identifier,observer"
3629646,elinorscottlestera,Elinor Scott-lester,"identifier,observer"
6605790,elisabetta-1959,,"identifier,observer"
199009,elisateixeirae,Elisa Teixeira,identifier
668735,elizabethgandy,Elizabeth Gandy,"curator,identifier,observer"
3983767,elizabethhatfield,,identifier
1585824,eloraa,Elora,"curator,identifier,observer"
250566,else,,"curator,identifier"
2599143,em_lamond,Em Lamond,"identifier,observer"
531998,emarchante,Elizabete Marchante,identifier
628,emburns,Emily Burns,"identifier,observer"
545680,emerlee,Emily Franzen,identifier
10562285,emily_montrond,Emily Montrond,"identifier,observer"
84804,emily_r,Emily Roberts,"identifier,observer"
3930629,emilyscherer,Emily Scherer,identifier
6994717,eml23,,annotator
8223386,emmaseppala,Emma Seppälä,identifier
6382655,emmeownow,Emily Witt,identifier
1596191,emmett_24,Emmett Magnus Kearns,"identifier,observer"
773414,enkidoo,,"identifier,observer"
7643086,epifighter,Stefan,"annotator,identifier,observer"
5347031,epiphyte78,,identifier
1035011,epiphytehsu,Rebecca Hsu,observer
57929,epitree,Maurice,"identifier,observer"
192963,er1kksen,Erik Danielsen,"identifier,observer"
1660725,eralverson,Ed Alverson,identifier
32654,eraskin,Evan M. Raskin,"curator,identifier,observer"
237801,eric_v,Eric Verna,identifier
608757,erickaceae_98,Erick Vélez Sánchez,identifier
2819263,ericksonsmith,Erickson Smith,"identifier,observer"
2592658,ericoid,Eric Lombardo,"annotator,identifier,observer"
64568,ericpo1,Eric M Powell,"curator,identifier"
777230,ericvandenberghe,Eric van den Berghe,"identifier,observer"
12158,erikamitchell,Erika Mitchell,"identifier,observer"
39713,erwin_pteridophilos,Erwin Gruber,"identifier,observer"
9559413,erykl,,observer
2756179,esdena,,"annotator,identifier,observer"
5500560,esebaiertass,,"identifier,observer"
3996644,esgud,,identifier
1772457,eshilland,Ewan Shilland,"identifier,observer"
2404803,esummerbell,Emily Summerbell,identifier
267639,etantrah,Nate Hartley,"curator,identifier,observer"
9002858,etylege,Elphège Budzinski,"identifier,observer"
1490974,eullstrom,Eva Ullström,"identifier,observer"
9150536,eva18593,Éva Kovács,identifier
5321496,eva_b_s,,identifier
172638,evan8,Evan Barker,"identifier,observer"
8815,evergreengirl,T Lasswell,identifier
6545995,evgeniy_57,,"identifier,observer"
300689,ewrunn1ng,Eric Running,"identifier,observer"
3802382,eyekosaeder,Hannes,"curator,identifier"
4413254,eywaa,Eva,"identifier,observer"
8787380,ezesuarez,,"identifier,observer"
6350056,f_clamote,Francisco Clamote,identifier
3402082,f_s,Francesco Santoro,"annotator,identifier,observer"
3958711,faas_beni,Benedikt Faas,identifier
5052586,fabian_battiege,Fabian Battiege,identifier
6936763,fabienneh,Fabienne H,identifier
407101,fabiobertaccini,Fabio,"identifier,observer"
775114,fabiola_diaz_m,,identifier
446108,fabiomologni,Fabio Mologni,"identifier,observer"
7170129,fabricio-op,fabricio-op,identifier
6648289,facucara,Facundo Caraballo,observer
430617,falko,,identifier
3771288,faluke,,identifier
32763,farinosa,Lew Stringer,"curator,identifier"
2942920,fchieffo,Facundo Chieffo,"curator,identifier,observer"
10738,fdouglasmartin,F. Douglas Martin,observer
5052209,felipao_tropical,F,"curator,identifier,observer"
6414461,felipe803,Felipe Rodríguez Arvelo,"identifier,observer"
1343598,feliscatus18,Amalia Estrada,identifier
4178347,felix-nicholls,Felix Nicholls,identifier
1374169,felix_riegel,Felix Riegel,identifier
1381828,ferengetti,Fernando Rocha,"identifier,observer"
57693,fergus,Alex Fergus,"identifier,observer"
4377775,fermin_y_ana,,"annotator,identifier"
5767393,fermoran44,Fernando Morán Martín,"identifier,observer"
39823,fernandoreyes,Fernando Reyes,"identifier,observer"
1641700,fernslu,fernslu九妹,identifier
4393495,ffion_atkinson,Ffion Atkinson,"identifier,observer"
6724855,ffnaturalist,,identifier
1515697,filipverloove,,identifier
6364989,finnfk,Finlay F. K. Thorpe,"identifier,observer"
20518,finrod,Stefano Doglio,"annotator,curator,identifier,observer"
2524027,fitomorfolog_t,,identifier
9173,florabonariensis,,"identifier,observer"
2991278,florarium,florarium,identifier
2014972,flores-palacios,Alejandro Flores-Palacios,"identifier,observer"
3909390,florida_flora,Noah Stefanik,"identifier,observer"
5284514,floris_heemskerk,,"identifier,observer"
4128246,floroortizcontreras,Floro Ortiz Contreras,"identifier,observer"
6256119,flukee,Filip Żuchowski,identifier
3761126,fmcghee,Finn McGhee,"identifier,observer"
4223647,forestseasons,forestseasons,"identifier,observer"
8121762,forrest00,Tommy Forrest,identifier
831498,foxandcubs,,"identifier,observer"
8561164,francisca_luna,francisca luna abarca miranda,"identifier,observer"
1333249,franciscovelasquez,Francisco Velásquez,"identifier,observer"
2624513,franckcurk,Franck Curk,"identifier,observer"
708000,frank103,Frank Sengpiel,"identifier,observer"
2886668,frank375,Frank Walther,"identifier,observer"
1385555,frank_arroyo,Frank Arroyo,"curator,identifier"
1620186,frankashwood,Frank Ashwood,"identifier,observer"
3830885,frankdoubleyou,,"identifier,observer"
964743,franpfer,Frances,"identifier,observer"
5198332,frasoeur,Fraser,identifier
4735451,frebirding,Filip,"identifier,observer"
9717963,frederikl98,,"identifier,observer"
8726901,fredwm,Fred Moritz,identifier
7190382,friend1047,,"identifier,observer"
5231239,frondsinhighplaces,Timothy McNitt,identifier
3719659,frontyardscientist,Loïc Mathieu,"annotator,identifier"
8877296,fsh_stks,FSH,identifier
9339033,fts1x1905,,identifier
5415372,fubberpish,Sam,"identifier,observer"
147259,fuligogirl,Liadan Dickie,"annotator,curator,identifier"
252646,fynbosphil,Phil McLean,identifier
5465780,gabrielcguerra,Gabriel C. Guerra,"identifier,observer"
1367486,gabrieldaniels,Gabriel Daniels,"identifier,observer"
1591925,gabriele_lagrasta,Gabriele La Grasta,identifier
4639099,gabrielfernandes_,Gabriel Fernandes,identifier
8785103,gabrielpm_12,gabriel pajuelo_majure,identifier
1860484,gabrieltojo,Gabriel Tojo Suárez,"identifier,observer"
1234247,gaertnerneuwirth,Stefan Neuwirth,identifier
868689,galanhsnu,galanhsnu,"curator,identifier"
7135271,galaxirose,Sarah Zahorchak,identifier
8044012,galicia_juarez,Galicia Juarez Maleny,"identifier,observer"
3150286,galpinmd,,identifier
2491793,gareth_bain,Gareth Bain,"identifier,observer"
8323051,gary65428,Gary Conroy,identifier
24898,garyrogers98031,Gary Rogers,"identifier,observer"
8376951,gavin02,Gavin McClellan,identifier
3462244,gediminasumbrasas,Gediminas Umbrasas,"identifier,observer"
2183479,gen_ok,Gennadiy Okatov,"identifier,observer"
7095569,geneglover,,"identifier,observer"
772236,geoffnichols,Geoff Nichols,identifier
1365574,geoffpz,,"identifier,observer"
1075602,geographerdave,David Anderson,"annotator,identifier,observer"
4131838,george_seagull,,identifier
4505283,georgelusty,georgelusty,identifier
9685966,georges95091,Georges Olioso,identifier
2644633,georgetelehin,,"identifier,observer"
2435454,georgiano,,identifier
7201450,georgsh,Georg S. Haindrich,identifier
5306777,gerardbertrand,,identifier
1922575,gerrit_oehm,Gerrit Öhm,"curator,identifier,observer"
4094119,gerryfirkins,GerryF,identifier
7377105,gerunstaldio,,"identifier,observer"
7826904,ggalliver,,annotator
398554,gghernan,Gabriela,identifier
2032840,ghostburglar,,identifier
8376035,giacomonavari,Giacomo Navari,"identifier,observer"
266351,giancarlo_torre,,"identifier,observer"
1644132,giedr5,Giedrė Kmitienė,"identifier,observer"
6114828,gijsroaming,Gijs Romijn,identifier
1810271,gill_ryenats,,identifier
1791950,gillydilly,Becky Dill,identifier
5816138,gingerbot,,annotator
4434972,giorginatsvlishvili,Giorgi Natsvlishvili,identifier
652298,giselle9,Giselle Blythe,"identifier,observer"
180866,giunchi,carla corazza,"identifier,observer"
7662797,gkas,Gerwin Kasperek,"annotator,identifier,observer"
918064,glendamendieta,Glenda Mendieta,"identifier,observer"
58596,glenn-nz,Glenn Stewart,identifier
139187,glezah,Heriberto Ávila-González,"identifier,observer"
2100979,glosterbirder,Mike King,"identifier,observer"
215858,glutick,,identifier
1110148,gomyranov,Ilya Gomyranov,"identifier,observer"
27355,gonzalezii,Miguel González Botello,"curator,identifier"
3813240,goosiaczek,Małgorzata Śliż,"annotator,curator,identifier"
4449291,gordonhogenson,Gordon Hogenson,identifier
1447401,gortegasolis,Gabriel Ortega-Solis,observer
4620509,gpsabino,Gabriel Pavan Sabino,"identifier,observer"
748380,graham_g,,identifier
7939273,grampianshiker,,identifier
604991,granitkid,,"identifier,observer"
604156,granito,José María,"identifier,observer"
1467548,gray_the_scientist,Graydon W. Prosser - Hidalgo,"identifier,observer"
17695,graysquirrel,Krissa Klein,"curator,identifier,observer"
2821466,grazing,Sean Grasing,identifier
300606,greenbottleblue,Sarah Lou H,identifier
4071792,greenmanonpark,Harry Hill,identifier
3161,greenrosettas,Chris Cook,"identifier,observer"
5004973,greghadley1,,"identifier,observer"
59308,gregs,,"identifier,observer"
1809954,gregtasney,Greg Tasney,identifier
3104277,gretavalvonyte,Greta Valvonytė-Kazlauskė,"identifier,observer"
6897251,greyheron325,Sean Whelan,identifier
233276,greywhalen,Matt Whalen,"identifier,observer"
2987037,grigorenko,,identifier
7753881,grimmoire,Claude ૐ,identifier
3831969,grinnin,,"identifier,observer"
41234,grnleaf,Leah Gardner,"curator,identifier"
742419,grzegorz_grzejszczak,Grzegorz Grzejszczak,identifier
3330863,gstaples,,identifier
706931,gtaseski,Guy Taseski,identifier
2498870,guido_mathieu,Guido Mathieu,"curator,identifier"
3209456,guillaume_delaitre,Guillaume Delaitre,"annotator,identifier"
1279977,guillaume_leotard,Guillaume Léotard,identifier
3853,guillermohsosa-tovar,Guillermo H. Sosa-Tovar,"identifier,observer"
648584,gumnut,Alan Melville,"identifier,observer"
3916396,gunes_bodur,Güneş Bodur,"identifier,observer"
3674711,gusbarksdale,Gus Barksdale,"identifier,observer"
6212725,gustaf1,Gustaf Fredell,"curator,identifier,observer"
2340577,guynaturalist,Avery Hansen,"identifier,observer"
4414418,guywallbanks,,identifier
14812,gwark,M. Goff,"identifier,observer"
432977,gwheelereb,Gregory Wheeler,"identifier,observer"
289145,gwynethgovers,Gwyneth Govers,"curator,identifier"
8901018,gypbarb,gypbarb,"identifier,observer"
5956636,gz_uol,Gerhard Zotz,"annotator,identifier,observer"
4005645,h_rogers,Hannah Rogers,"identifier,observer"
1083172,habercrombie,Hope Abercrombie,"identifier,observer"
9490598,haemanthus23,haemanthus,identifier
5124398,hai_dee,Heidi Newton,"identifier,observer"
6240337,hakkahamushi,,identifier
6929833,halchar42,Hal Charney,identifier
4897755,hamish2021,Hamish Ogle,identifier
1525890,hamishmaule1,Hamish Maule,"identifier,observer"
3358736,hammilha,Hunter Hammil,identifier
1230635,haniristiawan,Hani Ristiawan,"identifier,observer"
5149795,hanna2402,Hanna Schmitz,identifier
3996704,hannahhill,,identifier
4400579,hanno_schaefer,Hanno Schaefer,identifier
3835893,happygolucky_mel,Mel,"identifier,observer"
3590849,harrinygren,Harri Nygren,identifier
4360636,harriseli195,Eli S. Harris,"curator,identifier"
6367941,harrychink,,identifier
4137532,hartkerius,Christof Nikolaus Schröder,"identifier,observer"
8721243,hatteraz,Aloïs Revéret,identifier
3592508,hatwise,Mark Clarke,"identifier,observer"
573230,hawaiianbuffalo,Sebastian,"identifier,observer"
51931,hawnzd,Zach Hawn,"identifier,observer"
2937364,haydenj,Hayden Jones,"identifier,observer"
8007917,haydenlabrier,,"identifier,observer"
6326166,hcoste,,"annotator,curator,identifier"
5952131,hcsc97,,"identifier,observer"
4168627,hector_ibacan,Héctor Ibáñez Cantero,identifier
5267954,hector_montero,Hector Montero,observer
7810666,hector_yeuse,Hector_Yeuse,"identifier,observer"
3165452,heehaw,Adam Grubb,identifier
6568483,helena514,Helena Einzmann,"identifier,observer"
3587744,helenwaterman,Helen Waterman,"identifier,observer"
6994447,henning91,Henning Karger,identifier
5116409,henrikas_b,,"identifier,observer"
5231230,henryahh,Henry Hart,identifier
5526036,henrymillerplants,Henry Miller,"identifier,observer"
5164923,hercynicus,Leonard Schmalhaus,identifier
2039940,heritagefutures,Dirk HR Spennemann,"annotator,identifier,observer"
326463,hermann_bojorquez,Hermann Bojórquez,"identifier,observer"
767190,herpmf,Adam Pierce,"identifier,observer"
8945455,hestonbrocklehurst,,identifier
510442,hfb,Heather Fulton-Bennett,"curator,identifier"
383952,hgromero,Hugo Romero-Saltos,"identifier,observer"
1109638,hikuta,Nikita Tiunov,"identifier,observer"
9063070,hkellner,,identifier
44783,hkibak,Henrik Kibak,"identifier,observer"
8340704,hobbyistwv,Andrew,"identifier,observer"
8809779,hoferant,Anton Hofer,identifier
2031829,hoganajjg,Andrew Hogan,identifier
3906110,holdencaul,,identifier
2676267,holfusc,,observer
2413764,hommenaturemons,,identifier
2297922,hootinghoopoe,Africa Gomez,identifier
5250157,hornad,,identifier
5415587,hroberts03,Hayden Roberts,identifier
1312380,hrosenswdpi,Harry Rose,identifier
4476342,hrubbo,,"identifier,observer"
1741810,hsug1747,,"annotator,identifier,observer"
2925656,hubbeling,,"identifier,observer"
1031873,hubertszcz,Hubert Szczygieł,"curator,identifier"
5129707,hugo_innes,Hugo Innes,identifier
2460328,hugs_af,Hugo Afonso,"identifier,observer"
19823,human_ecologist,Cory Whitney,"identifier,observer"
5408214,humblerootsdrew,Andrew Merritt,identifier
1535071,humboldt1769,,identifier
3359010,hunter196,Hunter Groce,identifier
7677561,hunter_steeves2,Hunter Steeves,"identifier,observer"
4947477,huntybunty,Hunter Jackson,identifier
19283,huracan,Neptalí Ramírez Marcial,"curator,identifier"
9354405,hustfgithubio,,identifier
5600476,hypochaeris,,identifier
3135146,iacomaner,,"identifier,observer"
121143,iain_darbyshire,Iain Darbyshire,"curator,identifier"
112785,iamscientistsam,Sam,identifier
4329113,ian_white,Ian M. White,"identifier,observer"
4849812,iancastle,IanCastle,identifier
408815,iancruickshank,Ian Cruickshank,"identifier,observer"
80375,ianoftawa,Ian Armitage,"identifier,observer"
929174,ianshelburne,Ian Shelburne,identifier
2037698,icbraza,Icbraza,annotator
7219762,ice_cube79,,"annotator,identifier,observer"
370284,idlegrraphics,R.E.Llanos,"curator,identifier"
7993706,ifast,Isaac Fast,"identifier,observer"
2435044,igor_kuzmin,Igor Kuzmin,identifier
6289901,ilsignorvega,,"identifier,observer"
5476190,ilya_rudenko,Илья Руденко,identifier
5644050,ina83,Ina Gilberg,identifier
2776628,inactive_user,temporarily inactive user,identifier
2470933,inao_vasquez,Inao Vasquez,identifier
785998,inatural156,inatural156,identifier
6209309,indymarshall,Indy Marshall,identifier
8866720,ineko,,"identifier,observer"
56961,ines-nz,Ines Schoenberger,identifier
6109321,ingebeck,,"identifier,observer"
8732716,insertjente,Owen Unger,identifier
6098717,insulinde,Dave L.,annotator
6565644,insulindian_phasmid,River,"curator,identifier"
2465059,invertebratist,Saryu Mae 前 朝琉,"curator,identifier,observer"
7516384,iojeajimenez,,identifier
1728423,ionasan,Iona,identifier
4323621,iperezlorenzo,Iván Pérez,identifier
116788,isaac_krone,Isaac Krone,"identifier,observer"
4802288,isabel_mujica,Isabel Mujica,"identifier,observer"
4802558,isabel_mujica_p,Isabel Mujica P,identifier
2529729,isaiahfindley,Isaiah Findley,"identifier,observer"
6468402,ismaelfp,Ismael Ferreira Palomo,identifier
384954,italopithecus,Valerio Lazzeri,"curator,identifier"
1330037,izakschoon,,identifier
341978,izumin,,"identifier,observer"
780671,izybel,isabel cochran,"identifier,observer"
5131675,izzybelleg,Izzy,identifier
4514874,j-tfql3bs5,,"identifier,observer"
472267,j_appleget,,identifier
5019726,j_orfao,Josué Orfão,"annotator,curator,identifier,observer"
9603261,jabb_er,,"identifier,observer"
7192857,jack12347,,"annotator,identifier,observer"
121831,jack4,Jack Warden,"identifier,observer"
5304363,jack_from_ontario,Jack,"identifier,observer"
2711126,jackcadwell,Jack Cadwell,"identifier,observer"
401076,jackie-k,,"identifier,observer"
4549783,jackielo3,,"identifier,observer"
3587396,jackiemiles,,"annotator,identifier,observer"
906579,jacob62,Jacob A. Varney,identifier
8768907,jacobkorte,,"identifier,observer"
4901361,jacobsullivan4118,Jacob Sullivan,identifier
2138631,jacquelinehoppenreijs,,"identifier,observer"
9957,jacquesmerwe923,Jacques van der Merwe,"identifier,observer"
58314,jacqui-nz,Jacqui Geux,"annotator,identifier,observer"
23685,jadelovesnature,Jade Chapman,identifier
676977,jaheymans,Joseph Heymans,identifier
2433428,jaimebraschi,,"identifier,observer"
4428883,jake_linklater,Jake Linklater,"identifier,observer"
5643,jakob,Jakob Fahr,"curator,identifier"
2061873,jakob_neuen,Jakob Neuenschwander,identifier
200221,jamelamoroso,Jame,"annotator,identifier,observer"
6497664,james2951,James Reinert,"identifier,observer"
7890090,james_byrne4,James Byrne,"identifier,observer"
684070,james_deacon,James Deacon,identifier
2560549,jamesbevan,James Bevan,identifier
4650372,jamie-aa,jamie-aa,"annotator,identifier,observer"
6157530,jamie__g,Jamie Glessal,identifier
5217573,jamie_fenneman,,identifier
5572612,jan_sale,Jan Šalé,annotator
4333443,jandsluckenbill,jandsluckenbill,"identifier,observer"
14264,jane_c,Jane Capozzelli,"identifier,observer"
57762,janegosden,Jane Gosden,"identifier,observer"
56162,janetwright,Janet Wright,"curator,identifier"
2570749,janine94,Janine McNeilly,"identifier,observer"
179567,janmar,Jean-Marie Frenoux,identifier
435,jansmith,Jan Smith,identifier
4515228,jaraverdewildlife,JaraverdeWildlife,"identifier,observer"
1590769,jasen_liu,Jasen Liu,"identifier,observer"
5177899,jasmin_mossy,,"identifier,observer"
6292255,jasmin_reh,Jasmin Rehrmbacher,"identifier,observer"
520564,jason_cantley_sfsu,Jason Cantley,identifier
499708,jasonheadley,Jason Headley,"identifier,observer"
2567033,jasonhernandez74,Jason Hernandez,"curator,identifier,observer"
186163,jasonrgrant,Jason Grant,"curator,identifier"
4020919,jasper_kibblewhite,Jasper,identifier
3895970,javier_cv,Javier Calvo Vázquez,identifier
4011659,jay_dot_,,"identifier,observer"
2130004,jay_rush,James Rush,"identifier,observer"
1367410,jayhorn,Jay Horn,identifier
6511242,jayjt,,"identifier,observer"
4117689,jazzyinthewild,jazzyinthewild,identifier
9644911,jb_fr,,"annotator,identifier,observer"
2041339,jbindernagel,Jack Bindernagel,"identifier,observer"
2163815,jca_2101,,identifier
3948588,jcfrancis,Jenny Francis,"identifier,observer"
6412932,jddahms,,"identifier,observer"
58248,jdenyer,James Denyer,"identifier,observer"
3456454,jderengoski,Joseane Derengoski,"identifier,observer"
366525,jean-francois_olivier,Jean-François Olivier,"identifier,observer"
8066067,jeanne2reviers,Jeanne de Reviers,"identifier,observer"
2131252,jeanphilippeb,Jean-Philippe BASUYAUX,"identifier,observer"
6555105,jecmanatee,Jen,"identifier,observer"
3081415,jeffdc,Jeff Clark,identifier
450483,jeffreyleeisanaturalist,Jeffrey Lee (he/him/his),identifier
665120,jeffwilson2,Jeff Wilson,"identifier,observer"
1145585,jefvandycke,Jef Van Dycke,"identifier,observer"
200629,jenny_apple,Jenny Apple,"identifier,observer"
1896818,jennykirkpatrick,Jenny Kirkpatrick,identifier
9133795,jenpittam,,identifier
2041659,jensu,Jens Ullenius,"curator,identifier"
57797,jeremy_rolfe,Jeremy Rolfe,"curator,identifier,observer"
849813,jeremygilmore,Jeremy Gilmore,"curator,identifier"
4863806,jerome157,Jerome Koh,"identifier,observer"
1803155,jess_peart,,"identifier,observer"
458275,jessbee,Jess Beauchemin,"identifier,observer"
58570,jesse_bythell,,"identifier,observer"
8606688,jessica39726,Jessica Vidal,"identifier,observer"
5864018,jesusgongom,,identifier
3638742,jf920,,"identifier,observer"
5344971,jggbrown,,"annotator,identifier"
5977380,jgrandson,JGrandson,identifier
2615133,jhall3387,Joshua Hall,identifier
1379930,jhalsey,Jack Halsey,"identifier,observer"
384930,jhbratton,John H. Bratton,identifier
35699,jhjfwbr,Morgentor / Morning Gate,identifier
6472568,jillfray,,"identifier,observer"
2094499,jim_keesling,,identifier
1401152,jimbobo,James Peake,identifier
459807,jimfromthesticks,Jim Vanderhorst,"identifier,observer"
8208360,jimmex,Jim,"identifier,observer"
7101818,jimmy_plinco,Jimmy Haines,identifier
1219746,jimstasz,Birder20714,"identifier,observer"
98904,jimw3,James K. Wetterer,identifier
4771737,jjdeharo,Juan José de Haro,identifier
5639500,jjelen,John Jelen,"identifier,observer"
9877282,jlemos,Julia Lemos,"annotator,identifier"
3748278,jmarth,,"identifier,observer"
534826,jmgrinde,John Magne Grindeland,identifier
8127141,jmiguelmoreira,José Moreira,"identifier,observer"
6215552,jmli,,identifier
296408,jmounger,Jeannie Mounger,identifier
3295956,jmvanel,Jean-Marc Vanel,"identifier,observer"
5483125,joana_freire,Joana Freire,observer
4489775,joanperepascual,Joan Pere Pascual-Díaz,identifier
6976363,joaomribeiro,Jp Ribeiro,"identifier,observer"
1355499,joaotiagotavares,Joao Tiago Tavares,identifier
1415857,jodyhsieh,JODY HSIEH,identifier
727377,joedillon,Joe Dillon,"annotator,identifier,observer"
4280081,joel_demeritt,Joel DeMeritt,"identifier,observer"
1215480,joelgr,Joel Galván,"identifier,observer"
349183,joemdo,Joe MDO,"curator,identifier,observer"
58340,joepb,Joe Potter Butler,"identifier,observer"
1420389,joescience1,,"identifier,observer"
370917,joeysantore,Joey Santore,"curator,identifier,observer"
7793834,johan_n,,identifier
760859,johanbaard,,identifier
5112297,johann_macedo,Johann Macedo,identifier
5092232,johannes_merz,Johannes Merz,identifier
3911320,johanni,,identifier
4526984,joherlo,Jorge Hernández López,identifier
4126754,john-p-martin,John P Martin,identifier
5395559,john_baines,John Baines,"annotator,identifier,observer"
57756,john_barkla,John Barkla,"annotator,identifier,observer"
203683,john_baur,John Baur,"identifier,observer"
59045,john_early,,identifier
58591,johnb-nz,John B,"curator,identifier"
177047,johnbotany,,identifier
459348,johndreynolds,John D Reynolds,"identifier,observer"
121474,johnflower,John Flower,"identifier,observer"
1378773,johngibson139,John Kenrick Gibson,"curator,identifier,observer"
2922027,johnloehr,John Loehr,"identifier,observer"
3895681,johnlyden,John Lyden,"identifier,observer"
1778592,johnmctague,John McTague,identifier
58945,johnsteel,John Steel,"identifier,observer"
59290,johnvandenhoeven,John van den Hoeven,identifier
3962834,johnygarden,João Jardim,"identifier,observer"
1905598,johnzydowicz,John Zydowicz,"identifier,observer"
5829886,jokerrr83,Ondřej Křivan,identifier
7327328,joknight_nz,Joseph Knight,"identifier,observer"
5407689,jolube,Jolube,identifier
1724130,joluca,José Luis Camaño,identifier
1115,jon_sullivan,Jon Sullivan,"annotator,curator,identifier,observer"
1192116,jonaht,Jonah Timms,identifier
3265846,jonas2492,Jonas Storm,identifier
1891207,jonathan-ngaio,Jonathan Anderson,"annotator,identifier,observer"
551115,jonathanmohl,Jonathan Mohl,"curator,identifier"
3026711,jonnyecology,Jonathan Hughes,"identifier,observer"
1497036,joostnieuwenhuizen,Joost .,"identifier,observer"
6409534,jordi141,Jordi Miralda Escudé,identifier
998304,jordi_lopez-pujol,Jordi López-Pujol,"identifier,observer"
2514388,jordiaz,Jorge Diaz,observer
7767126,jorgecv,,identifier
3494281,jorgedecapadocia,Jorge Calvo Yuste,"identifier,observer"
2846928,jorticus,,"identifier,observer"
1019741,jose_castro,Jose Castro,identifier
4808259,josef_placek,Josef Plaček,identifier
2219367,josephpetch,Joseph Petch,identifier
3889160,joseronchel,,"annotator,identifier,observer"
117116,josh_rudder,,"identifier,observer"
239019,joshua_tx,Joshua Ekrut,"curator,identifier"
7599631,josiahhchase,Josiah Chase,identifier
5655763,josscarr,Joss Carr,"annotator,identifier,observer"
978321,josue_oudin,,"identifier,observer"
1339029,jpr2,James Riser,"identifier,observer"
61862,jrebman,,"curator,identifier"
1065815,jrichardabbott,J. Richard Abbott,"identifier,observer"
330521,jsimons,,"identifier,observer"
4155280,jsmithnc1,Jason Smith,identifier
6929660,jsotoo,,observer
530659,jtklein,Johannes Klein,"curator,identifier"
330795,juan70,Juan Ayala,"identifier,observer"
412180,juan_carlos_caicedo_hdz,Juan Carlos Caicedo Hernández,"curator,identifier,observer"
7175602,juandmora,Juan Diego Mora López,identifier
4737951,jubeh,,identifier
4324647,jucasony,,"identifier,observer"
1769981,judisanders,Judi Sanders,identifier
6298609,juditsonkoly,Sonkoly Judit,"annotator,identifier,observer"
1434014,julia_shner,Julia V. Shner,identifier
1256862,juliakcarr,Julia Carr,"identifier,observer"
3618012,julian-seager,Julian Seager,"identifier,observer"
2322766,juliandargan,Julian,"identifier,observer"
8413688,julien_fgx,Julien Fougeroux,identifier
3897270,junior84,Andres Castro Palmer,identifier
3910880,jupal04,Julia Palmer,"identifier,observer"
5906049,juri_g,Juri,identifier
1030272,justin_p,Justin Ponder,identifier
6216379,jv_ferrandez,José Vicente Ferrández,identifier
5213957,jvictor,J Victor de Paula,"identifier,observer"
1207192,jvitor,Jorge Vítor,"identifier,observer"
8176988,jw_nz,,identifier
4905173,jwharrison,Jimmy Harrison,"identifier,observer"
7482773,k_tolentino,Kelly Tolentino,"identifier,observer"
8303188,kadomaa,Kado,"identifier,observer"
59233,kai_schablewski,Kai-Philipp Schablewski,"curator,identifier"
941134,kaipatiki_naturewatch,Jenny Christianson,"identifier,observer"
5307395,kairigney,,identifier
4802611,kairune,,"identifier,observer"
3146890,kajetanduell,,"identifier,observer"
4116863,kalita_van_zijl,Kalita,"identifier,observer"
6418031,kallummcdonald,Kallum McDonald,identifier
5073727,kamody,Karsten Mody,"identifier,observer"
2232417,karainio,Kalle Rainio,"identifier,observer"
5313600,karenort,Karen Alexandra Ortega Ramírez,"identifier,observer"
1082970,karimhaddad,Karim Haddad,identifier
1493700,karsten_s,,identifier
6849120,karyorelicta4662,kary,"identifier,observer"
1602795,karyssa,,identifier
3643108,kastik-talsu,,identifier
2300974,kate_mcalpine,Kate McAlpine,"identifier,observer"
191332,katebraunsd,Kate Braun,"annotator,identifier,observer"
1421387,katemckeown,Kate McKeown,"identifier,observer"
1841015,kathjn,,"identifier,observer"
230128,kathleendob,Kathleen Dobson,identifier
1423206,katiekushneryk,Katie Kushneryk,"identifier,observer"
2483447,katrin_simon,Katrin Simon,identifier
2457299,kaupunkilinnut,,"annotator,identifier,observer"
1234768,kaydelventhal,,"identifier,observer"
2388485,kaylynnlow,Kaylynn Low,identifier
5252327,kddrop,Kay,identifier
4002123,keelanorrock,,"identifier,observer"
3247678,keeshkid,,"identifier,observer"
117921,keirmorse,Keir Morse,"curator,identifier"
4320069,kelian_gtr,Kélian Gautier,"curator,identifier"
9053554,kemytkawon,,identifier
3413015,kenbehrens,,"identifier,observer"
5766069,kenneth1963,Kenneth Cook,"identifier,observer"
717278,kenneth_oberlander,Kenneth Oberlander,identifier
2992783,kennethtatunka,,"identifier,observer"
6323189,kereru22,,"identifier,observer"
1415605,keriamg,,"identifier,observer"
63792,kestrelsparverius,Paul G.,"identifier,observer"
7636284,kevin_bretz,Kevin Bretz,"identifier,observer"
321317,kevinfaccenda,Kevin Faccenda,"curator,identifier,observer"
38530,kevinhintsa,,identifier
679628,kevintoo,Kevin Toomer,identifier
473000,kevomc,,identifier
392375,kevtolan,Kevin Tolan,"identifier,observer"
1462925,kh-c,Kian Hayles-Cotton,"annotator,curator,identifier,observer"
373793,khayhurst,,"identifier,observer"
3208990,khenric,,"identifier,observer"
5828594,kian_l,Kian L,"identifier,observer"
3307222,kierandh,Kieran Hanrahan,"curator,identifier"
5395772,kilian_prvst,Kilian Prévost,identifier
2401663,kim_nicole,,identifier
4890785,kimbeetle,Kimberley van Tonder,"identifier,observer"
3453019,kingmush,JeffreyGammon,"identifier,observer"
4194091,kip_lary,Hillary Xu,"identifier,observer"
736224,kirstymyron,Kirsty Myron,"identifier,observer"
10580941,kisombe,gift kisombe,"identifier,observer"
3225040,klabutzel,Lars,identifier
6530434,kladodiy,,"identifier,observer"
1633424,klaus16,Klaus Riede,"identifier,observer"
55833,klynne,,identifier
6492000,kmmack,,"identifier,observer"
1772141,komada_n,Komada_N,identifier
6950405,konrad-m-a-kaczmarek,,"identifier,observer"
2394832,koprolito,Darío Calvente Viera,identifier
9547113,koukipa,Emanuele,"annotator,identifier"
5248650,krauklis,Marina E.,identifier
1442912,krisskinou,Christian Grenier,"identifier,observer"
4326737,krmorison,,"identifier,observer"
4210390,kroolik,Urszula Wojciechowska,"identifier,observer"
985563,kruizcox,Kate Ruiz-Cox,identifier
6589231,kruzkalke,,identifier
3175852,krylenkosl,Krylenko VV,"identifier,observer"
5301640,krysta_bagnall,,"identifier,observer"
3035744,ksled,,"identifier,observer"
29452,kstenman,Katarina Stenman,identifier
1,kueda,Ken-ichi Ueda,"curator,identifier"
4037984,kulakovvg,Kulakov Vitalii G.,"identifier,observer"
8864906,kulugal,,identifier
3008920,kuplungos,,identifier
546424,kwright,,"identifier,observer"
2163207,kyanocitta,Kyan Russell,"identifier,observer"
302562,kyhlaustin,Kyhl Austin,"curator,identifier,observer"
3746806,kyle_eaton_photography,Kyle Eaton,identifier
421879,kyle_klotz,Kyle Klotz,identifier
157371,kylealdinger,Kyle Aldinger,"identifier,observer"
11792,kylejones,Kyle Jones,identifier
3907091,kylepdougherty,Kyle Dougherty,identifier
1532155,kywanderer,Allen C. Risk,identifier
851223,kzoebel,Kristi Zoebelein,"annotator,identifier,observer"
10142065,la_fleur,,identifier
120940,lallen,,identifier
2840646,larry216,Larry Jensen,"annotator,identifier,observer"
3724447,larryrush,,"identifier,observer"
8021801,late77,Laure Theunissen,"annotator,identifier"
1768859,lauracostello,Laura Costello,"identifier,observer"
1980265,laurelrf,,identifier
4488270,lauren_bosch,Lauren Bosch,identifier
9529803,lazyfox2603,LazyFox2603,"identifier,observer"
8151840,ldid,Downing,"identifier,observer"
1128020,leaf0605,葉子,identifier
5467459,leannedempsey,Leanne Dempsey,"identifier,observer"
109098,leannewallis,Leanne Wallis,identifier
5496020,lebreton_jean-do,Jean-Dominique LEBRETON,"identifier,observer"
1480292,ledum,Светлана Нестерова,"identifier,observer"
1755087,leeamos,,identifier
2217011,lefebvremax,Lefebvre Maxence,identifier
59123,lek,Lek Khauv,identifier
255040,lenachiasson,Lena Dietz Chiasson,"identifier,observer"
849522,leon_alexei_pizano_rodriguez,León Alexei Pizano Rodríguez,identifier
417902,leonardoac,Leonardo O. Alvarado Cárdenas,identifier
2216853,leonardomondacalara,Leonardo Mondaca Lara,identifier
57754,leonperrie,Leon Perrie,"curator,identifier,observer"
5999287,leonva,León V.,"identifier,observer"
16595,leopatas,Leoncio Paz,identifier
17712,leopoldoislasflores,Leopoldo Islas Flores,"identifier,observer"
562490,leppinm,Mark Leppin,"identifier,observer"
5179,leptonia,Christian Schwarz,"curator,identifier,observer"
1183872,leschij,Станислав,identifier
916839,leshell,Leshell,"identifier,observer"
5661217,lesleymarr,Lesley Marrion-Cole,identifier
3761443,lesschasin,Derek Leschasin,identifier
2220426,letiziaw,Letizia Weichgrebe,"annotator,identifier,observer"
3916243,lfunez,Luís A. Funez,"curator,identifier,observer"
4790037,liam_gerry,Liam Gerry,"identifier,observer"
2878431,liamcassidy,Liam Cassidy,"curator,identifier,observer"
650775,liamragan,Liam Ragan,"curator,identifier"
2458782,liamurquhart,Liam Urquhart,"identifier,observer"
70438,lianamay,Liana May,"identifier,observer"
4442561,libibi,,"identifier,observer"
645463,lichotarantula,,"identifier,observer"
5892633,likelytravis,Travis Kintzinger,"identifier,observer"
5688196,lil_ian,Lilian Falher,identifier
8340801,lil_willy14,Matthew Wilson,"identifier,observer"
8945068,lilium_jilium,,identifier
246323,linaceae,Keith Bradley,identifier
703773,lincolndurey,Lincoln Durey,"annotator,curator,identifier,observer"
1405134,lind-thomsen,,"identifier,observer"
7110311,lindernia-w,,"identifier,observer"
5081344,lionnativo,Lion Nativo,identifier
1390349,liquen,,"identifier,observer"
59227,lisa_bennett,Lisa Bennett,identifier
2703967,lisa_sch,Lisa Schäfer,identifier
6484647,littleowllondon,,identifier
5986543,lizmo,,identifier
3778642,ljazz,Ljaž,"curator,identifier,observer"
2224453,llaschober,,identifier
56932,lloyd_esler,Lloyd Esler,identifier
9734797,lmantin,Laura Mantin,"identifier,observer"
6260345,lmtaylor,Levana Taylor,identifier
1711762,loganangel,Logan Angel Rincón-Portilla,identifier
1148121,logancrees,Logan Crees,"curator,identifier"
140440,loranthus,,"identifier,observer"
7238641,lorcanmc,Colour Blind Flora Enthusiast,"identifier,observer"
1905837,lorena_pardo,Lorena Pardo Rabuñal,identifier
2857867,lorenzobertola,Lorenzo Bertola,"identifier,observer"
5892942,loriellen,Lori Johnson,identifier
5826106,lotta_fjelkegard,Lotta Fjelkegård,"annotator,identifier"
1020162,lotteryd,Lottery Discountz,identifier
1589666,loudnana,,"identifier,observer"
3446841,lougarou,,identifier
1546239,louis_raginwulf,Louis Raginwulf,identifier
7081409,louissalmon,Louis-salmon,identifier
4868181,lovecamp,ktw,identifier
1471889,lrasran,Leonid Rasran,identifier
3322988,lublamai,,"identifier,observer"
6315819,lucasbollingh,,identifier
4032838,lucasillanesss,Lucas Illanes,"identifier,observer"
28901,lucianoverde,J César Pérez J,"identifier,observer"
5518820,luciogiuniobruto,Francisilmuloparlante,identifier
3784396,lucybrown19,,"identifier,observer"
1456163,ludwig_muller,Ludwig Muller,"annotator,identifier,observer"
6167949,luis-luquin,,identifier
5660542,luis1845,Luis Martinez,observer
1761843,luis615,Luis Webber,"identifier,observer"
7553027,luis_emilio_de_la_cruz,,identifier
154885,luishumbertonambue,Luis Humberto Vicente-Rivera,identifier
2539175,luissilva4,Luis Silva,identifier
4242404,lukasz_aksamit,Łukasz Aksamit,"identifier,observer"
8946596,luke75339,Luke Kendall,identifier
5900201,luke756,Luke Garside,identifier
5418759,lukefournier,Luke Fournier,"identifier,observer"
3896439,lukemcooo,Luke Cooper,identifier
994991,lumenal,Jeff Ward,"identifier,observer"
78008,lupitachavezhdez,María Chávez Hernández,identifier
1381903,lustine,Lu Stine,identifier
6712156,luto2606,,identifier
6843750,luzmariamf,,identifier
6665039,lycaena_kf,,identifier
7816668,lydiavenera,,"identifier,observer"
6718339,lygeum,José Antonio Domínguez Llovería,identifier
1100647,lynkos,Sarah Gregg,identifier
6405891,lysanderllama,Lysander,"identifier,observer"
2912997,m_coronel94,Martin Coronel Varela,"identifier,observer"
2572233,m_d,Mahomed Desai,"identifier,observer"
5431621,m_whitson,M. Whitson,"annotator,identifier,observer"
1242401,mabrybiggs,,identifier
4303576,macasado,Miguel A. Casado,identifier
162726,mack911,Francis Reyes,"annotator,curator"
7803445,maddisonreist,Maddison Reist,"identifier,observer"
1916126,madmanserg,Sergey Lednev,identifier
9628206,madoka_mapper,Madoka (Dinis),"identifier,observer"
773549,madronyut,,"identifier,observer"
1516895,magicicada,Forrest,identifier
8362256,maite4760,Maite,identifier
58489,majo00,Mary Joyce,identifier
380399,majoet,Étienne VENNETIER,"curator,identifier,observer"
22624,major_bombylius,Jon Mortin,identifier
6187211,malecadu,,identifier
1753307,mallaliev,,identifier
235715,malthinus,Marthinus Vosloo,identifier
7951952,mamavomsandro,,identifier
9609084,manamanamanamanama,,"identifier,observer"
1908828,mangoblatt,T. Pedro Hafermann,"curator,identifier"
1524267,manishtiwaridhaulakhandi,Manish Tiwari Dhaulakhandi,"annotator,identifier,observer"
9377204,manta1990,,"identifier,observer"
6361471,mantislover67,Ayaan Moghal,"identifier,observer"
3886811,manuel_m,Manuel M,"annotator,identifier,observer"
5359328,manuelcorvalan,Manuel Corvalán Favereau,identifier
8317067,manuelmegias,,identifier
6336203,marceau_c,Marceau Coppée,"annotator,identifier"
772602,marciecallewaert,Marcie Callewaert,identifier
8627468,marcin_scelina,Marcin Scelina,identifier
4084041,marcinklisz,Marcin Klisz,identifier
792989,marco103,Marco Antonio Cerdio Roussell,"identifier,observer"
1232111,marcoacuna,Marco Acuña,identifier
2714988,marcoduretto,Marco Duretto,identifier
3321405,marcogu,Marco Guarasci,identifier
36200,marcopecoraro,Marco Pecoraro,identifier
81948,marcoschmidtffm,Marco Schmidt,"curator,identifier,observer"
3363955,marcosmortara,Marcos Mortara,identifier
2860172,mareiked,,"identifier,observer"
1138701,maremimar,Maria Emília Martins,"annotator,identifier,observer"
251782,margeu,Mieke Geuens,identifier
5434008,margotb_,,identifier
3473435,maria_markina,,"identifier,observer"
8997278,mariamanteigas,,observer
7907871,maribalt,,annotator
2620987,marie-ho,Marie Hoensbroech,"annotator,identifier,observer"
4824056,marina_r_,Marina Roth,identifier
6928134,mario1263,Mario Linaksita,"identifier,observer"
2035809,mario_mairal,,"curator,identifier,observer"
2297663,mario_vega,Mario Vega Pérez,"identifier,observer"
14417,mariocastanedasanchez,Mario Castañeda,"identifier,observer"
5494102,marios10,Marios Thoma,identifier
1885728,marivillasol,Marisol Villarreal,"identifier,observer"
472475,mark_smale,,"annotator,identifier,observer"
397990,markham_maguire,,"identifier,observer"
3904492,markk178,,"identifier,observer"
2945190,markkuvihava,Markku Vihava,"identifier,observer"
271880,marleyi,Marley Ford,"curator,identifier,observer"
242344,marshrob,,"identifier,observer"
59204,marshy,,identifier
85799,martha_gonzalez_elizondo,Martha González,identifier
3326830,martin_de_jong,Martin de Jong,"annotator,identifier,observer"
4660910,martin_der_prinz,Martin A. Prinz,identifier
6225596,martin_sedlak,Martin Sedlák,identifier
1226673,martin_spaeth,Martin Spaeth,identifier
738703,martina_andreas_ohr,Martina and Andreas Ohr,"curator,identifier"
9867992,martine-besacier,Martine Besacier,identifier
32124,martingrimm,Martin Grimm,identifier
6528231,martinho-fiz,Martinho-Fiz López Lindoso,identifier
5224085,martinhoreis,Martinho,identifier
3563653,martinlayzell,Martin Layzell,"identifier,observer"
1400240,martinsnz,Martinsnz,"identifier,observer"
4030295,martinwettges,Martin W,"curator,identifier"
1426409,martjohanna,Johanna Martens,"identifier,observer"
1486539,marttoms,Tomáš Martinický,"identifier,observer"
36496,marumg,María Eugenia Mendiola González,"identifier,observer"
268295,mary_johnson,,identifier
1304001,maryah,maryah,identifier
4295192,marymacaulay,"Mary E. Macaulay, P.Eng.","identifier,observer"
104095,marystg,,identifier
2509876,masebrock,Mason Brock,identifier
1062247,mason_kulbaba,Mason Kulbaba,identifier
977072,mason_s,Mason Salem,"identifier,observer"
6466633,massagesalon,Massagesalon Odette,identifier
2386706,mast,,"identifier,observer"
4908611,matej_nolan,,"identifier,observer"
9183257,matoury51,N.Bello,identifier
5438164,matt1574,Matt Read,"identifier,observer"
290522,matt_g,Matt Guilliams,"curator,identifier"
5402097,mattbrownsky,Matt Brown,identifier
5295179,mattcg,Mateus Godinho,identifier
7878504,mattdk,mattdk,identifier
8162663,matteobellu239,Matteo Bellucci,"annotator,identifier"
1481279,matteomarcandella,Matteo Marcandella,identifier
20400,matthew_wills,,"identifier,observer"
8009734,matthewgreve,,"identifier,observer"
1030528,matthias55,Matt Schultz,identifier
3188618,matthieullamas,Matthieu Coumoul Llamas,"identifier,observer"
1028110,mattintas,Matthew Baker,identifier
119891,mattward,,identifier
335817,maureen-j-jules,,"identifier,observer"
10069641,max_a1,Max A1,"identifier,observer"
4282439,maxbecke,maxbecke,identifier
7182473,maxsingers,Maxwell Singers,"identifier,observer"
7631969,mayamcloud,Maya,annotator
8690045,mayavon,,observer
3694645,mcastaneda-zarate,Miguel Castañeda-Zárate,identifier
5180769,mcrott,mcrott,identifier
2395395,mdahms,,observer
6143449,megan1751,Megan Scott,"identifier,observer"
8863516,meggkraus,Meg,"identifier,observer"
1925993,meghanl,Meghan Lindsay,identifier
406958,melanielinkperez,Melanie Link-Perez,identifier
8879193,melialovesnature,,observer
4515342,melusinedeb,,"identifier,observer"
247672,melwhiting,Mel Whiting,identifier
6551515,memomg,,"identifier,observer"
34038,merav,Merav Vonshak,"curator,identifier,observer"
1317088,mercantour,,"curator,identifier"
4010937,mercedes08,,"identifier,observer"
107243,merowig,,identifier
4102810,meta4,,identifier
6509424,meteorquake,David Merrick,"curator,identifier"
5302,meurkc,Colin Meurk,"annotator,curator,identifier,observer"
717122,mftasp,Miguel de Salas,"curator,identifier"
710901,mgrandis,Marco Grandis,"identifier,observer"
7593463,mgshepard,Michael G. Shepard,identifier
432286,mheisler,,"identifier,observer"
8338251,mia_seagrave,Mia,"identifier,observer"
4981544,michael-lueth,,identifier
6068281,michael5050,Michael Parenteau,"identifier,observer"
111485,michael_oldham,Michael John Oldham,"curator,identifier"
5527424,michaelameil,,"identifier,observer"
1476621,michaelauger,Mike Auger,identifier
6611065,michaelbenedito,,"identifier,observer"
2325264,michaelcincotta,Michael Cincotta,identifier
534023,michaelthaibinh,Michael Thaibinh,identifier
6418575,michelle_dunford,Michelle Dunford,"identifier,observer"
2621582,michelleelisespicer,Michelle Elise Spicer,"identifier,observer"
6650,mickley,James Mickley,"curator,identifier"
1895151,migabos,SMigabo,identifier
1775428,migallel,,"identifier,observer"
8684235,migrodris,,"identifier,observer"
1001666,miguel_afonso22,Miguel Afonso,identifier
4041843,miguel_carnerero_romero,Miguel Carnerero Romero,"identifier,observer"
2175159,miguelagarcia,Miguel A. García,identifier
1149337,miguelborges,,identifier
1120095,miguelg,,identifier
6425861,miguelpestano_18,Miguel Pestano González,identifier
712959,mihailovujic,,"identifier,observer"
2770419,mikat78,Mika Tomta,identifier
3263228,mike-butler,Mike Butler,identifier
58739,mike68lusk,Mike Lusk,"identifier,observer"
6181221,mike_ross,Mike Ross,"identifier,observer"
4412019,mikel_etxeberria,Mikel Etxeberria Okariz,identifier
2476180,mikenoren,Mike Noren,identifier
15366,mikepatterson,Mike Patterson,identifier
599476,mikeq,Mike,identifier
32435,milagrablue,,"identifier,observer"
560529,mileszhang,Miles Zhang,"curator,identifier,observer"
475590,milkweed_mapper,Scott Allen Davis,"identifier,observer"
543609,mimmo_perico,Giovanni Perico,identifier
295960,mira_rawet,Mira Rawet,identifier
9179724,mirlyla,Miranda Lakes,identifier
4637153,mis_id,Leyla,identifier
5291883,misumeta,Stephan Pflume,"annotator,identifier,observer"
2621983,mitchgillilan,Mitch Gillilan,identifier
2613923,miwi2020,Michael 2020,"identifier,observer"
5920601,mizudori,,"identifier,observer"
5204127,mj_martins2,Maria João Martins,"identifier,observer"
1091537,mjcorreia,,identifier
1113410,mjjkang,Myung Jin (John) Kang,identifier
3892874,mjpapay,Michael J. Papay,"annotator,identifier,observer"
3953738,mkdyderski,Marcin Dyderski,identifier
6028076,mlmiller654,Max Miller,"identifier,observer"
10076322,mmjesus,M.Zúquete,identifier
2538793,mnharris,,"identifier,observer"
1409524,mobbini,,identifier
7657273,moemeikle,Moe Meikle,"annotator,identifier,observer"
1610478,mollydath,Molly D'Ath,"identifier,observer"
2347503,mollyopsis,Molly Nash Rouzie,"identifier,observer"
1138197,monarda,,identifier
686968,monitoreotepelmeme,,observer
6866754,monitorespec,,"identifier,observer"
6314447,monte_tudor-long,Monte Tudor-Long,"identifier,observer"
685939,moondevg,Devin Moon,"identifier,observer"
9222189,moonryna,Maryna,"identifier,observer"
1570534,moopellegrini,Marco Pellegrini,"curator,identifier"
2133434,morgan278,Morgan Fox,identifier
7060799,morganroth,Morgan Roth-Purcell,"identifier,observer"
781032,morganstickrod,Morgan Stickrod,identifier
2851679,moritz3,Moritz,"annotator,identifier,observer"
1891571,moss94,Moss Natthaphong,identifier
3964482,mothteeth,,"identifier,observer"
2694212,motile_liriodendron,Leslie Harris,"annotator,identifier,observer"
7147584,mpagni,Marco Pagni,"identifier,observer"
5406608,mpatrao,Margarida Patrão,"identifier,observer"
2816616,mpoinat,Mike Ostrowski,"identifier,observer"
4153241,mr_hopper,Mr. Hopper,"identifier,observer"
1401081,mreith,Martin Reith,"annotator,identifier,observer"
35478,mrfish33,Mike,"curator,identifier,observer"
4062341,mrpopp,Manuel R Popp,identifier
443108,mrtnlowr,Martin Lowry,"annotator,curator,identifier"
7074899,msvit,Michal Svit,identifier
2471417,mtalar,Marian Talar,"identifier,observer"
5240,mtncatt,Brian Catto,"identifier,observer"
6031730,mu_schel,Uschi,identifier
3686365,muhara,Luka Marić,"identifier,observer"
6730643,murantsienos,,identifier
915313,murockey,Benedikt Hülsmann,identifier
57507,murray_dawson,Murray Dawson,"curator,identifier"
668245,mutolisp,Cheng-Tao Lin,"annotator,curator,identifier"
747374,mwtreftig,Malte W. Treftig,identifier
5582140,mxk,Kiyah P,"identifier,observer"
3015231,mya_c,Mya Carrasquinho,identifier
9274846,mykhailokorbchynskyi,Михайло Сандул,identifier
5346626,n_v_,Natalie Binder,"identifier,observer"
46217,nachotorres,Ignacio Torres-García,identifier
7948577,nadjakrebs,,"annotator,identifier,observer"
4228845,nadler,Kurt Nadler,"identifier,observer"
3227668,nadnerb_,nadnerb_,identifier
17401,najera_tutor,Pedro Nájera Quezada,"curator,identifier"
5338651,nalagtus,,identifier
1299608,nana10,Susan Christman Williams,identifier
1403488,nancy_izquierdo,,identifier
4052355,nancyweaver,Nancy Weaver,"identifier,observer"
274228,nanjemoycreek,Tim Emhoff,identifier
2123860,nans_barth,Nans,identifier
5540930,nastusia,nastusia,"identifier,observer"
10095138,nat___,,identifier
3422482,natalia_gamova,Наталья Гамова,identifier
583227,nataliewaddellrutter,Natalie Waddell-Rutter,"identifier,observer"
1852836,natemarchessault,Nate Marchessault,"identifier,observer"
220924,natemartineau,Nate Martineau,identifier
4704696,natewz,nate zan,"identifier,observer"
43815,nathantaylor,Nathan Taylor,"curator,identifier,observer"
901837,nathimble,Nathan,"identifier,observer"
849233,nativeplantsmatter,Rob John,identifier
7670163,naturalist97663,余世文,identifier
7109943,naturalist_nik,Николай Фещенко,identifier
2661736,naturemom33,Shannon,identifier
5720145,naturenut642,,identifier
58645,naturewatchwidow,,"identifier,observer"
3987601,naturewu,,"annotator,identifier,observer"
3101877,naturomaniak,Arkadiusz Kiszka,"identifier,observer"
1282144,naufalurfi,Naufal Urfi Dhiya'ulhaq,"curator,identifier,observer"
2525248,nbforager,Tristan Hallett,"identifier,observer"
305059,ndumbleton,,observer
1160825,neatnature,,identifier
5316782,necology,NEcology,"identifier,observer"
4632743,nehrke,,"identifier,observer"
5518806,neil294,Neil Han,observer
57588,neil_fitzgerald,Neil Fitzgerald,"curator,identifier,observer"
8056974,nekomata0_0,,"identifier,observer"
1544578,nelson_miranda_moyano,,identifier
5615514,neottia,,"identifier,observer"
2473392,nerissakassis,Nerissa Kassis,"identifier,observer"
114537,net8a,Ernesto,identifier
9206213,nfzn123,,"identifier,observer"
2297066,nhow,Noah How,identifier
6201906,niamh_mal,,"identifier,observer"
319421,nicfit,Nick Fitzgerald,"identifier,observer"
8292651,nicholas_morris1,Nicholas Morris,"identifier,observer"
541386,nicholaswarren,Nicholas Warren,"identifier,observer"
1899313,nick2524,Nick Kleinschmidt,"identifier,observer"
7869895,nick37158,Nick Butcher,identifier
57870,nick_goldwater,nick_goldwater,"identifier,observer"
3064672,nickcecchi,Nick Cecchi,"identifier,observer"
1005356,nickharby,,identifier
267919,nickhnz,,identifier
7151589,nico2709,,identifier
1427421,nico_lavandero,Nicolás Lavandero,"curator,identifier"
1218315,nicolarammell,Nicola Rammell,identifier
1450094,nicolayfadeev,Nicolay Fadeev,identifier
8708324,nicolensa,Nicole Santos,observer
7686805,nicotche,Nicolas Tcherepoff,identifier
4024404,night-owl-naturals,night owl naturals,identifier
7016414,nighthawk09,R.G,identifier
16443,nihaib,,"identifier,observer"
8518484,ninjago46644,Anis Dris,"curator,identifier"
6260721,nmyers9,,"identifier,observer"
63149,noah_vale,Noah Vale,"annotator,identifier,observer"
2490989,noahdunkley,Noah Dunkley,identifier
4428213,nodora,Nodora L. Moyano,"annotator,curator,identifier,observer"
7527088,noel_bravo,,identifier
9579410,nolansmit,,identifier
16301,northeastnaturalist,Dave Spier,"curator,identifier,observer"
1230732,northfloridawildlife,Michael Keys,"identifier,observer"
2169795,norwichtim,Timothy Grover,"annotator,identifier"
1305199,nouwelant,John Van Den Nouwelant,"identifier,observer"
7785610,nova-rx,Ryan,identifier
472505,novapatch,Nova Patch,identifier
4350079,nschwab,Nicolas Schwab,"curator,identifier"
58249,nsingers,Nick Singers,"identifier,observer"
3958502,nubigenus,Camilla Christie,"identifier,observer"
1660789,nuheyenuh,'nuh-EYE-nuh' - Nina,identifier
3665157,nulepia,,"identifier,observer"
57903,number8dave,David Riddell,identifier
900026,nycnatureobserver,Kevin Sisco,identifier
388545,oaag1993,Oscar Grant,"identifier,observer"
374016,obblue,Andrew Nevin,identifier
4167602,oceanf,Ocean Fleskes,"curator,identifier"
8849734,oconeegw,Graham Williams,identifier
3151779,oldgrowthearth,soda,"identifier,observer"
2017693,olenavakarenko,Olena V. Vakarenko,identifier
7911773,oli_sto,Oliver Stöhr,identifier
553511,oliverkomar,Oliver Komar,"identifier,observer"
9410128,olivia123fern,Olivia Carmo,"identifier,observer"
2327641,oliviantucson,OliviaNTucson,identifier
9832530,olivier_escuder,Olivier Escuder,identifier
3178839,olivier_fortune,Olivier Fortune - Isabelle Delafosse,"annotator,identifier,observer"
1102610,olvr_a,Oliver Angus,"curator,identifier,observer"
1853437,olyjah,John A Haskins,identifier
9876365,omimus,,"identifier,observer"
1706934,oneanttofew,,identifier
5159763,onetapir,Ciaran Ernst-Russell,"curator,identifier"
9490133,oohhh_a_butterfly,,identifier
581335,optilete,Marsel,"curator,identifier"
448625,orchidevobio_wvu,Craig Barrett,"identifier,observer"
2504363,origamilevi,Levi smith,"curator,identifier,observer"
3919504,orinthia_s,Orinthia S,"identifier,observer"
4986748,orionid,,"identifier,observer"
2625692,orlandob,Orlando Bonney,"identifier,observer"
7956289,orshitrit,אור שטרית,identifier
4733620,oscar_dove,Oscar Dove,"identifier,observer"
26738,oscargsol,Oscar C. González Martínez,"curator,identifier"
783449,osorag110395,Óscar Ortiz,identifier
7948882,ossorno,Luis de Ossorno,"annotator,identifier,observer"
9379210,otago,Ivan A. Popov,"identifier,observer"
429431,ottoh,Otto Hyink,"identifier,observer"
2560076,outlawwolf,Wolf Woods,"identifier,observer"
660426,outramps-tanniedi,Di Turner,"identifier,observer"
8861468,ovideon,,"identifier,observer"
164015,owenclarkin,Owen Clarkin,"identifier,observer"
699883,oxalismtp,,identifier
3857521,pa_pauu,Paula Pérez Riveros,"identifier,observer"
3403321,paddeladdi,,identifier
8157262,padrona148,Alejandro Padron,"identifier,observer"
58800,pagreer,Paula Greer,"identifier,observer"
5555664,palj81,Pál János,identifier
4024934,panarthropodism,Skai Peterson,"identifier,observer"
5018189,panguikoy,Christian Romero,"annotator,identifier,observer"
6686,parkecology,Tim Park,identifier
8226688,parochi_al,,"identifier,observer"
3837807,particle_ghost,nullptr,"annotator,identifier,observer"
5462104,pascal_france,,identifier
2438113,pastabaum,Patrick Hacker,"annotator,identifier,observer"
6464430,patrice-d-onofrio,Patrice D'Onofrio,identifier
9892158,patriciamartinezz,Patricia M.,"identifier,observer"
481764,patrick_campbell,Patrick Campbell,"curator,identifier"
30962,patrickhoffman,Patrick Hoffman,identifier
5185459,patricklm35,Patrick Le Mao,"identifier,observer"
2328997,patrickstrzalkowski,Patrick Strzalkowski,identifier
4707862,patsuttonwildlifegarden,Pat Sutton,"annotator,identifier,observer"
3636655,patswain,,identifier
25990,paul_norwood,Paul Norwood,"curator,identifier"
6355290,paulaserra,Paula Serra,"identifier,observer"
558028,paulinab,,identifier
2355803,paulomauricio,,observer
808755,paulwinthrop,Paul Winthrop,identifier
5016538,pavel_radwill,Pavel Kretov,"identifier,observer"
454577,pavellperez,Pável Pérez,identifier
4187217,pavelsink,Pavel Šinkyřík,"identifier,observer"
5885574,pawel_radzikowski,Paweł Radzikowski,"identifier,observer"
691165,pbeja65,Pedro Beja,"annotator,identifier"
62141,pcarreyes,Pablo Carrillo-Reyes,identifier
6856701,pchee88,,"annotator,identifier,observer"
136000,pdbellbutler,Paul Bell-Butler,"curator,identifier,observer"
264427,pdfuenteb,Pablo de la Fuente Brun,"curator,identifier,observer"
2416260,peachysteve,Peachysteve,identifier
2296918,peakaytea,,"annotator,identifier"
3306192,peashoots,PeaShoots,"identifier,observer"
7964245,pechangel,Juan Martínez Reina,"identifier,observer"
7460193,pedro_sibaja1146,Pedro González-Sibaja,identifier
741651,pedroandrade,Pedro Andrade,"identifier,observer"
3121036,pedroramalho,Pedro Ramalho,"identifier,observer"
58664,pelser,Pieter Pelser,identifier
2799820,pen11,Przemysław Pyrek,"identifier,observer"
47610,penelopegillette,Penelope Noel Gillette,"identifier,observer"
1569483,pennywort_man,,"annotator,identifier"
3852435,peptaro,,identifier
6329527,perevalls,Pere Valls,identifier
9505672,periskamau,,"identifier,observer"
1262502,peroed,Peter Edelman,"identifier,observer"
3510606,pete_tarleton,Peter Tarleton,"identifier,observer"
5440025,petercaire,Peter Caire,identifier
2432467,peterkelly1,Peter Kelly,"identifier,observer"
1816805,peterzika,Peter Zika,"identifier,observer"
1209783,petitcrabe,,identifier
203752,pffoster,Paul Foster,"identifier,observer"
5494290,pflanzen_johanna,Johanna Ruhnau,identifier
7282084,pglewia,pglewia,"annotator,identifier,observer"
4740363,ph_saura,Paul-Henri Saura,identifier
217955,phelsumas4life,Sean,"curator,identifier"
1830926,phil140,Phil Lambert,"identifier,observer"
1373043,phil96,Phil,identifier
324957,philcol,Phil Collier,"identifier,observer"
58139,philg-j,Phil Garnock-Jones,"curator,identifier,observer"
2133878,philip_precey,Philip Precey,"identifier,observer"
5759470,philipdekat,Philip Dekat,identifier
6870952,philippareiddalglish,philippa,"identifier,observer"
143067,philipwoodscc,Philip Woods,identifier
8142763,philleicht,,"identifier,observer"
476945,philodendronjoe,Alessandro,"curator,identifier,observer"
6015466,philomel,,identifier
3943314,philsim,Phil Simpson,identifier
2520348,philwahlbrink,Phil Wahlbrink,"identifier,observer"
1420575,phlomis_2019,Sergey Mayorov,identifier
827122,phoebeandrews,,"identifier,observer"
6260053,phoenicurus,Andreas Michalik,identifier
8330830,pic0lo,,identifier
6102906,pichet3,Pichet CHANTON,"identifier,observer"
4249652,picklejar,Alex Yu,"curator,identifier,observer"
311484,pierre-glez,P Gonzalez Zamora,identifier
2236269,pierrecorbrion,Pierre Corbrion,"identifier,observer"
1257252,pierrenoel,,identifier
699506,pieterwinter,Pieter Winter,identifier
1107254,pilcrow,Pilcrow,"identifier,observer"
6545070,pilgrim123,pilgrim123,identifier
3024048,pilmar,Piermario Maculan,"identifier,observer"
7121683,pineconeinthemist,Maria Jesus,"annotator,identifier,observer"
5233894,pinustaeda,,"identifier,observer"
7804097,piotr12345,Peter,identifier
7890442,piotr1410,Piotr,"identifier,observer"
811473,piotr3,Piotr Panek,"annotator,identifier,observer"
1402798,piphilsunmas,"Sansum, P.A.","identifier,observer"
180309,pittosporum,Florence,identifier
57661,pjd1,Peter de Lange,"annotator,curator,identifier,observer"
2884009,pjd2,,"identifier,observer"
8303685,planetaverde303,,"identifier,observer"
2148529,plantas_en_antesis,Macarena Andrea Villalobos Farías,identifier
8266002,plantastic_lilli,Lilli P.,identifier
3186651,plantbrosg,pbsg,identifier
1201305,plantdruid,,"identifier,observer"
7079863,plantman4,L. C.,"curator,identifier"
4293734,plantperson7654,,identifier
371579,plantsarecool,Jacob Smith,"identifier,observer"
2688174,plnauta,Paulo Lopes,identifier
6327231,pnwcoasthiker,Dina Pavlis,identifier
1241850,pnwmossnerd,,"identifier,observer"
4218206,poetic450,,"identifier,observer"
7922145,polarmetrie,Julia,identifier
26905,polemoniaceae,Jeff,identifier
3768173,pondcypressstudio,,"identifier,observer"
3839945,possiblybuddha,possiblybuddha,"identifier,observer"
9397236,pouffffffff,,identifier
4243798,poultrypalace,Madrone Ruggiero,"annotator,identifier,observer"
3327701,powejx,,"identifier,observer"
1832448,prairie-willow,Veronique Tessier,"identifier,observer"
3601677,prashantkaradakatti321,Prashant Karadakatti,"identifier,observer"
2615636,pratyeka,,"identifier,observer"
4065689,prestonhamren007,Preston-Eric Hamren,identifier
17145,profdiegogonzalez,Diego Gonzalez,identifier
759683,projectseawolf_sv,Project Seawolf,"identifier,observer"
5304833,prosperosity,,"identifier,observer"
8856377,psball,,"annotator,identifier,observer"
4063761,pstimmler,Dr. Peter Stimmler,"identifier,observer"
216168,psweet,,"curator,identifier,observer"
7910151,psylvestris,,"identifier,observer"
491988,pucak,Joan Knapp,identifier
363321,pufferchung,Michelle W. （鍾偉瑋）,identifier
279499,purplesagela,,identifier
4842220,purpleviolet_syn_rgvhf,Scarlett,identifier
6924066,putaweta,,"identifier,observer"
1338616,pvaraujo,Paulo Ventura Araújo,identifier
2370039,pycurtin,Pam Curtin,"identifier,observer"
9828556,pyrorchis,,"identifier,observer"
63000,qgroom,Quentin Groom,identifier
776526,quercusboletus,kevin mason,identifier
450592,quillipede,Quillipede,"annotator,identifier,observer"
7733167,quyksilver,,identifier
1454648,r-a-p,RAP,"curator,identifier"
58498,r_nichol,Richard Nichol,"identifier,observer"
1297023,rachel467,Rachel Webster,"identifier,observer"
3853447,rachid_meddour,Rachid Meddour,"identifier,observer"
3745892,radbackedsalamander,Alex Karasoulos,"curator,identifier,observer"
1475331,radekwalkowiak,Radek Walkowiak,identifier
5160652,radim-paulic,Radim Paulič,identifier
4119542,radon222_86,Radon222 86,identifier
3191925,radoslawpuchalka,Radosław Puchałka,identifier
5042828,rafa_gestrada,Rafael Grajeda-Estrada,identifier
1014176,rafaelacuna,Rafael Acuña,identifier
8341552,rafal_d_borkowski,Rafał Be,"identifier,observer"
970662,ralf_jahn,Ralf Jahn,identifier
42119,rambryum,Randal,"identifier,observer"
5617226,ramenesq,,"identifier,observer"
492790,randybodkins,Randy Bodkins,"identifier,observer"
2833554,ranger2020,,identifier
8148506,ranscombe_lodge,Ranscombe Lodge,"identifier,observer"
6616097,raulbvc,raulbvc barria,identifier
1970328,rauljohnson,Raúl Johnson,"identifier,observer"
4959626,raulrancel,Raul Rancel Salazar,"identifier,observer"
6278619,rawest,Reb West,"annotator,identifier"
2241846,ray174,Ray Swain,"identifier,observer"
6884996,raylantalbot,Ray Brown,identifier
6867359,raymondvr,Raymond van Rijn,"identifier,observer"
702299,raymundomj,Ray Martínez Jiménez,identifier
493282,rbeeorchid,Rolando,identifier
8650436,rboyne,Richard L. Boyne,"annotator,identifier,observer"
57918,rcarterbrown,Ross Carter-Brown,"identifier,observer"
953538,rcraft,,identifier
9871532,readingshade,,"identifier,observer"
8188643,redfirefly42,foo,"identifier,observer"
2621666,reedlindwurm,Reed Lindwurm,"annotator,identifier,observer"
4766419,regray,Ryan E. Gray,"identifier,observer"
943813,reidhardin,Reid Hardin,"curator,identifier,observer"
452510,reinderw,,"curator,identifier"
1440158,reingered,,"identifier,observer"
1488792,rejoin,Evgeny Pervakov,"identifier,observer"
5342987,relentlessratking,,"identifier,observer"
13832,repsa_unam,,identifier
6648596,reptilrrudy,Rudy,identifier
388888,rfoster,Ralph Foster,"curator,identifier"
405159,rgraveolens,Ruta,"annotator,identifier,observer"
1594618,rherold,Roy,identifier
6719471,rhsh,Rodney Haynes,identifier
57546,ria999,Ria,"identifier,observer"
4914923,riainnature,Maria Duynisveld,identifier
2960630,ribbik,,identifier
4026605,ricardelremate,Ricard Busquets Reverte,"curator,identifier"
1679226,ricardo_munoz,,identifier
2569885,ricardofbs,,"identifier,observer"
2994623,ricardofdelima,Ricardo Lima,"curator,identifier"
1361406,richard304,Richard Hartnup,"identifier,observer"
5512652,richard_bulva,Richard Bulva,identifier
4324255,richard_pearlstein,Richard Pearlstein,"identifier,observer"
1039451,richardboon,Richard Boon,"identifier,observer"
6850500,richardtv,,"identifier,observer"
679321,ricky_taylor,Ricky Taylor,"identifier,observer"
3513651,rikimaru,Rikimaru,"annotator,identifier"
4435620,rita_cavero,,identifier
2561413,rivermont,Will Bennett,identifier
215911,rjdee88888,Richard,"identifier,observer"
4916080,rlaortiz,,identifier
3708857,rleihy,,"identifier,observer"
7723309,rlocksa,Rozetta Locksa,identifier
6363456,rma3corvids,Andrew F,"identifier,observer"
51500,rmedina,Rafael Medina,"curator,identifier"
1623218,rmjb,,"identifier,observer"
5427517,ro_ko,Roman A. Lagazyuk (Роман А. Лагазюк),"curator,identifier"
9266736,roadside_rambler,,identifier
1980133,roanan_d,Roanan DeMeyer,identifier
57883,robcruickshank,Rob Cruickshank,"identifier,observer"
4880800,robert1534,Robert Mitchell,identifier
47203,robertarcher397,Robert Archer,"curator,identifier"
6689380,roberto-07,Roberto Meloni,"identifier,observer"
9345,roberto_arreola,Roberto Arreola Alemón,"curator,identifier,observer"
5499965,robfairley,Rob Fairley,"identifier,observer"
11064,robgur,Robert Guralnick,annotator
3983455,robin_minch,Robin Minch,annotator
2284685,robogenesis,Brodie Springer,identifier
2437064,rochanaturaleza,Martin Abreu,identifier
5493921,rocioelisa,Rocío Elisa,identifier
134781,rocklands,,observer
5060998,rockpaperstar11,L. Frongia,"identifier,observer"
28726,rockybajada,,"identifier,observer"
748784,roddyward,Roddy CJ Ward,"identifier,observer"
512125,rogerbirkhead,Roger Birkhead,"curator,identifier"
1486838,rogerlatham,Roger Latham,"identifier,observer"
7742763,rogertalks,Roger Gawne,"identifier,observer"
538337,rogueadventurer,N.R. Jenzen-Jones,"identifier,observer"
5446830,rolandgromes,Roland Gromes,identifier
9817639,romain_va,Romain,identifier
771325,roman_romanov,,identifier
4868844,romanlabrousse,,identifier
8785295,ronanisntreal,Ronan Veers,"identifier,observer"
5848333,ronensh,,identifier
1097120,ronf,Ron Frumkin,"curator,identifier,observer"
266219,rosawoodsii,Hilary Rose Dawson,identifier
1298657,rosshawkins,,identifier
97361,rowan_hindmarsh_walls,Rowan Hindmarsh-Walls,"curator,identifier"
2618071,rowan_m,,identifier
9231416,roxplants,,identifier
16268,rpmundo,,"curator,identifier"
119644,rroutledge,Rob Routledge,identifier
6514544,rrrrrrrrr,,observer
841124,rubecula,,"identifier,observer"
4477679,rubybonnet,Milo,"identifier,observer"
1881459,rubyslippers,,"identifier,observer"
3599717,rudolphous,Michel Langeveld,identifier
6268258,rudymaex,,"identifier,observer"
8690906,rukachucao,,"identifier,observer"
2583877,russellbarrett,Russell Barrett,"identifier,observer"
761384,russtitus18,Russ Titus,"identifier,observer"
2067975,rutgerb,RutgerB,identifier
1761800,ruth-palsson,Ruth Palsson,identifier
7198267,ruth11409,Ruth Turunen,identifier
542838,ruthstornetta,,"identifier,observer"
4189735,ruzka,Andy Wolfe,identifier
275602,rwr,,"identifier,observer"
2091649,ry_folk,,identifier
292007,ryan84,Ryan Watson,identifier
8370945,ryanphillipswa,,identifier
9028,ryber,Ry Beaver,"curator,identifier"
3908595,rynxs,Ryan Sorrells,"curator,identifier,observer"
38771,ryruther,Dr. Ryne D. Rutherford,"identifier,observer"
1212216,ryvesie,Joanne Ryves,"identifier,observer"
446969,s_k_johnsgard,Scott K. Johnsgard,"annotator,identifier"
7864206,s_s_farnsworth,,identifier
2656033,sabrinaheitmann,,"identifier,observer"
572980,sadawolk,Sandy Wolkenberg,identifier
4770956,sadhus,,identifier
2332002,saifudeen_muhammad,Saifudeen Muhammad,identifier
7012558,salas_guerrero_omar_alberto,SALAS GUERRERO OMAR ALBERTO,"annotator,identifier,observer"
1192917,salvador29,Salvador Costa,"identifier,observer"
5251556,salvadorcabrera21,Salvador Cabrera,"identifier,observer"
1993472,salvadorcarven,Salvador,"identifier,observer"
5249220,salzgurke,,"annotator,identifier,observer"
6409655,samanthab24,,"identifier,observer"
1800229,samb0,Samuel Frankel,"identifier,observer"
2164078,samgutekanst,Sam Gutekanst,"identifier,observer"
58535,samhg,,identifier
7492106,samstrich,,"annotator,identifier"
672394,sandraf,Sandra Falanga,"identifier,observer"
119654,sandy-tshunade,Sandy Cortes,"identifier,observer"
159098,sandytrailslvr,sandytrailslvr,"identifier,observer"
3793891,sangos,Agustín Sanguinetti,identifier
1411422,santiago_rosales_9,Santiago Rosales,identifier
1467469,santiagomailhos,Santiago Mailhos,identifier
392753,santiagombv,Santiago,identifier
3902056,sara_mendez_cevntes,Sara Mendez Cevntes,"identifier,observer"
4053242,saraberguices,,"identifier,observer"
51155,sarachiarello,,"identifier,observer"
4083837,sarafonseca,Sara Fonseca,"identifier,observer"
2729775,sarah2189,Sarah Dendy,"identifier,observer"
6480615,sarah_oberlin,Sarah Oberlin,identifier
6497237,sarahjdillion,Sarah Dillion,identifier
3736836,sarahwetterer,Sarah Wetterer,identifier
4482734,saravanan_s_01,,"identifier,observer"
4420406,sarcophilus,jorge gutierrez,"identifier,observer"
3471122,sascha42,Sascha Greis,"identifier,observer"
218890,sassafrassuz,,identifier
3410494,sauron978,Mr. Nature,"identifier,observer"
58031,savvy,Nick Saville,identifier
725720,scapiculata,Ekaterina Rozantseva,identifier
737222,schmeather,Heather Schibli,"identifier,observer"
340786,schoenitz,Mirko Schoenitz,"curator,identifier,observer"
971628,schozas,Sergio Chozas,"identifier,observer"
7845652,scienzenaturali,Andrea Bonifazi,"identifier,observer"
10047854,scolopendrilla,,identifier
4798604,scott_cave,Scott Cave,"identifier,observer"
109461,scottward,Scott Ward,"curator,identifier,observer"
1774496,scottwgavins,Scott W. Gavins,"annotator,identifier"
10317572,scoutarbor,,identifier
3978345,scplants,,"identifier,observer"
4061615,scwilso35,Steven Wilson,"annotator,identifier"
1993182,sddouglas,,identifier
57863,sdjbrown,Samuel Brown,"curator,identifier"
7568730,sdylanr,Dylan Rowan,identifier
2991,sea-kangaroo,,"curator,identifier,observer"
3861712,sean579,Sean Haight,identifier
2473573,sean_patton,Sean Patton,"identifier,observer"
9419538,seaweedpete,P. Lahiff,identifier
5911715,seba-stian,Sebastián,"identifier,observer"
4433686,sebaramirez,Sebastián Ramírez Rebolledo,identifier
8387787,sebastiansantecchia,Sebastián Santecchia,identifier
1417603,sebcato,Sebastian Ćato,"curator,identifier"
2060932,sebeyes,Sébastien Lhoumeau,"identifier,observer"
2875686,sebsant,Sébastien SANT,"identifier,observer"
1309897,sedgequeen,Barbara L. Wilson,identifier
766955,sedgesrock,Clare Archer,identifier
4290617,seeschwalbe,,identifier
8246577,semola,Samuel Piña Tostada,"identifier,observer"
4067121,senderoecologicolavicentina,sendero ecologico la vicentina,identifier
1537873,sennesand,Ana Elsner,"identifier,observer"
8441429,sergiodonas,,"identifier,observer"
170974,serguei_ponomarenko,Serguei Ponomarenko,"curator,identifier,observer"
5644028,seth_cs,Seth,identifier
993656,seymour_burgess,Seymour Burgess,identifier
55419,sgadber,,"identifier,observer"
3929592,shaniq_pillay,Shaniq Pillay,observer
2369050,shawnmccourt,"Shawn McCourt, Ph.D.",identifier
5027854,shelomi,Shelomi Doyle,identifier
4179402,shenpei_cheng,ShenPei Cheng,"identifier,observer"
740297,sheriff_woody_pct,Matt Berger,"identifier,observer"
8713612,shimmeringfish,Nora,identifier
6320600,shiru22,,identifier
6211445,shmarsh,Marshall Archibald,"identifier,observer"
3673266,sidalcea,Terry M,identifier
3574162,siempreverde,,"identifier,observer"
7780292,sieversii,Colin Pommier,"annotator,identifier"
303791,siju,Sigitas Juzėnas,"identifier,observer"
272203,silverpeakwildman,Mike Splain,"identifier,observer"
6659518,silverydragon,,"annotator,identifier"
6442337,sim_elliott,Sim Elliott,observer
57587,simcockr,,"identifier,observer"
5501050,simon_attwood,Simon Attwood,"identifier,observer"
165659,simonnicholas,Simon Nicholas,identifier
2070597,simonsr35,Robert Simons,identifier
1931523,sipunculidae,,identifier
10328776,sirgreen99,Sreyas Ravi,identifier
3459994,siwek,Danny Siwek,identifier
1486252,skjoldalsted,Skjold Søndergaard,"identifier,observer"
4189965,skreling,,identifier
2400612,skycat,空猫,identifier
1955096,skyliner67,Regina Karolyi,identifier
5056426,slack3r,Оксана,"identifier,observer"
1014628,slamonde,Steven Lamonde,"identifier,observer"
1243114,smalltown_huang,小铖/Smalltown,identifier
8321697,snev,Snev,identifier
137919,sofia-b,,"identifier,observer"
7568863,softshade,Softshade,identifier
2328169,solomonziegert,Solomon Ziegert,annotator
1158723,someplant,Luka S. (someplant),"annotator,curator,identifier"
8976443,sonchuspanza,,identifier
350032,soniamolino,Sonia Molino,"curator,identifier,observer"
4194859,soniapazdyderska,Sonia Paź-Dyderska,identifier
100241,sonnia,,identifier
4428334,sonqollay,Diego S. Arancibia,identifier
2126199,soo-bird,,"identifier,observer"
6180367,sophie-lgx,Sophie Derveau,identifier
687981,sophiemia95,Sophie Kynman-Cole,identifier
1445653,sophieponsford,Sophie Ponsford,"identifier,observer"
4764946,sorschlet,sorschlet,identifier
5777338,southern_appalachia,R. I. Slaton,identifier
10024151,southernstorm21,southernstormy,identifier
163506,space_coyote,Harry Podschwit,identifier
4197343,spacefatty,Eddie Long-Von Droch,"annotator,identifier,observer"
5579078,spacelargo,,identifier
1713345,spaceopossum,,annotator
6593754,spalp,Salza Palpurina,"identifier,observer"
5737250,species-spotter,Ben Timmings,"identifier,observer"
3268842,spencer_,Spencer,"annotator,identifier,observer"
528056,spifferella,Becky Escalante,"annotator,identifier,observer"
2565401,spinescence,,identifier
5383183,spiphany,Brenda Black,identifier
941189,splendiddesolation,Massimo Sandal,"identifier,observer"
4160391,splnddfairywren,Fen Levy-O'Malley,"identifier,observer"
319442,sporesofdoubt,Sean Whitcomb,"identifier,observer"
3148824,squidney8,Connor Sydney (Squid),identifier
2479662,stanoftheselkirks,Stan Galloway,identifier
615980,stanvrem,Stan van Remmerden,"identifier,observer"
8024305,staticvoid11,,identifier
4565033,stefadrian,Stefan Pav,"identifier,observer"
4155577,steinm,Michael Stein,identifier
1878873,stekkelpak,Zoltán Stekkelpak,identifier
493573,stellarhia,Rhia Ironside,"identifier,observer"
2685658,stenz,,identifier
481172,stephanie1120,Stephanie Lyon,identifier
350459,stephen54,Stephen Moores,identifier
15329,stephen_thorpe,Stephen Thorpe,"annotator,identifier,observer"
7046664,steve_boyd,,"identifier,observer"
1236256,steve_mcwilliam,Stephen James McWilliam,identifier
5537270,steve_mt,,identifier
3396573,steveansell,Steve Ansell,"identifier,observer"
1831387,stevehunter,Steve Hunter,identifier
573470,stevemaldonadosilvestrini,Steve Maldonado Silvestrini,"curator,identifier"
1032462,steven-cyclist,Steven Bodzin,"identifier,observer"
2307857,stevenhayward,Steven Hayward,"identifier,observer"
3552494,stevetobin,Steve Tobin,"identifier,observer"
3720750,stewart_blackwell,Stewart Blackwell,"annotator,identifier,observer"
704271,stewartwechsler,Stewart Wechsler,"annotator,identifier"
4142418,stine_elin_helmers_ovrebo,Stine-Elin Helmers Øvrebø,identifier
5806781,stipe_humac,Stipe Vujevic,"annotator,identifier,observer"
2386298,strandloper,Johan Eksteen,"identifier,observer"
3231465,string_of_nature,Tyson Hobbs,identifier
2540395,stuart_tarwin,stuart inchley,"identifier,observer"
6164054,sturuss,Stuart,identifier
2669282,subaya,Subbaiah Mechanda,identifier
3034111,subsp-leo,Leo Vaughan,"identifier,observer"
6616527,superbum2,,identifier
1344503,superluminal,Soumil,identifier
2545129,suppiah_i_019,,"identifier,observer"
3867485,sur_endemico,Pablo Silva,"curator,identifier,observer"
1661239,suresh_ghimire,Suresh Ghimire,identifier
2498450,surfinbird,Garth Aiston,identifier
3775672,surukua,Noé Abraham Muñoz Padilla,"identifier,observer"
1259545,survival,,"identifier,observer"
9086959,susana1429,,identifier
4375398,susana_tapia,Susana Tápia,"identifier,observer"
34079,susanfawcett,Susan Fawcett,"identifier,observer"
57411,susanwiser,Susan Wiser,"identifier,observer"
23043,sushantmore,S.MORE,"curator,identifier,observer"
9720077,susierobinss,Susie,"identifier,observer"
9901849,suspiciously_shaped_cloud,,identifier
3632220,suttonbae,Fred,identifier
229665,suzanne11,Suzanne Dingwell,"identifier,observer"
1100791,svendhansen,Svend Hansen,identifier
433844,swamphen_nz,Petra,"identifier,observer"
1414073,swampthing9000,Swampthing9000,identifier
455521,swfeirst,Sean Feirstein,"identifier,observer"
5702122,swimjamie,Jamie O'Neill,"annotator,identifier,observer"
4719007,swisschick,Karla Salp,annotator
5163239,swords,,identifier
3926910,sylb,,"identifier,observer"
6276602,sylvain_naturaliste,Sylvain G,identifier
4174068,sylvc,c,identifier
1417874,sylviehawkes,,"identifier,observer"
1784737,sympiotr,Piotr Lukasik,"identifier,observer"
5305939,syncat,,identifier
4410972,syrahpoole,Sarah Poole,"identifier,observer"
8371500,syster,Timmie Schramm,"identifier,observer"
1481466,szuwarek,Dariusz Kamiński,identifier
2240398,tabbara_s_14,,"identifier,observer"
13118,tadamcochran,,"identifier,observer"
3263572,tadenham,Tom,identifier
1626241,tadpole1tail,Christine,identifier
1068140,taiwan_reevesia,,"identifier,observer"
1554359,tamibelliveau,Tami Belliveau,"identifier,observer"
2724050,tammor,Tammo Reichgelt,identifier
125707,tangatawhenua,,identifier
417943,tanyad,Tanya,"identifier,observer"
4412245,tarikb,Tarik Bodasing,"identifier,observer"
5492542,tarmand,Thomas ARMAND,"identifier,observer"
4812986,tasrine,Michael Souza,"identifier,observer"
6739329,tatiana_chimera,Татьяна Химера,"annotator,identifier,observer"
4001661,taunagi,,identifier
2926001,tayloria,Stefan Gey,"curator,identifier"
57392,tbay,Robyn Smith,"identifier,observer"
1346668,tca12345,,"identifier,observer"
5370949,tcatapa_asepmulyani,,identifier
5887579,tdiscolor,,identifier
451802,teakettle_wren,Lisa Appelbaum,identifier
4147742,teichmolch70,Thorsten Stegmann,"identifier,observer"
5697546,tephra_bates,Tephra Bates,"annotator,identifier,observer"
6604195,teresa_jardim,,"identifier,observer"
3492798,terryvanniekerk,Terry,"identifier,observer"
5663557,teruruphotography,Sam Bennett,identifier
2716033,tessaaby,Tessa Aby-Kruger,"identifier,observer"
7703591,texag2015,,identifier
3675180,the_birders_family,Ира и Костя,"identifier,observer"
1138587,thebeachcomber,Thomas Mesaglio,"curator,identifier,observer"
651292,thecarolpeterson,,identifier
356154,thedrw,David Weisenbeck,"annotator,identifier,observer"
5614305,theflightlessmoda,theflightlessmoda,"identifier,observer"
4137598,thehousebunting,,"curator,identifier,observer"
1298301,thepalmenthusiast,Vincent Fehr,identifier
4423923,theplantfinder,George James Mann,identifier
4186343,theunis_morgenthal,Theunis Morgenthal,identifier
767919,thewavemongoose,Daniel Young,"identifier,observer"
186023,thewhistlingfrog,Tom,identifier
764897,thilokrueger,Thilo Krueger,"curator,identifier"
2761270,thomas--,Thomas Gyselinck,identifier
4071665,thomasfriedrich,Thomas Friedrich,identifier
5176482,thoscho,Thomas Schorr,identifier
9078836,threetreez,Pinguicula 'Florian',"annotator,identifier"
9224330,tiacarden,Tia,identifier
7627509,tiagofcsantos,Tiago Santos,identifier
2623431,tiagojrc,Tiago Carrapiço,"identifier,observer"
3074531,tiagoreis2020,Tiago Beirão Reis,"identifier,observer"
160,tiggrx,Tig,"curator,identifier,observer"
135087,tim-mcnamara,Tim McNamara,observer
4038105,timeberling,Tim Eberling,identifier
64298,timothymayne,Timothy Mayne,identifier
2881041,timpurches,Tim,identifier
414707,tmessick,Tim Messick,"identifier,observer"
322233,tminatbe,,"identifier,observer"
3428315,tnnaturalist,Jeremy,"identifier,observer"
6629497,tobf,TFuchs,identifier
7212548,tobi-nature,Tobias Polzer,"identifier,observer"
3646652,tobi123,,identifier
8567787,tobias-spanner,Tobias Spanner,identifier
2031602,tobias70,Tobias Lindberg,"identifier,observer"
4018425,toheroa,,"identifier,observer"
8273146,tom253783,,identifier
7476602,tom4586,Tom SELLIER,identifier
1391973,tom_argentopratus,Thomas Silberfeld,identifier
6271217,tom_beard,Tom Beard,"identifier,observer"
284449,tombesser,,observer
1937866,tomdeas,,observer
8829089,tomek9853,Tomek Muśko,"identifier,observer"
1572028,tomerler,Tom Erler,"identifier,observer"
4460276,tomjo,,identifier
344850,tomkaye,Tom Kaye,identifier
7217518,tomklee,Tom Klee,identifier
3360270,tomsubritzky,,"identifier,observer"
1867894,tony-futcher,Tony Futcher,"identifier,observer"
16490,tony_wills,Tony Wills,"curator,identifier"
68547,tonycohen395,Tony Cohen,"identifier,observer"
383144,tonyrebelo,Tony Rebelo,"identifier,observer"
9101853,totoro5,Totoro Guibert,identifier
4836977,toyonito,James C. Davis,identifier
1009578,tracysfeldman,,"identifier,observer"
4695415,tramage,Thibault Ramage,identifier
3445797,tramperjames,James Lennox,"identifier,observer"
81949,trcarlisle,Tamsin Carlisle,"identifier,observer"
2802919,treegonogrekill,Gabriel Jenny,identifier
1854479,trentberry,,"identifier,observer"
425713,trevvan,Trevor Van Loon,"identifier,observer"
1985181,trichocereus,,identifier
2008098,trientalid,,"identifier,observer"
6441069,trini_torres,,"identifier,observer"
8144707,tritonalpestre,lucane,identifier
1128112,trmangione,Travis Mangione,"identifier,observer"
743105,trondoskars,Trond R. Oskars,"curator,identifier"
1109131,troos,Troos van der Merwe,"identifier,observer"
6930847,truffletheguineapig,,"identifier,observer"
175837,tsn,Tom Norton,"annotator,identifier"
5858200,ttsquid,,identifier
5531341,tuero,Tuero,"annotator,identifier,observer"
4896667,tulazur,,identifier
1010243,tuq,Jaxon Lane,"curator,identifier"
4202795,turtless,,identifier
896523,tutukiwi,Andrew Townsend,"identifier,observer"
660067,tylermowery,Tyler Mowery,"identifier,observer"
999306,tysonleeholmes,Tyson Lee Holmes,identifier
1378610,ubovich,Mirko Ubović,identifier
2539505,ufokingdom,kyva,"identifier,observer"
29935,ug56bdi,Ulises Guzmán,"curator,identifier"
836783,ulexeuropaeus,,"identifier,observer"
8305422,ulisimon,Ulrich Simon,"identifier,observer"
3374093,ullak,Ulla Kaasalainen,"identifier,observer"
8589299,ulovetrin,Trinity Wolfe,"identifier,observer"
1845772,ulrichs,Ulrich Seitz,identifier
7055771,umbrasumus,Frances Ross,"identifier,observer"
3302680,unclecactus,Jake Rehage,identifier
3003456,urgamal,Urgamal Magsar,identifier
3402127,uroboros,Мирослав Харьков,identifier
4393453,urtica-gracilis,,"identifier,observer"
5644579,user_not__found,,identifier
7167980,usernamelesss,,identifier
5561925,usufruct,Gavin Petersen,"identifier,observer"
246705,uticabirder,Tim O'Connell,"identifier,observer"
3469063,utrgvnativeplantlab,UTRGV Native Plant Lab,"identifier,observer"
3382536,vaibhavdwivedi,Vaibhav Dwivedi,"identifier,observer"
1437774,valentinabuono,Valentina,"identifier,observer"
6633851,valerykon,,identifier
10038,valter,Valter Jacinto,"curator,identifier"
8385946,valternrmedeiros,Valter Medeiros,identifier
3905151,varechi,Álvaro Pérez Pérez,"identifier,observer"
6219146,vasco_fonseca,Vasco Henrique Oliveira Fonseca,"identifier,observer"
675914,vaudoiseaux,Romain Dupraz,"curator,identifier"
1477617,vavilovian_mimic,,"identifier,observer"
5318972,vbjanos,János Vörösbaranyi,identifier
453925,venus5026,,identifier
5463687,veredeando,Veredeando Sierra de Guadalupe,"annotator,identifier"
404218,veronika_johansson,Veronika A. Johansson,identifier
743099,veszt,Zoltán Nagy,identifier
2746327,vhowe,vh van isle,"identifier,observer"
5165898,vicente118,vicente hernandez,"identifier,observer"
2735476,victor_diaz,Víctor Díaz,identifier
3910284,victorlena,Víctor González García,"identifier,observer"
1436130,victorpaiva28,Víctor de Paiva,"annotator,curator,identifier"
6070658,vincent_hoeber,,"identifier,observer"
5335565,vinicius_s_domingues,,identifier
5697453,viobio,,"identifier,observer"
5545541,violetvioletviolet,,"identifier,observer"
213838,vireolanius,Justyn Stahl,"curator,identifier"
1849807,vireyajacquard,Vireya Jacquard,identifier
7814393,virginia_paixao,,"identifier,observer"
1154183,virn,Virn Stothers,identifier
12440,visioku,visioku,identifier
4442503,vitorjcj,Vítor Jorge,"identifier,observer"
9810587,vivi3n,,"identifier,observer"
4311882,vlohr,V. Lohr,"identifier,observer"
9214689,vojtech_sadek,Vojtěch Šádek,identifier
4216950,vr_vr,,"identifier,observer"
7876041,vrose96,,"identifier,observer"
2798664,vrtlt,Vlad R,observer
304104,vvoelker,Vanessa Voelker,identifier
5209082,vyezene,,"identifier,observer"
4449395,w-pearce-plants,Will Pearce,identifier
4557777,w4v,,"curator,identifier,observer"
2273174,waitorikischool,,"identifier,observer"
6456759,wakefield-guerra_k_23,,"identifier,observer"
1030704,waldemarzeja,Waldemar Zeja,identifier
5276686,walkiewiczd,D. Walkiewicz,annotator
5356057,wallumwoodland,Alexandra,"identifier,observer"
1349560,walterfertig,Walter Fertig,"curator,identifier"
1361533,walterwimmer,Walter Wimmer,identifier
817869,wampishuk,Ursula Gelchsheimer,identifier
1967786,ward123,,identifier
4538340,warren_apel,Warren Apel,"identifier,observer"
1873483,waynehung,,identifier
187480,wdvanhem,William Van Hemessen,"curator,identifier,observer"
3277351,weekend,,identifier
1182116,weevilknieevel,Aurora Hampton,"identifier,observer"
814216,wellmaintainedhedge,,"identifier,observer"
27263,wendy5,Wendy Feltham,"curator,identifier,observer"
10070806,wertyx,,"identifier,observer"
456149,wesleymiles,Wes,"identifier,observer"
4114398,wessity,,identifier
7806327,westerbraenature,Dr. Alan Inman,"identifier,observer"
3826718,westwinde,Steven Kistler,"identifier,observer"
1801977,wetlandfan,,identifier
541065,whinaem,,"identifier,observer"
8260765,white_fox4783,Анна Ванина,identifier
8649090,wild-fire,,identifier
1178404,wild_wind,,identifier
5086086,wildedges,Dave Hernon,"annotator,identifier"
8718,wildflower_search,Steve Sullivan,annotator
395895,wildlander,Jared Gorrell,"curator,identifier,observer"
5688469,wildluiso,LMT,identifier
427781,wildmare64,Sarah Reid,identifier
6427897,wildsagesprout,Sage,identifier
8249457,wilfredthehairy,Wilfred The Hairy,identifier
3242894,wilkiea_leaks,Reece Taverner,identifier
6662404,will734,Will,"identifier,observer"
5083166,william13699,William,identifier
2401694,william_stephens,William Stephens,"identifier,observer"
2177727,williambee,William Bee,"annotator,identifier"
2551177,williamkimzey,William Kimzey,"identifier,observer"
987898,williamwisephoto,William Wise,identifier
6638900,willowcreektom,Tom Hall,identifier
2267519,wilsonpni,,"identifier,observer"
984355,wini56,Erwin JÖRG,identifier
2290076,winterling,,identifier
46628,wisel,Lindsey K. Wise,"curator,identifier"
766577,wojciech,,identifier
1257588,wojtest,,"identifier,observer"
3559389,wokeefe,Wayne,"annotator,identifier,observer"
5757129,wolf_willow,,identifier
2703816,wolfgang_bilger,,"identifier,observer"
724346,wolfgangb,Wolfgang Blum,"curator,identifier"
4065983,wolfgangbacher,Wolfgang Bacher,"identifier,observer"
76575,wollef,Jean-Paul Wolff,"identifier,observer"
10273982,woodsmanenviroscientist,,"identifier,observer"
1014014,woutervanlanduyt,Wouter Van Landuyt,identifier
2733713,wrbkat,Thomas Wrbka,identifier
8077667,wresy,,identifier
1895790,wthompson23,W. Thompson,identifier
7804982,wtueckmantel,Werner Tueckmantel,"identifier,observer"
1753443,wurruma,Justin McMahon,"identifier,observer"
4063651,wychelm,,"identifier,observer"
8294072,wyckyd,Ed Michinski,"identifier,observer"
2509375,xanthosia,Petra Holland,identifier
1055503,xiebob,Christie Robertson,"identifier,observer"
9835433,y_iask,,identifier
660580,yairg,Yair Ivan RodGvez,"identifier,observer"
4372496,yannickd,Yannick D,"identifier,observer"
3768625,yatesy,,"annotator,identifier"
2928255,yayemaster,Robert Levy,identifier
2849834,yehoryatsiuk,Yehor Yatsiuk,"identifier,observer"
2740036,yellowrattle,,identifier
2573207,yeonbinj,Yeonbin Jeong,identifier
1873432,yerkolloncon,Yerko Lloncon,"identifier,observer"
9582307,yerpez,Leah Yerpe,"annotator,identifier,observer"
2069823,yinling,Yinling Chen,observer
481680,ykrippel,Yves Krippel,"identifier,observer"
319364,yoavdanielbarness,Yoav Daniel Bar-Ness,"identifier,observer"
3351280,youngbotanist05,,identifier
1369322,yu_postnikov,Yuri,"identifier,observer"
5260133,yuri_pirogov,Yuri Pirogov,"annotator,identifier"
1365659,yuriydanilevsky,Юрий Данилевский (Yuriy Danilevsky),identifier
3788721,z_short,Zach,identifier
7034910,zacharyearl08,Zach Earl,identifier
5731093,zack_t,Zack Tandy,"identifier,observer"
1733339,zacsnyder,Zac Snyder,"identifier,observer"
2248482,zakariya_t_909,Tamina Zakariya,identifier
4332957,zakronia,Hazel Tzinski,annotator
6908518,zarigueyamuerta,Charlotte Way,"identifier,observer"
5099815,zbrd,,"identifier,observer"
6723505,zebedeugalinha,zebedeugalinha,"identifier,observer"
2249530,zebra1193,,"identifier,observer"
4857372,zekemarshall,Zeke Marshall,"annotator,identifier,observer"
1334913,zepedro96,José Pedro Silva,"identifier,observer"
86566,zipactli,Jorge Rojas S.,"annotator,identifier,observer"
3564162,zitserm,Misha Zitser,"identifier,observer"
56928,zlbc,Mark Crompton,"identifier,observer"
2525734,zmihai,Zachi Mihai,"identifier,observer"
1254977,zngow,Zachary Ngow,identifier
6601434,zoe598,Zoe Walker,"identifier,observer"
7363114,zoey30869,Zoey Ellzey,"identifier,observer"
2392982,zoharascott,Zohara Scott,"identifier,observer"
3223528,zorille,,"annotator,curator,identifier,observer"
3717627,zpezzillo,Zach Pezzillo,identifier
6541604,zuzana166,Zuzana Münzbergová,"identifier,observer"
945323,zygisva,Žygimantas Valiuška,identifier
