taxon_name,taxon_id,lat,lon,id,site,geometry,presence,chelsa_ai_1981_2010_v_2_1,chelsa_bio10,chelsa_bio6,chelsa_sfc_wind_mean_1981_2010_v_2_1,moisture,max_temp,min_temp,wind,species_label,moist_min,moist_max,moist_rng,moist_rel01,max_temp_min,max_temp_max,max_temp_rng,max_temp_rel01,min_temp_min,min_temp_max,min_temp_rng,min_temp_rel01,wind_min,wind_max,wind_rng,wind_rel01,moist_mean,moist_sd,moist_z_within,max_temp_mean,max_temp_sd,max_temp_z_within,min_temp_mean,min_temp_sd,min_temp_z_within,wind_mean,wind_sd,wind_z_within
Acer platanoides,54763,53.1336111111,8.2008333333,161276489,161276489,"c(8.2008333333, 53.1336111111)",1,1.2778558731079102,16.750000000000057,-0.3499999999999659,3.218,1.2778558731079102,16.750000000000057,-0.3499999999999659,3.218,Acer_platanoides,0.7698565721511841,1.6975375413894653,0.92768096923828125,0.5476012959216402,15.250000000000057,18.450000000000045,3.1999999999999886,0.46875000000000167,-8.149999999999977,2.150000000000034,10.300000000000011,0.7572815533980585,1.054,5.34,4.286,0.5048996733551097,1.2633362093637155,0.16954750625825243,0.08563773106800235,16.83139534883725,0.5058024336463883,-0.16092320523332768,-0.9499999999999649,1.9065051546643954,0.3147119736508752,3.4239302325581398,0.7487680801648493,-0.27502538905344637
Acer platanoides,54763,53.1125446623,8.2154738567,167871356,167871356,"c(8.2154738567, 53.1125446623)",1,1.263667345046997,16.850000000000023,-0.24999999999994316,3.501,1.263667345046997,16.850000000000023,-0.24999999999994316,3.501,Acer_platanoides,0.7698565721511841,1.6975375413894653,0.92768096923828125,0.5323066757543609,15.250000000000057,18.450000000000045,3.1999999999999886,0.4999999999999911,-8.149999999999977,2.150000000000034,10.300000000000011,0.7669902912621384,1.054,5.34,4.286,0.5709286047596828,1.2633362093637155,0.16954750625825243,0.0019530554626807607,16.83139534883725,0.5058024336463883,0.036782446910443786,-0.9499999999999649,1.9065051546643954,0.36716396925936645,3.4239302325581398,0.7487680801648493,0.10292875655822879
Acer platanoides,54763,53.137948,8.209084,167950678,167950678,"c(8.209084, 53.137948)",1,1.2799071073532104,16.750000000000057,-0.3499999999999659,3.309,1.2799071073532104,16.750000000000057,-0.3499999999999659,3.309,Acer_platanoides,0.7698565721511841,1.6975375413894653,0.92768096923828125,0.5498124378048078,15.250000000000057,18.450000000000045,3.1999999999999886,0.46875000000000167,-8.149999999999977,2.150000000000034,10.300000000000011,0.7572815533980585,1.054,5.34,4.286,0.5261315912272515,1.2633362093637155,0.16954750625825243,0.09773601720956246,16.83139534883725,0.5058024336463883,-0.16092320523332768,-0.9499999999999649,1.9065051546643954,0.3147119736508752,3.4239302325581398,0.7487680801648493,-0.15349243057053993
Acer platanoides,54763,53.6334719722,8.0278229722,171752410,171752410,"c(8.0278229722, 53.6334719722)",1,1.6975375413894653,16.350000000000023,0.6500000000000341,5.0760000000000005,1.6975375413894653,16.350000000000023,0.6500000000000341,5.0760000000000005,Acer_platanoides,0.7698565721511841,1.6975375413894653,0.92768096923828125,1,15.250000000000057,18.450000000000045,3.1999999999999886,0.34374999999999056,-8.149999999999977,2.150000000000034,10.300000000000011,0.8543689320388351,1.054,5.34,4.286,0.9384041063929073,1.2633362093637155,0.16954750625825243,2.560942013292607,16.83139534883725,0.5058024336463883,-0.9517458138087507,-0.9499999999999649,1.9065051546643954,0.8392319297356682,3.4239302325581398,0.7487680801648493,2.2063838072239137
Acer platanoides,54763,53.3910890172,10.0348040834,172998308,172998308,"c(10.0348040834, 53.3910890172)",1,1.183877944946289,17.05000000000001,-1.0499999999999545,3.536,1.183877944946289,17.05000000000001,-1.0499999999999545,3.536,Acer_platanoides,0.7698565721511841,1.6975375413894653,0.92768096923828125,0.4462971501237736,15.250000000000057,18.450000000000045,3.1999999999999886,0.5624999999999878,-8.149999999999977,2.150000000000034,10.300000000000011,0.689320388349516,1.054,5.34,4.286,0.5790947270181989,1.2633362093637155,0.16954750625825243,-0.46864897143575024,16.83139534883725,0.5058024336463883,0.4321937511980991,-0.9499999999999649,1.9065051546643954,-0.05245199560847386,3.4239302325581398,0.7487680801648493,0.14967220212857751
Acer platanoides,54763,49.7946742078,9.9428991973,176745947,176745947,"c(9.9428991973, 49.7946742078)",1,0.8057146668434143,18.450000000000045,-2.0499999999999545,2.328,0.8057146668434143,18.450000000000045,-2.0499999999999545,2.328,Acer_platanoides,0.7698565721511841,1.6975375413894653,0.92768096923828125,0.03865347665984062,15.250000000000057,18.450000000000045,3.1999999999999886,1,-8.149999999999977,2.150000000000034,10.300000000000011,0.5922330097087394,1.054,5.34,4.286,0.297246850209986,1.2633362093637155,0.16954750625825243,-2.69907563148265,16.83139534883725,0.5058024336463883,3.200072881211911,-0.9499999999999649,1.9065051546643954,-0.5769719516932668,3.4239302325581398,0.7487680801648493,-1.463644433556595
Acer platanoides,54763,47.48514,11.1131159722,177224168,177224168,"c(11.1131159722, 47.48514)",1,1.5509943962097168,16.650000000000034,-7.849999999999966,1.054,1.5509943962097168,16.650000000000034,-7.849999999999966,1.054,Acer_platanoides,0.7698565721511841,1.6975375413894653,0.92768096923828125,0.8420328215851242,15.250000000000057,18.450000000000045,3.1999999999999886,0.43749999999999445,-8.149999999999977,2.150000000000034,10.300000000000011,0.029126213592234083,1.054,5.34,4.286,0,1.2633362093637155,0.16954750625825243,1.6966229300231894,16.83139534883725,0.5058024336463883,-0.3586288573772115,-0.9499999999999649,1.9065051546643954,-3.6191876969850716,3.4239302325581398,0.7487680801648493,-3.1651058523172817
Acer platanoides,54763,53.1336916107,8.2009301707,178368206,178368206,"c(8.2009301707, 53.1336916107)",1,1.2778558731079102,16.750000000000057,-0.3499999999999659,3.218,1.2778558731079102,16.750000000000057,-0.3499999999999659,3.218,Acer_platanoides,0.7698565721511841,1.6975375413894653,0.92768096923828125,0.5476012959216402,15.250000000000057,18.450000000000045,3.1999999999999886,0.46875000000000167,-8.149999999999977,2.150000000000034,10.300000000000011,0.7572815533980585,1.054,5.34,4.286,0.5048996733551097,1.2633362093637155,0.16954750625825243,0.08563773106800235,16.83139534883725,0.5058024336463883,-0.16092320523332768,-0.9499999999999649,1.9065051546643954,0.3147119736508752,3.4239302325581398,0.7487680801648493,-0.27502538905344637
Acer platanoides,54763,53.1336916107,8.2009301707,178369142,178369142,"c(8.2009301707, 53.1336916107)",1,1.2778558731079102,16.750000000000057,-0.3499999999999659,3.218,1.2778558731079102,16.750000000000057,-0.3499999999999659,3.218,Acer_platanoides,0.7698565721511841,1.6975375413894653,0.92768096923828125,0.5476012959216402,15.250000000000057,18.450000000000045,3.1999999999999886,0.46875000000000167,-8.149999999999977,2.150000000000034,10.300000000000011,0.7572815533980585,1.054,5.34,4.286,0.5048996733551097,1.2633362093637155,0.16954750625825243,0.08563773106800235,16.83139534883725,0.5058024336463883,-0.16092320523332768,-0.9499999999999649,1.9065051546643954,0.3147119736508752,3.4239302325581398,0.7487680801648493,-0.27502538905344637
Acer platanoides,54763,53.0803611111,8.1983638889,212618040,212618040,"c(8.1983638889, 53.0803611111)",1,1.2572853565216064,16.850000000000023,-0.24999999999994316,4.543,1.2572853565216064,16.850000000000023,-0.24999999999994316,4.543,Acer_platanoides,0.7698565721511841,1.6975375413894653,0.92768096923828125,0.5254271678879541,15.250000000000057,18.450000000000045,3.1999999999999886,0.4999999999999911,-8.149999999999977,2.150000000000034,10.300000000000011,0.7669902912621384,1.054,5.34,4.286,0.8140457302846478,1.2633362093637155,0.16954750625825243,-0.03568824440798597,16.83139534883725,0.5058024336463883,0.036782446910443786,-0.9499999999999649,1.9065051546643954,0.36716396925936645,3.4239302325581398,0.7487680801648493,1.4945479075383197
Acer platanoides,54763,53.150674,8.167057,216059606,216059606,"c(8.167057, 53.150674)",1,1.2920492887496948,16.750000000000057,-0.3499999999999659,3.932,1.2920492887496948,16.750000000000057,-0.3499999999999659,3.932,Acer_platanoides,0.7698565721511841,1.6975375413894653,0.92768096923828125,0.5629011846899081,15.250000000000057,18.450000000000045,3.1999999999999886,0.46875000000000167,-8.149999999999977,2.150000000000034,10.300000000000011,0.7572815533980585,1.054,5.34,4.286,0.6714885674288382,1.2633362093637155,0.16954750625825243,0.1693512338792171,16.83139534883725,0.5058024336463883,-0.16092320523332768,-0.9499999999999649,1.9065051546643954,0.3147119736508752,3.4239302325581398,0.7487680801648493,0.6785409005816636
Acer platanoides,54763,51.8327595,10.7982554,216089056,216089056,"c(10.7982554, 51.8327595)",1,1.1791582107543945,16.150000000000034,-3.249999999999943,2.966,1.1791582107543945,16.150000000000034,-3.249999999999943,2.966,Acer_platanoides,0.7698565721511841,1.6975375413894653,0.92768096923828125,0.4412094806033242,15.250000000000057,18.450000000000045,3.1999999999999886,0.2812499999999939,-8.149999999999977,2.150000000000034,10.300000000000011,0.4757281553398086,1.054,5.34,4.286,0.4461035930937938,1.2633362093637155,0.16954750625825243,-0.4964862088924044,16.83139534883725,0.5058024336463883,-1.347157118096406,-0.9499999999999649,1.9065051546643954,-1.2063958989950123,3.4239302325581398,0.7487680801648493,-0.6115781971599555
Acer platanoides,54763,53.2012361111,8.4744555556,217040610,217040610,"c(8.4744555556, 53.2012361111)",1,1.2639789581298828,16.750000000000057,-0.3499999999999659,5.34,1.2639789581298828,16.750000000000057,-0.3499999999999659,5.34,Acer_platanoides,0.7698565721511841,1.6975375413894653,0.92768096923828125,0.5326425811929963,15.250000000000057,18.450000000000045,3.1999999999999886,0.46875000000000167,-8.149999999999977,2.150000000000034,10.300000000000011,0.7572815533980585,1.054,5.34,4.286,1,1.2633362093637155,0.16954750625825243,0.0037909656140167375,16.83139534883725,0.5058024336463883,-0.16092320523332768,-0.9499999999999649,1.9065051546643954,0.3147119736508752,3.4239302325581398,0.7487680801648493,2.55896293952597
Acer platanoides,54763,51.7548578997,10.8430143,219309198,219309198,"c(10.8430143, 51.7548578997)",1,1.3033846616744995,15.250000000000057,-3.849999999999966,3.516,1.3033846616744995,15.250000000000057,-3.849999999999966,3.516,Acer_platanoides,0.7698565721511841,1.6975375413894653,0.92768096923828125,0.5751202269045093,15.250000000000057,18.450000000000045,3.1999999999999886,0,-8.149999999999977,2.150000000000034,10.300000000000011,0.41747572815534045,1.054,5.34,4.286,0.5744283714419038,1.2633362093637155,0.16954750625825243,0.2362078522687486,16.83139534883725,0.5058024336463883,-3.126507987390911,-0.9499999999999649,1.9065051546643954,-1.5211078726459002,3.4239302325581398,0.7487680801648493,0.12296166180266405
Acer platanoides,54763,53.284318,7.897635,219745136,219745136,"c(7.897635, 53.284318)",1,1.3526206016540527,16.55000000000001,-0.3499999999999659,5.001,1.3526206016540527,16.55000000000001,-0.3499999999999659,5.001,Acer_platanoides,0.7698565721511841,1.6975375413894653,0.92768096923828125,0.6281944427310783,15.250000000000057,18.450000000000045,3.1999999999999886,0.40624999999998723,-8.149999999999977,2.150000000000034,10.300000000000011,0.7572815533980585,1.054,5.34,4.286,0.9209052729818014,1.2633362093637155,0.16954750625825243,0.5266039841030777,16.83139534883725,0.5058024336463883,-0.5563345095210953,-0.9499999999999649,1.9065051546643954,0.3147119736508752,3.4239302325581398,0.7487680801648493,2.1062192810017377
Acer platanoides,54763,53.1404861111,8.1642361111,222811064,222811064,"c(8.1642361111, 53.1404861111)",1,1.282401204109192,16.750000000000057,-0.3499999999999659,3.493,1.282401204109192,16.750000000000057,-0.3499999999999659,3.493,Acer_platanoides,0.7698565721511841,1.6975375413894653,0.92768096923828125,0.5525009663385227,15.250000000000057,18.450000000000045,3.1999999999999886,0.46875000000000167,-8.149999999999977,2.150000000000034,10.300000000000011,0.7572815533980585,1.054,5.34,4.286,0.5690620625291648,1.2633362093637155,0.16954750625825243,0.11244632944607788,16.83139534883725,0.5058024336463883,-0.16092320523332768,-0.9499999999999649,1.9065051546643954,0.3147119736508752,3.4239302325581398,0.7487680801648493,0.09224454042786341
Acer platanoides,54763,53.1128525,8.2150473997,224156807,224156807,"c(8.2150473997, 53.1128525)",1,1.263667345046997,16.850000000000023,-0.24999999999994316,3.501,1.263667345046997,16.850000000000023,-0.24999999999994316,3.501,Acer_platanoides,0.7698565721511841,1.6975375413894653,0.92768096923828125,0.5323066757543609,15.250000000000057,18.450000000000045,3.1999999999999886,0.4999999999999911,-8.149999999999977,2.150000000000034,10.300000000000011,0.7669902912621384,1.054,5.34,4.286,0.5709286047596828,1.2633362093637155,0.16954750625825243,0.0019530554626807607,16.83139534883725,0.5058024336463883,0.036782446910443786,-0.9499999999999649,1.9065051546643954,0.36716396925936645,3.4239302325581398,0.7487680801648493,0.10292875655822879
Acer platanoides,54763,53.1393212997,8.1970419,225275849,225275849,"c(8.1970419, 53.1393212997)",1,1.2777043581008911,16.750000000000057,-0.3499999999999659,3.368,1.2777043581008911,16.750000000000057,-0.3499999999999659,3.368,Acer_platanoides,0.7698565721511841,1.6975375413894653,0.92768096923828125,0.5474379692909954,15.250000000000057,18.450000000000045,3.1999999999999886,0.46875000000000167,-8.149999999999977,2.150000000000034,10.300000000000011,0.7572815533980585,1.054,5.34,4.286,0.5398973401773216,1.2633362093637155,0.16954750625825243,0.08474408768531373,16.83139534883725,0.5058024336463883,-0.16092320523332768,-0.9499999999999649,1.9065051546643954,0.3147119736508752,3.4239302325581398,0.7487680801648493,-0.07469633660909564
Acer platanoides,54763,53.1887350662,8.2213691625,226363114,226363114,"c(8.2213691625, 53.1887350662)",1,1.3271132707595825,16.650000000000034,-0.3499999999999659,3.532,1.3271132707595825,16.650000000000034,-0.3499999999999659,3.532,Acer_platanoides,0.7698565721511841,1.6975375413894653,0.92768096923828125,0.6006986421915735,15.250000000000057,18.450000000000045,3.1999999999999886,0.43749999999999445,-8.149999999999977,2.150000000000034,10.300000000000011,0.7572815533980585,1.054,5.34,4.286,0.5781614559029398,1.2633362093637155,0.16954750625825243,0.3761604213672284,16.83139534883725,0.5058024336463883,-0.3586288573772115,-0.9499999999999649,1.9065051546643954,0.3147119736508752,3.4239302325581398,0.7487680801648493,0.1443300940633948
Acer platanoides,54763,52.4525027778,13.3124583333,236036393,236036393,"c(13.3124583333, 52.4525027778)",1,0.8690674901008606,18.150000000000034,-1.9499999999999886,2.724,0.8690674901008606,18.150000000000034,-1.9499999999999886,2.724,Acer_platanoides,0.7698565721511841,1.6975375413894653,0.92768096923828125,0.10694508267334468,15.250000000000057,18.450000000000045,3.1999999999999886,0.9062499999999961,-8.149999999999977,2.150000000000034,10.300000000000011,0.6019417475728137,1.054,5.34,4.286,0.38964069062062534,1.2633362093637155,0.16954750625825243,-2.325417388695238,16.83139534883725,0.5058024336463883,2.606955924780372,-0.9499999999999649,1.9065051546643954,-0.5245199560848054,3.4239302325581398,0.7487680801648493,-0.9347757351035082
Acer platanoides,54763,53.1642816007,8.2454594511,242221461,242221461,"c(8.2454594511, 53.1642816007)",1,1.304909586906433,16.650000000000034,-0.3499999999999659,3.613,1.304909586906433,16.650000000000034,-0.3499999999999659,3.613,Acer_platanoides,0.7698565721511841,1.6975375413894653,0.92768096923828125,0.576764030412935,15.250000000000057,18.450000000000045,3.1999999999999886,0.43749999999999445,-8.149999999999977,2.150000000000034,10.300000000000011,0.7572815533980585,1.054,5.34,4.286,0.5970601959869343,1.2633362093637155,0.16954750625825243,0.24520194050742108,16.83139534883725,0.5058024336463883,-0.3586288573772115,-0.9499999999999649,1.9065051546643954,0.3147119736508752,3.4239302325581398,0.7487680801648493,0.2525077823833442
Acer platanoides,54763,53.137294036,8.2378417254,243306014,243306014,"c(8.2378417254, 53.137294036)",1,1.2788445949554443,16.750000000000057,-0.3499999999999659,3.227,1.2788445949554443,16.750000000000057,-0.3499999999999659,3.227,Acer_platanoides,0.7698565721511841,1.6975375413894653,0.92768096923828125,0.5486670953508836,15.250000000000057,18.450000000000045,3.1999999999999886,0.46875000000000167,-8.149999999999977,2.150000000000034,10.300000000000011,0.7572815533980585,1.054,5.34,4.286,0.5069995333644425,1.2633362093637155,0.16954750625825243,0.09146926388941802,16.83139534883725,0.5058024336463883,-0.16092320523332768,-0.9499999999999649,1.9065051546643954,0.3147119736508752,3.4239302325581398,0.7487680801648493,-0.26300564590678543
Acer platanoides,54763,53.1373645157,8.2378064268,243307169,243307169,"c(8.2378064268, 53.1373645157)",1,1.2788445949554443,16.750000000000057,-0.3499999999999659,3.227,1.2788445949554443,16.750000000000057,-0.3499999999999659,3.227,Acer_platanoides,0.7698565721511841,1.6975375413894653,0.92768096923828125,0.5486670953508836,15.250000000000057,18.450000000000045,3.1999999999999886,0.46875000000000167,-8.149999999999977,2.150000000000034,10.300000000000011,0.7572815533980585,1.054,5.34,4.286,0.5069995333644425,1.2633362093637155,0.16954750625825243,0.09146926388941802,16.83139534883725,0.5058024336463883,-0.16092320523332768,-0.9499999999999649,1.9065051546643954,0.3147119736508752,3.4239302325581398,0.7487680801648493,-0.26300564590678543
Acer platanoides,54763,53.1205118024,8.2238375862,243391135,243391135,"c(8.2238375862, 53.1205118024)",1,1.2685091495513916,16.850000000000023,-0.24999999999994316,3.5060000000000002,1.2685091495513916,16.850000000000023,-0.24999999999994316,3.5060000000000002,Acer_platanoides,0.7698565721511841,1.6975375413894653,0.92768096923828125,0.5375259317970607,15.250000000000057,18.450000000000045,3.1999999999999886,0.4999999999999911,-8.149999999999977,2.150000000000034,10.300000000000011,0.7669902912621384,1.054,5.34,4.286,0.5720951936537565,1.2633362093637155,0.16954750625825243,0.03051026996408169,16.83139534883725,0.5058024336463883,0.036782446910443786,-0.9499999999999649,1.9065051546643954,0.36716396925936645,3.4239302325581398,0.7487680801648493,0.1096063916397076
Acer platanoides,54763,53.1324758858,8.2169275878,243485339,243485339,"c(8.2169275878, 53.1324758858)",1,1.273477554321289,16.750000000000057,-0.3499999999999659,3.265,1.273477554321289,16.750000000000057,-0.3499999999999659,3.265,Acer_platanoides,0.7698565721511841,1.6975375413894653,0.92768096923828125,0.5428816574556101,15.250000000000057,18.450000000000045,3.1999999999999886,0.46875000000000167,-8.149999999999977,2.150000000000034,10.300000000000011,0.7572815533980585,1.054,5.34,4.286,0.5158656089594028,1.2633362093637155,0.16954750625825243,0.05981417940837428,16.83139534883725,0.5058024336463883,-0.16092320523332768,-0.9499999999999649,1.9065051546643954,0.3147119736508752,3.4239302325581398,0.7487680801648493,-0.21225561928754957
Acer platanoides,54763,53.1414829973,8.1639419538,243491406,243491406,"c(8.1639419538, 53.1414829973)",1,1.282401204109192,16.750000000000057,-0.3499999999999659,3.493,1.282401204109192,16.750000000000057,-0.3499999999999659,3.493,Acer_platanoides,0.7698565721511841,1.6975375413894653,0.92768096923828125,0.5525009663385227,15.250000000000057,18.450000000000045,3.1999999999999886,0.46875000000000167,-8.149999999999977,2.150000000000034,10.300000000000011,0.7572815533980585,1.054,5.34,4.286,0.5690620625291648,1.2633362093637155,0.16954750625825243,0.11244632944607788,16.83139534883725,0.5058024336463883,-0.16092320523332768,-0.9499999999999649,1.9065051546643954,0.3147119736508752,3.4239302325581398,0.7487680801648493,0.09224454042786341
Acer platanoides,54763,53.1380678437,8.2021126901,243727690,243727690,"c(8.2021126901, 53.1380678437)",1,1.2778558731079102,16.750000000000057,-0.3499999999999659,3.218,1.2778558731079102,16.750000000000057,-0.3499999999999659,3.218,Acer_platanoides,0.7698565721511841,1.6975375413894653,0.92768096923828125,0.5476012959216402,15.250000000000057,18.450000000000045,3.1999999999999886,0.46875000000000167,-8.149999999999977,2.150000000000034,10.300000000000011,0.7572815533980585,1.054,5.34,4.286,0.5048996733551097,1.2633362093637155,0.16954750625825243,0.08563773106800235,16.83139534883725,0.5058024336463883,-0.16092320523332768,-0.9499999999999649,1.9065051546643954,0.3147119736508752,3.4239302325581398,0.7487680801648493,-0.27502538905344637
Acer platanoides,54763,53.1393281282,8.1971564094,243735387,243735387,"c(8.1971564094, 53.1393281282)",1,1.2777043581008911,16.750000000000057,-0.3499999999999659,3.368,1.2777043581008911,16.750000000000057,-0.3499999999999659,3.368,Acer_platanoides,0.7698565721511841,1.6975375413894653,0.92768096923828125,0.5474379692909954,15.250000000000057,18.450000000000045,3.1999999999999886,0.46875000000000167,-8.149999999999977,2.150000000000034,10.300000000000011,0.7572815533980585,1.054,5.34,4.286,0.5398973401773216,1.2633362093637155,0.16954750625825243,0.08474408768531373,16.83139534883725,0.5058024336463883,-0.16092320523332768,-0.9499999999999649,1.9065051546643954,0.3147119736508752,3.4239302325581398,0.7487680801648493,-0.07469633660909564
Acer platanoides,54763,53.1379209163,8.2088639051,243742744,243742744,"c(8.2088639051, 53.1379209163)",1,1.2799071073532104,16.750000000000057,-0.3499999999999659,3.309,1.2799071073532104,16.750000000000057,-0.3499999999999659,3.309,Acer_platanoides,0.7698565721511841,1.6975375413894653,0.92768096923828125,0.5498124378048078,15.250000000000057,18.450000000000045,3.1999999999999886,0.46875000000000167,-8.149999999999977,2.150000000000034,10.300000000000011,0.7572815533980585,1.054,5.34,4.286,0.5261315912272515,1.2633362093637155,0.16954750625825243,0.09773601720956246,16.83139534883725,0.5058024336463883,-0.16092320523332768,-0.9499999999999649,1.9065051546643954,0.3147119736508752,3.4239302325581398,0.7487680801648493,-0.15349243057053993
Acer platanoides,54763,53.1379223311,8.2088778488,243743390,243743390,"c(8.2088778488, 53.1379223311)",1,1.2799071073532104,16.750000000000057,-0.3499999999999659,3.309,1.2799071073532104,16.750000000000057,-0.3499999999999659,3.309,Acer_platanoides,0.7698565721511841,1.6975375413894653,0.92768096923828125,0.5498124378048078,15.250000000000057,18.450000000000045,3.1999999999999886,0.46875000000000167,-8.149999999999977,2.150000000000034,10.300000000000011,0.7572815533980585,1.054,5.34,4.286,0.5261315912272515,1.2633362093637155,0.16954750625825243,0.09773601720956246,16.83139534883725,0.5058024336463883,-0.16092320523332768,-0.9499999999999649,1.9065051546643954,0.3147119736508752,3.4239302325581398,0.7487680801648493,-0.15349243057053993
Acer platanoides,54763,53.1385075062,8.2108661328,243747781,243747781,"c(8.2108661328, 53.1385075062)",1,1.2799071073532104,16.750000000000057,-0.3499999999999659,3.309,1.2799071073532104,16.750000000000057,-0.3499999999999659,3.309,Acer_platanoides,0.7698565721511841,1.6975375413894653,0.92768096923828125,0.5498124378048078,15.250000000000057,18.450000000000045,3.1999999999999886,0.46875000000000167,-8.149999999999977,2.150000000000034,10.300000000000011,0.7572815533980585,1.054,5.34,4.286,0.5261315912272515,1.2633362093637155,0.16954750625825243,0.09773601720956246,16.83139534883725,0.5058024336463883,-0.16092320523332768,-0.9499999999999649,1.9065051546643954,0.3147119736508752,3.4239302325581398,0.7487680801648493,-0.15349243057053993
Acer platanoides,54763,53.141545,8.197724,244874534,244874534,"c(8.197724, 53.141545)",1,1.2839415073394775,16.750000000000057,-0.3499999999999659,3.2840000000000003,1.2839415073394775,16.750000000000057,-0.3499999999999659,3.2840000000000003,Acer_platanoides,0.7698565721511841,1.6975375413894653,0.92768096923828125,0.5541613466646929,15.250000000000057,18.450000000000045,3.1999999999999886,0.46875000000000167,-8.149999999999977,2.150000000000034,10.300000000000011,0.7572815533980585,1.054,5.34,4.286,0.520298646756883,1.2633362093637155,0.16954750625825243,0.12153111791792645,16.83139534883725,0.5058024336463883,-0.16092320523332768,-0.9499999999999649,1.9065051546643954,0.3147119736508752,3.4239302325581398,0.7487680801648493,-0.18688060597793163
Acer platanoides,54763,53.141284,8.19754,244879425,244879425,"c(8.19754, 53.141284)",1,1.2777043581008911,16.750000000000057,-0.3499999999999659,3.368,1.2777043581008911,16.750000000000057,-0.3499999999999659,3.368,Acer_platanoides,0.7698565721511841,1.6975375413894653,0.92768096923828125,0.5474379692909954,15.250000000000057,18.450000000000045,3.1999999999999886,0.46875000000000167,-8.149999999999977,2.150000000000034,10.300000000000011,0.7572815533980585,1.054,5.34,4.286,0.5398973401773216,1.2633362093637155,0.16954750625825243,0.08474408768531373,16.83139534883725,0.5058024336463883,-0.16092320523332768,-0.9499999999999649,1.9065051546643954,0.3147119736508752,3.4239302325581398,0.7487680801648493,-0.07469633660909564
Acer platanoides,54763,53.141086,8.196756,244879511,244879511,"c(8.196756, 53.141086)",1,1.2777043581008911,16.750000000000057,-0.3499999999999659,3.368,1.2777043581008911,16.750000000000057,-0.3499999999999659,3.368,Acer_platanoides,0.7698565721511841,1.6975375413894653,0.92768096923828125,0.5474379692909954,15.250000000000057,18.450000000000045,3.1999999999999886,0.46875000000000167,-8.149999999999977,2.150000000000034,10.300000000000011,0.7572815533980585,1.054,5.34,4.286,0.5398973401773216,1.2633362093637155,0.16954750625825243,0.08474408768531373,16.83139534883725,0.5058024336463883,-0.16092320523332768,-0.9499999999999649,1.9065051546643954,0.3147119736508752,3.4239302325581398,0.7487680801648493,-0.07469633660909564
Acer platanoides,54763,53.141343,8.197598,244881138,244881138,"c(8.197598, 53.141343)",1,1.2777043581008911,16.750000000000057,-0.3499999999999659,3.368,1.2777043581008911,16.750000000000057,-0.3499999999999659,3.368,Acer_platanoides,0.7698565721511841,1.6975375413894653,0.92768096923828125,0.5474379692909954,15.250000000000057,18.450000000000045,3.1999999999999886,0.46875000000000167,-8.149999999999977,2.150000000000034,10.300000000000011,0.7572815533980585,1.054,5.34,4.286,0.5398973401773216,1.2633362093637155,0.16954750625825243,0.08474408768531373,16.83139534883725,0.5058024336463883,-0.16092320523332768,-0.9499999999999649,1.9065051546643954,0.3147119736508752,3.4239302325581398,0.7487680801648493,-0.07469633660909564
Acer platanoides,54763,52.4173295674,17.2156746986,271003276,271003276,"c(17.2156746986, 52.4173295674)",1,0.7698565721511841,17.850000000000023,-3.4499999999999886,4.374,0.7698565721511841,17.850000000000023,-3.4499999999999886,4.374,Acer_platanoides,0.7698565721511841,1.6975375413894653,0.92768096923828125,0,15.250000000000057,18.450000000000045,3.1999999999999886,0.8124999999999922,-8.149999999999977,2.150000000000034,10.300000000000011,0.4563106796116489,1.054,5.34,4.286,0.7746150256649557,1.2633362093637155,0.16954750625825243,-2.91056853682572,16.83139534883725,0.5058024336463883,2.0138389683488325,-0.9499999999999649,1.9065051546643954,-1.3112998902119948,3.4239302325581398,0.7487680801648493,1.2688438417843504
Acer platanoides,54763,53.1719027778,8.1525888889,277395184,277395184,"c(8.1525888889, 53.1719027778)",1,1.3061227798461914,16.650000000000034,-0.3499999999999659,4.19,1.3061227798461914,16.650000000000034,-0.3499999999999659,4.19,Acer_platanoides,0.7698565721511841,1.6975375413894653,0.92768096923828125,0.578071799980262,15.250000000000057,18.450000000000045,3.1999999999999886,0.43749999999999445,-8.149999999999977,2.150000000000034,10.300000000000011,0.7572815533980585,1.054,5.34,4.286,0.7316845543630426,1.2633362093637155,0.16954750625825243,0.2523574154921748,16.83139534883725,0.5058024336463883,-0.3586288573772115,-0.9499999999999649,1.9065051546643954,0.3147119736508752,3.4239302325581398,0.7487680801648493,1.0231068707859476
Acer platanoides,54763,52.1588777778,4.5304583333,278671992,278671992,"c(4.5304583333, 52.1588777778)",1,1.6288158893585205,16.650000000000034,1.5500000000000114,3.218,1.6288158893585205,16.650000000000034,1.5500000000000114,3.218,Acer_platanoides,0.7698565721511841,1.6975375413894653,0.92768096923828125,0.9259210285542754,15.250000000000057,18.450000000000045,3.1999999999999886,0.43749999999999445,-8.149999999999977,2.150000000000034,10.300000000000011,0.9417475728155318,1.054,5.34,4.286,0.5048996733551097,1.2633362093637155,0.16954750625825243,2.15561813948541,16.83139534883725,0.5058024336463883,-0.3586288573772115,-0.9499999999999649,1.9065051546643954,1.3112998902119697,3.4239302325581398,0.7487680801648493,-0.27502538905344637
Acer platanoides,54763,51.3473055556,3.3101888889,282003251,282003251,"c(3.3101888889, 51.3473055556)",1,1.499584436416626,16.950000000000045,2.150000000000034,4.166,1.499584436416626,16.950000000000045,2.150000000000034,4.166,Acer_platanoides,0.7698565721511841,1.6975375413894653,0.92768096923828125,0.7866151063383583,15.250000000000057,18.450000000000045,3.1999999999999886,0.5312499999999983,-8.149999999999977,2.150000000000034,10.300000000000011,1,1.054,5.34,4.286,0.7260849276714887,1.2633362093637155,0.16954750625825243,1.3934043163870569,16.83139534883725,0.5058024336463883,0.23448809905432763,-0.9499999999999649,1.9065051546643954,1.6260118638628573,3.4239302325581398,0.7487680801648493,0.9910542223948515
Acer platanoides,54763,58.37965,26.7171611111,318242283,318242283,"c(26.7171611111, 58.37965)",1,1.24336838722229,16.450000000000045,-8.149999999999977,2.949,1.24336838722229,16.450000000000045,-8.149999999999977,2.949,Acer_platanoides,0.7698565721511841,1.6975375413894653,0.92768096923828125,0.5104252763316968,15.250000000000057,18.450000000000045,3.1999999999999886,0.3749999999999978,-8.149999999999977,2.150000000000034,10.300000000000011,0,1.054,5.34,4.286,0.44213719085394304,1.2633362093637155,0.16954750625825243,-0.11777125232977911,16.83139534883725,0.5058024336463883,-0.7540401616648668,-0.9499999999999649,1.9065051546643954,-3.7765436838105155,3.4239302325581398,0.7487680801648493,-0.6342821564369824
Acer platanoides,54763,50.803499,8.763534,323473284,323473284,"c(8.763534, 50.803499)",1,1.1390490531921387,17.55000000000001,-1.849999999999966,2.193,1.1390490531921387,17.55000000000001,-1.849999999999966,2.193,Acer_platanoides,0.7698565721511841,1.6975375413894653,0.92768096923828125,0.3979735418568503,15.250000000000057,18.450000000000045,3.1999999999999886,0.7187499999999883,-8.149999999999977,2.150000000000034,10.300000000000011,0.6116504854368936,1.054,5.34,4.286,0.2657489500699954,1.2633362093637155,0.16954750625825243,-0.733052103888006,16.83139534883725,0.5058024336463883,1.4207220119172934,-0.9499999999999649,1.9065051546643954,-0.47206796047631416,3.4239302325581398,0.7487680801648493,-1.6439405807565104
Acer platanoides,54763,50.584016,8.676375,325571801,325571801,"c(8.676375, 50.584016)",1,0.9703365564346313,17.850000000000023,-1.6499999999999773,2.273,0.9703365564346313,17.850000000000023,-1.6499999999999773,2.273,Acer_platanoides,0.7698565721511841,1.6975375413894653,0.92768096923828125,0.2161087603727188,15.250000000000057,18.450000000000045,3.1999999999999886,0.8124999999999922,-8.149999999999977,2.150000000000034,10.300000000000011,0.6310679611650478,1.054,5.34,4.286,0.28441437237517503,1.2633362093637155,0.16954750625825243,-1.7281271744733957,16.83139534883725,0.5058024336463883,2.0138389683488325,-0.9499999999999649,1.9065051546643954,-0.3671639692593615,3.4239302325581398,0.7487680801648493,-1.5370984194528565
Acer platanoides,54763,53.1454562997,8.1896804997,352633672,352633672,"c(8.1896804997, 53.1454562997)",1,1.283303141593933,16.750000000000057,-0.3499999999999659,3.2600000000000002,1.283303141593933,16.750000000000057,-0.3499999999999659,3.2600000000000002,Acer_platanoides,0.7698565721511841,1.6975375413894653,0.92768096923828125,0.5534732159746037,15.250000000000057,18.450000000000045,3.1999999999999886,0.46875000000000167,-8.149999999999977,2.150000000000034,10.300000000000011,0.7572815533980585,1.054,5.34,4.286,0.5146990200653291,1.2633362093637155,0.16954750625825243,0.11776600358724391,16.83139534883725,0.5058024336463883,-0.16092320523332768,-0.9499999999999649,1.9065051546643954,0.3147119736508752,3.4239302325581398,0.7487680801648493,-0.2189332543690278
Acer pseudoplatanus,119791,-43.518904,171.655684,108268288,108268288,"c(171.655684, -43.518904)",1,1.020400047302246,15.250000000000057,-0.049999999999954525,6.1770000000000005,1.020400047302246,15.250000000000057,-0.049999999999954525,6.1770000000000005,Acer_pseudoplatanus,0.8229967355728149,3.1466634273529053,2.3236666917800903,0.08495336806597098,14.250000000000057,23.150000000000034,8.899999999999977,0.11235955056179804,-4.149999999999977,6.750000000000057,10.900000000000034,0.3761467889908266,2.246,6.402,4.156000000000001,0.9458614051973051,1.4883619723683696,0.45452570349180704,-1.0295609719562508,16.757627118644105,1.0275817416826232,-1.4671602827190864,0.8127118644068132,2.0892396936361455,-0.4129310136288338,3.8779237288135593,0.780915714470739,2.9440773550633774
Acer pseudoplatanus,119791,53.1363412953,8.1974335578,134011089,134011089,"c(8.1974335578, 53.1363412953)",1,1.2777043581008911,16.750000000000057,-0.3499999999999659,3.368,1.2777043581008911,16.750000000000057,-0.3499999999999659,3.368,Acer_pseudoplatanus,0.8229967355728149,3.1466634273529053,2.3236666917800903,0.1956853898782439,14.250000000000057,23.150000000000034,8.899999999999977,0.2808988764044951,-4.149999999999977,6.750000000000057,10.900000000000034,0.34862385321100914,2.246,6.402,4.156000000000001,0.26997112608277185,1.4883619723683696,0.45452570349180704,-0.4634668900991552,16.757627118644105,1.0275817416826232,-0.007422396033973454,0.8127118644068132,2.0892396936361455,-0.5565239201363139,3.8779237288135593,0.780915714470739,-0.652981774299621
Acer pseudoplatanus,119791,53.1395675045,8.1962376616,136132929,136132929,"c(8.1962376616, 53.1395675045)",1,1.2777043581008911,16.750000000000057,-0.3499999999999659,3.368,1.2777043581008911,16.750000000000057,-0.3499999999999659,3.368,Acer_pseudoplatanus,0.8229967355728149,3.1466634273529053,2.3236666917800903,0.1956853898782439,14.250000000000057,23.150000000000034,8.899999999999977,0.2808988764044951,-4.149999999999977,6.750000000000057,10.900000000000034,0.34862385321100914,2.246,6.402,4.156000000000001,0.26997112608277185,1.4883619723683696,0.45452570349180704,-0.4634668900991552,16.757627118644105,1.0275817416826232,-0.007422396033973454,0.8127118644068132,2.0892396936361455,-0.5565239201363139,3.8779237288135593,0.780915714470739,-0.652981774299621
Acer pseudoplatanus,119791,52.0179792777,-9.5033784306,142234662,142234662,"c(-9.5033784306, 52.0179792777)",1,3.1466634273529053,14.550000000000011,3.0500000000000114,5.088,3.1466634273529053,14.550000000000011,3.0500000000000114,5.088,Acer_pseudoplatanus,0.8229967355728149,3.1466634273529053,2.3236666917800903,1,14.250000000000057,23.150000000000034,8.899999999999977,0.0337078651685343,-4.149999999999977,6.750000000000057,10.900000000000034,0.6605504587155933,2.246,6.402,4.156000000000001,0.6838306063522617,1.4883619723683696,0.45452570349180704,3.648421733347423,16.757627118644105,1.0275817416826232,-2.1483712965055166,0.8127118644068132,2.0892396936361455,1.0708623536150546,3.8779237288135593,0.780915714470739,1.5495606616221864
Acer pseudoplatanus,119791,52.0183824429,-9.5042895243,143800895,143800895,"c(-9.5042895243, 52.0183824429)",1,3.1466634273529053,14.550000000000011,3.0500000000000114,5.088,3.1466634273529053,14.550000000000011,3.0500000000000114,5.088,Acer_pseudoplatanus,0.8229967355728149,3.1466634273529053,2.3236666917800903,1,14.250000000000057,23.150000000000034,8.899999999999977,0.0337078651685343,-4.149999999999977,6.750000000000057,10.900000000000034,0.6605504587155933,2.246,6.402,4.156000000000001,0.6838306063522617,1.4883619723683696,0.45452570349180704,3.648421733347423,16.757627118644105,1.0275817416826232,-2.1483712965055166,0.8127118644068132,2.0892396936361455,1.0708623536150546,3.8779237288135593,0.780915714470739,1.5495606616221864
Acer pseudoplatanus,119791,53.1237929722,8.259529,161609886,161609886,"c(8.259529, 53.1237929722)",1,1.266811490058899,16.850000000000023,-0.3499999999999659,4.106,1.266811490058899,16.850000000000023,-0.3499999999999659,4.106,Acer_pseudoplatanus,0.8229967355728149,3.1466634273529053,2.3236666917800903,0.1909975970547183,14.250000000000057,23.150000000000034,8.899999999999977,0.2921348314606711,-4.149999999999977,6.750000000000057,10.900000000000034,0.34862385321100914,2.246,6.402,4.156000000000001,0.4475457170356111,1.4883619723683696,0.45452570349180704,-0.48743224114159306,16.757627118644105,1.0275817416826232,0.08989346307833422,0.8127118644068132,2.0892396936361455,-0.5565239201363139,3.8779237288135593,0.780915714470739,0.29206259646217764
Acer pseudoplatanus,119791,53.1207419722,8.4164609722,161659887,161659887,"c(8.4164609722, 53.1207419722)",1,1.2513245344161987,16.850000000000023,-0.3499999999999659,4.68,1.2513245344161987,16.850000000000023,-0.3499999999999659,4.68,Acer_pseudoplatanus,0.8229967355728149,3.1466634273529053,2.3236666917800903,0.18433271878388674,14.250000000000057,23.150000000000034,8.899999999999977,0.2921348314606711,-4.149999999999977,6.750000000000057,10.900000000000034,0.34862385321100914,2.246,6.402,4.156000000000001,0.5856592877767082,1.4883619723683696,0.45452570349180704,-0.5215050240969344,16.757627118644105,1.0275817416826232,0.08989346307833422,0.8127118644068132,2.0892396936361455,-0.5565239201363139,3.8779237288135593,0.780915714470739,1.0270971070546875
Acer pseudoplatanus,119791,53.1179274986,8.4492698684,161660186,161660186,"c(8.4492698684, 53.1179274986)",1,1.241420030593872,16.850000000000023,-0.3499999999999659,4.817,1.241420030593872,16.850000000000023,-0.3499999999999659,4.817,Acer_pseudoplatanus,0.8229967355728149,3.1466634273529053,2.3236666917800903,0.18007027277243268,14.250000000000057,23.150000000000034,8.899999999999977,0.2921348314606711,-4.149999999999977,6.750000000000057,10.900000000000034,0.34862385321100914,2.246,6.402,4.156000000000001,0.618623676612127,1.4883619723683696,0.45452570349180704,-0.5432958793692264,16.757627118644105,1.0275817416826232,0.08989346307833422,0.8127118644068132,2.0892396936361455,-0.5565239201363139,3.8779237288135593,0.780915714470739,1.2025321731717158
Acer pseudoplatanus,119791,49.2304829722,11.1900189722,162664593,162664593,"c(11.1900189722, 49.2304829722)",1,1.0668329000473022,17.950000000000045,-3.0499999999999545,3.771,1.0668329000473022,17.950000000000045,-3.0499999999999545,3.771,Acer_pseudoplatanus,0.8229967355728149,3.1466634273529053,2.3236666917800903,0.10493594685375976,14.250000000000057,23.150000000000034,8.899999999999977,0.4157303370786515,-4.149999999999977,6.750000000000057,10.900000000000034,0.10091743119266232,2.246,6.402,4.156000000000001,0.3669393647738209,1.4883619723683696,0.45452570349180704,-0.9274042569710594,16.757627118644105,1.0275817416826232,1.1603679133141058,0.8127118644068132,2.0892396936361455,-1.84886007870358,3.8779237288135593,0.780915714470739,-0.13692095937143012
Acer pseudoplatanus,119791,53.087197,8.12964,164195019,164195019,"c(8.12964, 53.087197)",1,1.2800217866897583,16.850000000000023,-0.24999999999994316,4.905,1.2800217866897583,16.850000000000023,-0.24999999999994316,4.905,Acer_pseudoplatanus,0.8229967355728149,3.1466634273529053,2.3236666917800903,0.19668270528370416,14.250000000000057,23.150000000000034,8.899999999999977,0.2921348314606711,-4.149999999999977,6.750000000000057,10.900000000000034,0.3577981651376167,2.246,6.402,4.156000000000001,0.6397978825794033,1.4883619723683696,0.45452570349180704,-0.4583683256592039,16.757627118644105,1.0275817416826232,0.08989346307833422,0.8127118644068132,2.0892396936361455,-0.5086596179671448,3.8779237288135593,0.780915714470739,1.3152203908235292
Acer pseudoplatanus,119791,53.087211,8.1296669722,164195271,164195271,"c(8.1296669722, 53.087211)",1,1.2800217866897583,16.850000000000023,-0.24999999999994316,4.905,1.2800217866897583,16.850000000000023,-0.24999999999994316,4.905,Acer_pseudoplatanus,0.8229967355728149,3.1466634273529053,2.3236666917800903,0.19668270528370416,14.250000000000057,23.150000000000034,8.899999999999977,0.2921348314606711,-4.149999999999977,6.750000000000057,10.900000000000034,0.3577981651376167,2.246,6.402,4.156000000000001,0.6397978825794033,1.4883619723683696,0.45452570349180704,-0.4583683256592039,16.757627118644105,1.0275817416826232,0.08989346307833422,0.8127118644068132,2.0892396936361455,-0.5086596179671448,3.8779237288135593,0.780915714470739,1.3152203908235292
Acer pseudoplatanus,119791,53.0672789722,8.180082,164195776,164195776,"c(8.180082, 53.0672789722)",1,1.2649132013320923,16.850000000000023,-0.24999999999994316,4.7330000000000005,1.2649132013320923,16.850000000000023,-0.24999999999994316,4.7330000000000005,Acer_pseudoplatanus,0.8229967355728149,3.1466634273529053,2.3236666917800903,0.19018066029975175,14.250000000000057,23.150000000000034,8.899999999999977,0.2921348314606711,-4.149999999999977,6.750000000000057,10.900000000000034,0.3577981651376167,2.246,6.402,4.156000000000001,0.5984119345524543,1.4883619723683696,0.45452570349180704,-0.4916086578155532,16.757627118644105,1.0275817416826232,0.08989346307833422,0.8127118644068132,2.0892396936361455,-0.5086596179671448,3.8779237288135593,0.780915714470739,1.0949661472313488
Acer pseudoplatanus,119791,53.06763,8.182764,164197115,164197115,"c(8.182764, 53.06763)",1,1.2649132013320923,16.850000000000023,-0.24999999999994316,4.7330000000000005,1.2649132013320923,16.850000000000023,-0.24999999999994316,4.7330000000000005,Acer_pseudoplatanus,0.8229967355728149,3.1466634273529053,2.3236666917800903,0.19018066029975175,14.250000000000057,23.150000000000034,8.899999999999977,0.2921348314606711,-4.149999999999977,6.750000000000057,10.900000000000034,0.3577981651376167,2.246,6.402,4.156000000000001,0.5984119345524543,1.4883619723683696,0.45452570349180704,-0.4916086578155532,16.757627118644105,1.0275817416826232,0.08989346307833422,0.8127118644068132,2.0892396936361455,-0.5086596179671448,3.8779237288135593,0.780915714470739,1.0949661472313488
Acer pseudoplatanus,119791,53.137649837,8.2082348317,167944471,167944471,"c(8.2082348317, 53.137649837)",1,1.2799071073532104,16.750000000000057,-0.3499999999999659,3.309,1.2799071073532104,16.750000000000057,-0.3499999999999659,3.309,Acer_pseudoplatanus,0.8229967355728149,3.1466634273529053,2.3236666917800903,0.19663335253575906,14.250000000000057,23.150000000000034,8.899999999999977,0.2808988764044951,-4.149999999999977,6.750000000000057,10.900000000000034,0.34862385321100914,2.246,6.402,4.156000000000001,0.25577478344562077,1.4883619723683696,0.45452570349180704,-0.4586206311628681,16.757627118644105,1.0275817416826232,-0.007422396033973454,0.8127118644068132,2.0892396936361455,-0.5565239201363139,3.8779237288135593,0.780915714470739,-0.72853410204345
Acer pseudoplatanus,119791,53.13792,8.205721,167948051,167948051,"c(8.205721, 53.13792)",1,1.2778558731079102,16.750000000000057,-0.3499999999999659,3.218,1.2778558731079102,16.750000000000057,-0.3499999999999659,3.218,Acer_pseudoplatanus,0.8229967355728149,3.1466634273529053,2.3236666917800903,0.19575059501612146,14.250000000000057,23.150000000000034,8.899999999999977,0.2808988764044951,-4.149999999999977,6.750000000000057,10.900000000000034,0.34862385321100914,2.246,6.402,4.156000000000001,0.2338787295476419,1.4883619723683696,0.45452570349180704,-0.4631335425989917,16.757627118644105,1.0275817416826232,-0.007422396033973454,0.8127118644068132,2.0892396936361455,-0.5565239201363139,3.8779237288135593,0.780915714470739,-0.8450639634788483
Acer pseudoplatanus,119791,53.139525,8.196229,168027076,168027076,"c(8.196229, 53.139525)",1,1.2777043581008911,16.750000000000057,-0.3499999999999659,3.368,1.2777043581008911,16.750000000000057,-0.3499999999999659,3.368,Acer_pseudoplatanus,0.8229967355728149,3.1466634273529053,2.3236666917800903,0.1956853898782439,14.250000000000057,23.150000000000034,8.899999999999977,0.2808988764044951,-4.149999999999977,6.750000000000057,10.900000000000034,0.34862385321100914,2.246,6.402,4.156000000000001,0.26997112608277185,1.4883619723683696,0.45452570349180704,-0.4634668900991552,16.757627118644105,1.0275817416826232,-0.007422396033973454,0.8127118644068132,2.0892396936361455,-0.5565239201363139,3.8779237288135593,0.780915714470739,-0.652981774299621
Acer pseudoplatanus,119791,53.1394879279,8.1968418136,168028151,168028151,"c(8.1968418136, 53.1394879279)",1,1.2777043581008911,16.750000000000057,-0.3499999999999659,3.368,1.2777043581008911,16.750000000000057,-0.3499999999999659,3.368,Acer_pseudoplatanus,0.8229967355728149,3.1466634273529053,2.3236666917800903,0.1956853898782439,14.250000000000057,23.150000000000034,8.899999999999977,0.2808988764044951,-4.149999999999977,6.750000000000057,10.900000000000034,0.34862385321100914,2.246,6.402,4.156000000000001,0.26997112608277185,1.4883619723683696,0.45452570349180704,-0.4634668900991552,16.757627118644105,1.0275817416826232,-0.007422396033973454,0.8127118644068132,2.0892396936361455,-0.5565239201363139,3.8779237288135593,0.780915714470739,-0.652981774299621
Acer pseudoplatanus,119791,53.1126430868,8.2161441432,168123680,168123680,"c(8.2161441432, 53.1126430868)",1,1.263667345046997,16.850000000000023,-0.24999999999994316,3.501,1.263667345046997,16.850000000000023,-0.24999999999994316,3.501,Acer_pseudoplatanus,0.8229967355728149,3.1466634273529053,2.3236666917800903,0.18964450066485128,14.250000000000057,23.150000000000034,8.899999999999977,0.2921348314606711,-4.149999999999977,6.750000000000057,10.900000000000034,0.3577981651376167,2.246,6.402,4.156000000000001,0.301973051010587,1.4883619723683696,0.45452570349180704,-0.4943496607456937,16.757627118644105,1.0275817416826232,0.08989346307833422,0.8127118644068132,2.0892396936361455,-0.5086596179671448,3.8779237288135593,0.780915714470739,-0.4826688998940394
Acer pseudoplatanus,119791,53.5335916662,8.097008653,171754863,171754863,"c(8.097008653, 53.5335916662)",1,1.4323455095291138,16.450000000000045,0.05000000000001137,4.49,1.4323455095291138,16.450000000000045,0.05000000000001137,4.49,Acer_pseudoplatanus,0.8229967355728149,3.1466634273529053,2.3236666917800903,0.26223587750853167,14.250000000000057,23.150000000000034,8.899999999999977,0.2471910112359544,-4.149999999999977,6.750000000000057,10.900000000000034,0.38532110091742894,2.246,6.402,4.156000000000001,0.5399422521655438,1.4883619723683696,0.45452570349180704,-0.1232415733784032,16.757627118644105,1.0275817416826232,-0.2993699733710071,0.8127118644068132,2.0892396936361455,-0.3650667114596919,3.8779237288135593,0.780915714470739,0.7837930007610001
Acer pseudoplatanus,119791,53.1363216667,8.197335,181585747,181585747,"c(8.197335, 53.1363216667)",1,1.2777043581008911,16.750000000000057,-0.3499999999999659,3.368,1.2777043581008911,16.750000000000057,-0.3499999999999659,3.368,Acer_pseudoplatanus,0.8229967355728149,3.1466634273529053,2.3236666917800903,0.1956853898782439,14.250000000000057,23.150000000000034,8.899999999999977,0.2808988764044951,-4.149999999999977,6.750000000000057,10.900000000000034,0.34862385321100914,2.246,6.402,4.156000000000001,0.26997112608277185,1.4883619723683696,0.45452570349180704,-0.4634668900991552,16.757627118644105,1.0275817416826232,-0.007422396033973454,0.8127118644068132,2.0892396936361455,-0.5565239201363139,3.8779237288135593,0.780915714470739,-0.652981774299621
Acer pseudoplatanus,119791,48.3419319722,2.708711,181893104,181893104,"c(2.708711, 48.3419319722)",1,0.90641188621521,18.850000000000023,0.9500000000000455,2.758,0.90641188621521,18.850000000000023,0.9500000000000455,2.758,Acer_pseudoplatanus,0.8229967355728149,3.1466634273529053,2.3236666917800903,0.03589807046659227,14.250000000000057,23.150000000000034,8.899999999999977,0.5168539325842672,-4.149999999999977,6.750000000000057,10.900000000000034,0.46788990825688137,2.246,6.402,4.156000000000001,0.12319538017324348,1.4883619723683696,0.45452570349180704,-1.2803458235308567,16.757627118644105,1.0275817416826232,2.0362106453251516,0.8127118644068132,2.0892396936361455,0.06571200806274835,3.8779237288135593,0.780915714470739,-1.4341160102951456
Acer pseudoplatanus,119791,46.105131,-0.7527309722,183822399,183822399,"c(-0.7527309722, 46.105131)",1,1.0174473524093628,19.650000000000034,2.8500000000000227,3.1830000000000003,1.0174473524093628,19.650000000000034,2.8500000000000227,3.1830000000000003,Acer_pseudoplatanus,0.8229967355728149,3.1466634273529053,2.3236666917800903,0.08368266306196658,14.250000000000057,23.150000000000034,8.899999999999977,0.6067415730337069,-4.149999999999977,6.750000000000057,10.900000000000034,0.6422018348623834,2.246,6.402,4.156000000000001,0.22545717035611168,1.4883619723683696,0.45452570349180704,-1.0360571829960221,16.757627118644105,1.0275817416826232,2.8147375182238896,0.8127118644068132,2.0892396936361455,0.9751337492767437,3.8779237288135593,0.780915714470739,-0.8898831409540009
Acer pseudoplatanus,119791,47.391149,0.838638,184133273,184133273,"c(0.838638, 47.391149)",1,0.8307899236679077,19.250000000000057,1.7500000000000568,3.46,0.8307899236679077,19.250000000000057,1.7500000000000568,3.46,Acer_pseudoplatanus,0.8229967355728149,3.1466634273529053,2.3236666917800903,0.0033538321664897,14.250000000000057,23.150000000000034,8.899999999999977,0.5617977528089902,-4.149999999999977,6.750000000000057,10.900000000000034,0.5412844036697262,2.246,6.402,4.156000000000001,0.2921077959576515,1.4883619723683696,0.45452570349180704,-1.4467213705381017,16.757627118644105,1.0275817416826232,2.425474081774548,0.8127118644068132,2.0892396936361455,0.4486264254160195,3.8779237288135593,0.780915714470739,-0.5351713649363614
Acer pseudoplatanus,119791,47.391099,0.838155,184134079,184134079,"c(0.838155, 47.391099)",1,0.8307899236679077,19.250000000000057,1.7500000000000568,3.46,0.8307899236679077,19.250000000000057,1.7500000000000568,3.46,Acer_pseudoplatanus,0.8229967355728149,3.1466634273529053,2.3236666917800903,0.0033538321664897,14.250000000000057,23.150000000000034,8.899999999999977,0.5617977528089902,-4.149999999999977,6.750000000000057,10.900000000000034,0.5412844036697262,2.246,6.402,4.156000000000001,0.2921077959576515,1.4883619723683696,0.45452570349180704,-1.4467213705381017,16.757627118644105,1.0275817416826232,2.425474081774548,0.8127118644068132,2.0892396936361455,0.4486264254160195,3.8779237288135593,0.780915714470739,-0.5351713649363614
Acer pseudoplatanus,119791,51.807466514,10.3422811255,194412934,194412934,"c(10.3422811255, 51.807466514)",1,2.427168607711792,14.250000000000057,-4.149999999999977,3.7030000000000003,2.427168607711792,14.250000000000057,-4.149999999999977,3.7030000000000003,Acer_pseudoplatanus,0.8229967355728149,3.1466634273529053,2.3236666917800903,0.6903622958549489,14.250000000000057,23.150000000000034,8.899999999999977,0,-4.149999999999977,6.750000000000057,10.900000000000034,0,2.246,6.402,4.156000000000001,0.3505774783445621,1.4883619723683696,0.45452570349180704,2.065464346969202,16.757627118644105,1.0275817416826232,-2.4403188738424952,0.8127118644068132,2.0892396936361455,-2.3753674025643314,3.8779237288135593,0.780915714470739,-0.2239982184660127
Acer pseudoplatanus,119791,54.7006231779,9.9954506289,208534743,208534743,"c(9.9954506289, 54.7006231779)",1,1.4479598999023438,16.450000000000045,0.05000000000001137,5.078,1.4479598999023438,16.450000000000045,0.05000000000001137,5.078,Acer_pseudoplatanus,0.8229967355728149,3.1466634273529053,2.3236666917800903,0.26895559786621703,14.250000000000057,23.150000000000034,8.899999999999977,0.2471910112359544,-4.149999999999977,6.750000000000057,10.900000000000034,0.38532110091742894,2.246,6.402,4.156000000000001,0.6814244465832531,1.4883619723683696,0.45452570349180704,-0.08888842183323116,16.757627118644105,1.0275817416826232,-0.2993699733710071,0.8127118644068132,2.0892396936361455,-0.3650667114596919,3.8779237288135593,0.780915714470739,1.5367551823435714
Acer pseudoplatanus,119791,53.0665777778,8.1859055556,212617860,212617860,"c(8.1859055556, 53.0665777778)",1,1.2606664896011353,16.850000000000023,-0.24999999999994316,4.542,1.2606664896011353,16.850000000000023,-0.24999999999994316,4.542,Acer_pseudoplatanus,0.8229967355728149,3.1466634273529053,2.3236666917800903,0.18835306955879927,14.250000000000057,23.150000000000034,8.899999999999977,0.2921348314606711,-4.149999999999977,6.750000000000057,10.900000000000034,0.3577981651376167,2.246,6.402,4.156000000000001,0.5524542829643887,1.4883619723683696,0.45452570349180704,-0.5009518296061307,16.757627118644105,1.0275817416826232,0.08989346307833422,0.8127118644068132,2.0892396936361455,-0.5086596179671448,3.8779237288135593,0.780915714470739,0.8503814930097985
Acer pseudoplatanus,119791,53.5745083333,7.9023583333,214586491,214586491,"c(7.9023583333, 53.5745083333)",1,1.499376893043518,16.350000000000023,0.1500000000000341,3.821,1.499376893043518,16.350000000000023,0.1500000000000341,3.821,Acer_pseudoplatanus,0.8229967355728149,3.1466634273529053,2.3236666917800903,0.29108312300700445,14.250000000000057,23.150000000000034,8.899999999999977,0.23595505617977205,-4.149999999999977,6.750000000000057,10.900000000000034,0.3944954128440365,2.246,6.402,4.156000000000001,0.37897016361886426,1.4883619723683696,0.45452570349180704,0.024233878503522228,16.757627118644105,1.0275817416826232,-0.3966858324833701,0.8127118644068132,2.0892396936361455,-0.3172024092905228,3.8779237288135593,0.780915714470739,-0.07289356297835399
Acer pseudoplatanus,119791,53.5751833333,7.9000083333,214586697,214586697,"c(7.9000083333, 53.5751833333)",1,1.5199916362762451,16.350000000000023,0.25000000000005684,3.762,1.5199916362762451,16.350000000000023,0.25000000000005684,3.762,Acer_pseudoplatanus,0.8229967355728149,3.1466634273529053,2.3236666917800903,0.29995476682134803,14.250000000000057,23.150000000000034,8.899999999999977,0.23595505617977205,-4.149999999999977,6.750000000000057,10.900000000000034,0.40366972477064406,2.246,6.402,4.156000000000001,0.3647738209817131,1.4883619723683696,0.45452570349180704,0.06958828436958925,16.757627118644105,1.0275817416826232,-0.3966858324833701,0.8127118644068132,2.0892396936361455,-0.2693381071213537,3.8779237288135593,0.780915714470739,-0.14844589072218362
Acer pseudoplatanus,119791,53.5305416667,7.9472027778,214587998,214587998,"c(7.9472027778, 53.5305416667)",1,1.4167400598526,16.450000000000045,-0.049999999999954525,4.3100000000000005,1.4167400598526,16.450000000000045,-0.049999999999954525,4.3100000000000005,Acer_pseudoplatanus,0.8229967355728149,3.1466634273529053,2.3236666917800903,0.2555200048183057,14.250000000000057,23.150000000000034,8.899999999999977,0.2471910112359544,-4.149999999999977,6.750000000000057,10.900000000000034,0.3761467889908266,2.246,6.402,4.156000000000001,0.49663137632338794,1.4883619723683696,0.45452570349180704,-0.15757505453607543,16.757627118644105,1.0275817416826232,-0.2993699733710071,0.8127118644068132,2.0892396936361455,-0.4129310136288338,3.8779237288135593,0.780915714470739,0.5532943737459276
Acer pseudoplatanus,119791,53.5286888889,7.9483361111,214601193,214601193,"c(7.9483361111, 53.5286888889)",1,1.4167400598526,16.450000000000045,-0.049999999999954525,4.3100000000000005,1.4167400598526,16.450000000000045,-0.049999999999954525,4.3100000000000005,Acer_pseudoplatanus,0.8229967355728149,3.1466634273529053,2.3236666917800903,0.2555200048183057,14.250000000000057,23.150000000000034,8.899999999999977,0.2471910112359544,-4.149999999999977,6.750000000000057,10.900000000000034,0.3761467889908266,2.246,6.402,4.156000000000001,0.49663137632338794,1.4883619723683696,0.45452570349180704,-0.15757505453607543,16.757627118644105,1.0275817416826232,-0.2993699733710071,0.8127118644068132,2.0892396936361455,-0.4129310136288338,3.8779237288135593,0.780915714470739,0.5532943737459276
Acer pseudoplatanus,119791,53.5736,7.9031805556,214627449,214627449,"c(7.9031805556, 53.5736)",1,1.499376893043518,16.350000000000023,0.1500000000000341,3.821,1.499376893043518,16.350000000000023,0.1500000000000341,3.821,Acer_pseudoplatanus,0.8229967355728149,3.1466634273529053,2.3236666917800903,0.29108312300700445,14.250000000000057,23.150000000000034,8.899999999999977,0.23595505617977205,-4.149999999999977,6.750000000000057,10.900000000000034,0.3944954128440365,2.246,6.402,4.156000000000001,0.37897016361886426,1.4883619723683696,0.45452570349180704,0.024233878503522228,16.757627118644105,1.0275817416826232,-0.3966858324833701,0.8127118644068132,2.0892396936361455,-0.3172024092905228,3.8779237288135593,0.780915714470739,-0.07289356297835399
Acer pseudoplatanus,119791,53.5736,7.9031805556,214636885,214636885,"c(7.9031805556, 53.5736)",1,1.499376893043518,16.350000000000023,0.1500000000000341,3.821,1.499376893043518,16.350000000000023,0.1500000000000341,3.821,Acer_pseudoplatanus,0.8229967355728149,3.1466634273529053,2.3236666917800903,0.29108312300700445,14.250000000000057,23.150000000000034,8.899999999999977,0.23595505617977205,-4.149999999999977,6.750000000000057,10.900000000000034,0.3944954128440365,2.246,6.402,4.156000000000001,0.37897016361886426,1.4883619723683696,0.45452570349180704,0.024233878503522228,16.757627118644105,1.0275817416826232,-0.3966858324833701,0.8127118644068132,2.0892396936361455,-0.3172024092905228,3.8779237288135593,0.780915714470739,-0.07289356297835399
Acer pseudoplatanus,119791,53.1424888889,8.2075527778,216079921,216079921,"c(8.2075527778, 53.1424888889)",1,1.2842122316360474,16.750000000000057,-0.3499999999999659,3.234,1.2842122316360474,16.750000000000057,-0.3499999999999659,3.234,Acer_pseudoplatanus,0.8229967355728149,3.1466634273529053,2.3236666917800903,0.19848608137077925,14.250000000000057,23.150000000000034,8.899999999999977,0.2808988764044951,-4.149999999999977,6.750000000000057,10.900000000000034,0.34862385321100914,2.246,6.402,4.156000000000001,0.23772858517805578,1.4883619723683696,0.45452570349180704,-0.44914894617395856,16.757627118644105,1.0275817416826232,-0.007422396033973454,0.8127118644068132,2.0892396936361455,-0.5565239201363139,3.8779237288135593,0.780915714470739,-0.824575196633064
Acer pseudoplatanus,119791,53.1704444444,8.5031305556,217027525,217027525,"c(8.5031305556, 53.1704444444)",1,1.232059121131897,16.850000000000023,-0.3499999999999659,5.355,1.232059121131897,16.850000000000023,-0.3499999999999659,5.355,Acer_pseudoplatanus,0.8229967355728149,3.1466634273529053,2.3236666917800903,0.17604176494250637,14.250000000000057,23.150000000000034,8.899999999999977,0.2921348314606711,-4.149999999999977,6.750000000000057,10.900000000000034,0.34862385321100914,2.246,6.402,4.156000000000001,0.7480750721847931,1.4883619723683696,0.45452570349180704,-0.5638907750815298,16.757627118644105,1.0275817416826232,0.08989346307833422,0.8127118644068132,2.0892396936361455,-0.5565239201363139,3.8779237288135593,0.780915714470739,1.8914669583612116
Acer pseudoplatanus,119791,53.160374,8.126999,218892201,218892201,"c(8.126999, 53.160374)",1,1.2998979091644287,16.750000000000057,-0.3499999999999659,4.652,1.2998979091644287,16.750000000000057,-0.3499999999999659,4.652,Acer_pseudoplatanus,0.8229967355728149,3.1466634273529053,2.3236666917800903,0.20523648046367368,14.250000000000057,23.150000000000034,8.899999999999977,0.2808988764044951,-4.149999999999977,6.750000000000057,10.900000000000034,0.34862385321100914,2.246,6.402,4.156000000000001,0.578922040423484,1.4883619723683696,0.45452570349180704,-0.41463895607245466,16.757627118644105,1.0275817416826232,-0.007422396033973454,0.8127118644068132,2.0892396936361455,-0.5565239201363139,3.8779237288135593,0.780915714470739,0.9912417650745656
Acer pseudoplatanus,119791,53.3581083333,7.9361638889,219755637,219755637,"c(7.9361638889, 53.3581083333)",1,1.3634599447250366,16.450000000000045,-0.3499999999999659,5.368,1.3634599447250366,16.450000000000045,-0.3499999999999659,5.368,Acer_pseudoplatanus,0.8229967355728149,3.1466634273529053,2.3236666917800903,0.23259067708122513,14.250000000000057,23.150000000000034,8.899999999999977,0.2471910112359544,-4.149999999999977,6.750000000000057,10.900000000000034,0.34862385321100914,2.246,6.402,4.156000000000001,0.7512030798845043,1.4883619723683696,0.45452570349180704,-0.27479640135595634,16.757627118644105,1.0275817416826232,-0.2993699733710071,0.8127118644068132,2.0892396936361455,-0.5565239201363139,3.8779237288135593,0.780915714470739,1.9081140814234112
Acer pseudoplatanus,119791,53.1363817,8.1971851,220433714,220433714,"c(8.1971851, 53.1363817)",1,1.2777043581008911,16.750000000000057,-0.3499999999999659,3.368,1.2777043581008911,16.750000000000057,-0.3499999999999659,3.368,Acer_pseudoplatanus,0.8229967355728149,3.1466634273529053,2.3236666917800903,0.1956853898782439,14.250000000000057,23.150000000000034,8.899999999999977,0.2808988764044951,-4.149999999999977,6.750000000000057,10.900000000000034,0.34862385321100914,2.246,6.402,4.156000000000001,0.26997112608277185,1.4883619723683696,0.45452570349180704,-0.4634668900991552,16.757627118644105,1.0275817416826232,-0.007422396033973454,0.8127118644068132,2.0892396936361455,-0.5565239201363139,3.8779237288135593,0.780915714470739,-0.652981774299621
Acer pseudoplatanus,119791,53.2624043,7.9312601997,223298185,223298185,"c(7.9312601997, 53.2624043)",1,1.3467470407485962,16.55000000000001,-0.3499999999999659,3.541,1.3467470407485962,16.55000000000001,-0.3499999999999659,3.541,Acer_pseudoplatanus,0.8229967355728149,3.1466634273529053,2.3236666917800903,0.2253982066483692,14.250000000000057,23.150000000000034,8.899999999999977,0.25842696629213036,-4.149999999999977,6.750000000000057,10.900000000000034,0.34862385321100914,2.246,6.402,4.156000000000001,0.3115976900866217,1.4883619723683696,0.45452570349180704,-0.311566387845272,16.757627118644105,1.0275817416826232,-0.20205411425869943,0.8127118644068132,2.0892396936361455,-0.5565239201363139,3.8779237288135593,0.780915714470739,-0.4314469827795787
Acer pseudoplatanus,119791,53.1389916667,8.2223777778,223376794,223376794,"c(8.2223777778, 53.1389916667)",1,1.2787907123565674,16.750000000000057,-0.3499999999999659,3.136,1.2787907123565674,16.750000000000057,-0.3499999999999659,3.136,Acer_pseudoplatanus,0.8229967355728149,3.1466634273529053,2.3236666917800903,0.1961529071256698,14.250000000000057,23.150000000000034,8.899999999999977,0.2808988764044951,-4.149999999999977,6.750000000000057,10.900000000000034,0.34862385321100914,2.246,6.402,4.156000000000001,0.21414821944177093,1.4883619723683696,0.45452570349180704,-0.46107680688201136,16.757627118644105,1.0275817416826232,-0.007422396033973454,0.8127118644068132,2.0892396936361455,-0.5565239201363139,3.8779237288135593,0.780915714470739,-0.9500688935634923
Acer pseudoplatanus,119791,53.1130445,8.2160350997,224151102,224151102,"c(8.2160350997, 53.1130445)",1,1.263667345046997,16.850000000000023,-0.24999999999994316,3.501,1.263667345046997,16.850000000000023,-0.24999999999994316,3.501,Acer_pseudoplatanus,0.8229967355728149,3.1466634273529053,2.3236666917800903,0.18964450066485128,14.250000000000057,23.150000000000034,8.899999999999977,0.2921348314606711,-4.149999999999977,6.750000000000057,10.900000000000034,0.3577981651376167,2.246,6.402,4.156000000000001,0.301973051010587,1.4883619723683696,0.45452570349180704,-0.4943496607456937,16.757627118644105,1.0275817416826232,0.08989346307833422,0.8127118644068132,2.0892396936361455,-0.5086596179671448,3.8779237288135593,0.780915714470739,-0.4826688998940394
Acer pseudoplatanus,119791,53.1402933,8.1990912997,224842032,224842032,"c(8.1990912997, 53.1402933)",1,1.2777043581008911,16.750000000000057,-0.3499999999999659,3.368,1.2777043581008911,16.750000000000057,-0.3499999999999659,3.368,Acer_pseudoplatanus,0.8229967355728149,3.1466634273529053,2.3236666917800903,0.1956853898782439,14.250000000000057,23.150000000000034,8.899999999999977,0.2808988764044951,-4.149999999999977,6.750000000000057,10.900000000000034,0.34862385321100914,2.246,6.402,4.156000000000001,0.26997112608277185,1.4883619723683696,0.45452570349180704,-0.4634668900991552,16.757627118644105,1.0275817416826232,-0.007422396033973454,0.8127118644068132,2.0892396936361455,-0.5565239201363139,3.8779237288135593,0.780915714470739,-0.652981774299621
Acer pseudoplatanus,119791,53.139757,8.2001232997,224856022,224856022,"c(8.2001232997, 53.139757)",1,1.2778558731079102,16.750000000000057,-0.3499999999999659,3.218,1.2778558731079102,16.750000000000057,-0.3499999999999659,3.218,Acer_pseudoplatanus,0.8229967355728149,3.1466634273529053,2.3236666917800903,0.19575059501612146,14.250000000000057,23.150000000000034,8.899999999999977,0.2808988764044951,-4.149999999999977,6.750000000000057,10.900000000000034,0.34862385321100914,2.246,6.402,4.156000000000001,0.2338787295476419,1.4883619723683696,0.45452570349180704,-0.4631335425989917,16.757627118644105,1.0275817416826232,-0.007422396033973454,0.8127118644068132,2.0892396936361455,-0.5565239201363139,3.8779237288135593,0.780915714470739,-0.8450639634788483
Acer pseudoplatanus,119791,53.1398105,8.2003053,224857774,224857774,"c(8.2003053, 53.1398105)",1,1.2778558731079102,16.750000000000057,-0.3499999999999659,3.218,1.2778558731079102,16.750000000000057,-0.3499999999999659,3.218,Acer_pseudoplatanus,0.8229967355728149,3.1466634273529053,2.3236666917800903,0.19575059501612146,14.250000000000057,23.150000000000034,8.899999999999977,0.2808988764044951,-4.149999999999977,6.750000000000057,10.900000000000034,0.34862385321100914,2.246,6.402,4.156000000000001,0.2338787295476419,1.4883619723683696,0.45452570349180704,-0.4631335425989917,16.757627118644105,1.0275817416826232,-0.007422396033973454,0.8127118644068132,2.0892396936361455,-0.5565239201363139,3.8779237288135593,0.780915714470739,-0.8450639634788483
Acer pseudoplatanus,119791,53.1399790997,8.2000189997,224859186,224859186,"c(8.2000189997, 53.1399790997)",1,1.2778558731079102,16.750000000000057,-0.3499999999999659,3.218,1.2778558731079102,16.750000000000057,-0.3499999999999659,3.218,Acer_pseudoplatanus,0.8229967355728149,3.1466634273529053,2.3236666917800903,0.19575059501612146,14.250000000000057,23.150000000000034,8.899999999999977,0.2808988764044951,-4.149999999999977,6.750000000000057,10.900000000000034,0.34862385321100914,2.246,6.402,4.156000000000001,0.2338787295476419,1.4883619723683696,0.45452570349180704,-0.4631335425989917,16.757627118644105,1.0275817416826232,-0.007422396033973454,0.8127118644068132,2.0892396936361455,-0.5565239201363139,3.8779237288135593,0.780915714470739,-0.8450639634788483
Acer pseudoplatanus,119791,53.139745,8.201308,224863962,224863962,"c(8.201308, 53.139745)",1,1.2778558731079102,16.750000000000057,-0.3499999999999659,3.218,1.2778558731079102,16.750000000000057,-0.3499999999999659,3.218,Acer_pseudoplatanus,0.8229967355728149,3.1466634273529053,2.3236666917800903,0.19575059501612146,14.250000000000057,23.150000000000034,8.899999999999977,0.2808988764044951,-4.149999999999977,6.750000000000057,10.900000000000034,0.34862385321100914,2.246,6.402,4.156000000000001,0.2338787295476419,1.4883619723683696,0.45452570349180704,-0.4631335425989917,16.757627118644105,1.0275817416826232,-0.007422396033973454,0.8127118644068132,2.0892396936361455,-0.5565239201363139,3.8779237288135593,0.780915714470739,-0.8450639634788483
Acer pseudoplatanus,119791,53.1389694,8.2015878997,224866031,224866031,"c(8.2015878997, 53.1389694)",1,1.2778558731079102,16.750000000000057,-0.3499999999999659,3.218,1.2778558731079102,16.750000000000057,-0.3499999999999659,3.218,Acer_pseudoplatanus,0.8229967355728149,3.1466634273529053,2.3236666917800903,0.19575059501612146,14.250000000000057,23.150000000000034,8.899999999999977,0.2808988764044951,-4.149999999999977,6.750000000000057,10.900000000000034,0.34862385321100914,2.246,6.402,4.156000000000001,0.2338787295476419,1.4883619723683696,0.45452570349180704,-0.4631335425989917,16.757627118644105,1.0275817416826232,-0.007422396033973454,0.8127118644068132,2.0892396936361455,-0.5565239201363139,3.8779237288135593,0.780915714470739,-0.8450639634788483
Acer pseudoplatanus,119791,53.1124285,8.2155178,225265669,225265669,"c(8.2155178, 53.1124285)",1,1.263667345046997,16.850000000000023,-0.24999999999994316,3.501,1.263667345046997,16.850000000000023,-0.24999999999994316,3.501,Acer_pseudoplatanus,0.8229967355728149,3.1466634273529053,2.3236666917800903,0.18964450066485128,14.250000000000057,23.150000000000034,8.899999999999977,0.2921348314606711,-4.149999999999977,6.750000000000057,10.900000000000034,0.3577981651376167,2.246,6.402,4.156000000000001,0.301973051010587,1.4883619723683696,0.45452570349180704,-0.4943496607456937,16.757627118644105,1.0275817416826232,0.08989346307833422,0.8127118644068132,2.0892396936361455,-0.5086596179671448,3.8779237288135593,0.780915714470739,-0.4826688998940394
Acer pseudoplatanus,119791,53.1386304997,8.2006864,225274332,225274332,"c(8.2006864, 53.1386304997)",1,1.2778558731079102,16.750000000000057,-0.3499999999999659,3.218,1.2778558731079102,16.750000000000057,-0.3499999999999659,3.218,Acer_pseudoplatanus,0.8229967355728149,3.1466634273529053,2.3236666917800903,0.19575059501612146,14.250000000000057,23.150000000000034,8.899999999999977,0.2808988764044951,-4.149999999999977,6.750000000000057,10.900000000000034,0.34862385321100914,2.246,6.402,4.156000000000001,0.2338787295476419,1.4883619723683696,0.45452570349180704,-0.4631335425989917,16.757627118644105,1.0275817416826232,-0.007422396033973454,0.8127118644068132,2.0892396936361455,-0.5565239201363139,3.8779237288135593,0.780915714470739,-0.8450639634788483
Acer pseudoplatanus,119791,53.1386785997,8.2000752997,225275054,225275054,"c(8.2000752997, 53.1386785997)",1,1.2778558731079102,16.750000000000057,-0.3499999999999659,3.218,1.2778558731079102,16.750000000000057,-0.3499999999999659,3.218,Acer_pseudoplatanus,0.8229967355728149,3.1466634273529053,2.3236666917800903,0.19575059501612146,14.250000000000057,23.150000000000034,8.899999999999977,0.2808988764044951,-4.149999999999977,6.750000000000057,10.900000000000034,0.34862385321100914,2.246,6.402,4.156000000000001,0.2338787295476419,1.4883619723683696,0.45452570349180704,-0.4631335425989917,16.757627118644105,1.0275817416826232,-0.007422396033973454,0.8127118644068132,2.0892396936361455,-0.5565239201363139,3.8779237288135593,0.780915714470739,-0.8450639634788483
Acer pseudoplatanus,119791,53.0614363997,8.8607724997,228209810,228209810,"c(8.8607724997, 53.0614363997)",1,1.1792621612548828,17.05000000000001,-0.44999999999998863,3.5260000000000002,1.1792621612548828,17.05000000000001,-0.44999999999998863,3.5260000000000002,Acer_pseudoplatanus,0.8229967355728149,3.1466634273529053,2.3236666917800903,0.1533203651549284,14.250000000000057,23.150000000000034,8.899999999999977,0.3146067415730294,-4.149999999999977,6.750000000000057,10.900000000000034,0.3394495412844016,2.246,6.402,4.156000000000001,0.3079884504331088,1.4883619723683696,0.45452570349180704,-0.6800491341609208,16.757627118644105,1.0275817416826232,0.28452518130300486,0.8127118644068132,2.0892396936361455,-0.604388222305483,3.8779237288135593,0.780915714470739,-0.45065520169750106
Acer pseudoplatanus,119791,53.1909283304,8.2134957518,239919773,239919773,"c(8.2134957518, 53.1909283304)",1,1.3262420892715454,16.650000000000034,-0.3499999999999659,3.584,1.3262420892715454,16.650000000000034,-0.3499999999999659,3.584,Acer_pseudoplatanus,0.8229967355728149,3.1466634273529053,2.3236666917800903,0.2165738121904263,14.250000000000057,23.150000000000034,8.899999999999977,0.26966292134831277,-4.149999999999977,6.750000000000057,10.900000000000034,0.34862385321100914,2.246,6.402,4.156000000000001,0.321944177093359,1.4883619723683696,0.45452570349180704,-0.35667924135284135,16.757627118644105,1.0275817416826232,-0.10473825514633645,0.8127118644068132,2.0892396936361455,-0.5565239201363139,3.8779237288135593,0.780915714470739,-0.37638342188153334
Acer pseudoplatanus,119791,53.1696165473,8.2360740884,241234637,241234637,"c(8.2360740884, 53.1696165473)",1,1.3141425848007202,16.650000000000034,-0.3499999999999659,3.854,1.3141425848007202,16.650000000000034,-0.3499999999999659,3.854,Acer_pseudoplatanus,0.8229967355728149,3.1466634273529053,2.3236666917800903,0.21136673816658852,14.250000000000057,23.150000000000034,8.899999999999977,0.26966292134831277,-4.149999999999977,6.750000000000057,10.900000000000034,0.34862385321100914,2.246,6.402,4.156000000000001,0.38691049085659285,1.4883619723683696,0.45452570349180704,-0.38329930789225386,16.757627118644105,1.0275817416826232,-0.10473825514633645,0.8127118644068132,2.0892396936361455,-0.5565239201363139,3.8779237288135593,0.780915714470739,-0.03063548135892407
Acer pseudoplatanus,119791,53.1676501076,8.2482566818,241241331,241241331,"c(8.2482566818, 53.1676501076)",1,1.3145358562469482,16.650000000000034,-0.3499999999999659,4.371,1.3145358562469482,16.650000000000034,-0.3499999999999659,4.371,Acer_pseudoplatanus,0.8229967355728149,3.1466634273529053,2.3236666917800903,0.21153598423256656,14.250000000000057,23.150000000000034,8.899999999999977,0.26966292134831277,-4.149999999999977,6.750000000000057,10.900000000000034,0.34862385321100914,2.246,6.402,4.156000000000001,0.5113089509143407,1.4883619723683696,0.45452570349180704,-0.38243407311409544,16.757627118644105,1.0275817416826232,-0.10473825514633645,0.8127118644068132,2.0892396936361455,-0.5565239201363139,3.8779237288135593,0.780915714470739,0.63140779734548
Acer pseudoplatanus,119791,53.1696961881,8.2379374829,241599212,241599212,"c(8.2379374829, 53.1696961881)",1,1.3141425848007202,16.650000000000034,-0.3499999999999659,3.854,1.3141425848007202,16.650000000000034,-0.3499999999999659,3.854,Acer_pseudoplatanus,0.8229967355728149,3.1466634273529053,2.3236666917800903,0.21136673816658852,14.250000000000057,23.150000000000034,8.899999999999977,0.26966292134831277,-4.149999999999977,6.750000000000057,10.900000000000034,0.34862385321100914,2.246,6.402,4.156000000000001,0.38691049085659285,1.4883619723683696,0.45452570349180704,-0.38329930789225386,16.757627118644105,1.0275817416826232,-0.10473825514633645,0.8127118644068132,2.0892396936361455,-0.5565239201363139,3.8779237288135593,0.780915714470739,-0.03063548135892407
Acer pseudoplatanus,119791,53.1695652942,8.2379820833,241600858,241600858,"c(8.2379820833, 53.1695652942)",1,1.3141425848007202,16.650000000000034,-0.3499999999999659,3.854,1.3141425848007202,16.650000000000034,-0.3499999999999659,3.854,Acer_pseudoplatanus,0.8229967355728149,3.1466634273529053,2.3236666917800903,0.21136673816658852,14.250000000000057,23.150000000000034,8.899999999999977,0.26966292134831277,-4.149999999999977,6.750000000000057,10.900000000000034,0.34862385321100914,2.246,6.402,4.156000000000001,0.38691049085659285,1.4883619723683696,0.45452570349180704,-0.38329930789225386,16.757627118644105,1.0275817416826232,-0.10473825514633645,0.8127118644068132,2.0892396936361455,-0.5565239201363139,3.8779237288135593,0.780915714470739,-0.03063548135892407
Acer pseudoplatanus,119791,53.1700748572,8.2405747882,241604940,241604940,"c(8.2405747882, 53.1700748572)",1,1.3141425848007202,16.650000000000034,-0.3499999999999659,3.854,1.3141425848007202,16.650000000000034,-0.3499999999999659,3.854,Acer_pseudoplatanus,0.8229967355728149,3.1466634273529053,2.3236666917800903,0.21136673816658852,14.250000000000057,23.150000000000034,8.899999999999977,0.26966292134831277,-4.149999999999977,6.750000000000057,10.900000000000034,0.34862385321100914,2.246,6.402,4.156000000000001,0.38691049085659285,1.4883619723683696,0.45452570349180704,-0.38329930789225386,16.757627118644105,1.0275817416826232,-0.10473825514633645,0.8127118644068132,2.0892396936361455,-0.5565239201363139,3.8779237288135593,0.780915714470739,-0.03063548135892407
Acer pseudoplatanus,119791,53.1608936762,8.236458683,242205221,242205221,"c(8.236458683, 53.1608936762)",1,1.302878499031067,16.750000000000057,-0.3499999999999659,3.428,1.302878499031067,16.750000000000057,-0.3499999999999659,3.428,Acer_pseudoplatanus,0.8229967355728149,3.1466634273529053,2.3236666917800903,0.20651919019015122,14.250000000000057,23.150000000000034,8.899999999999977,0.2808988764044951,-4.149999999999977,6.750000000000057,10.900000000000034,0.34862385321100914,2.246,6.402,4.156000000000001,0.2844080846968238,1.4883619723683696,0.45452570349180704,-0.40808137342368395,16.757627118644105,1.0275817416826232,-0.007422396033973454,0.8127118644068132,2.0892396936361455,-0.5565239201363139,3.8779237288135593,0.780915714470739,-0.57614889862793
Acer pseudoplatanus,119791,53.1608037701,8.2364001206,242211928,242211928,"c(8.2364001206, 53.1608037701)",1,1.302878499031067,16.750000000000057,-0.3499999999999659,3.428,1.302878499031067,16.750000000000057,-0.3499999999999659,3.428,Acer_pseudoplatanus,0.8229967355728149,3.1466634273529053,2.3236666917800903,0.20651919019015122,14.250000000000057,23.150000000000034,8.899999999999977,0.2808988764044951,-4.149999999999977,6.750000000000057,10.900000000000034,0.34862385321100914,2.246,6.402,4.156000000000001,0.2844080846968238,1.4883619723683696,0.45452570349180704,-0.40808137342368395,16.757627118644105,1.0275817416826232,-0.007422396033973454,0.8127118644068132,2.0892396936361455,-0.5565239201363139,3.8779237288135593,0.780915714470739,-0.57614889862793
Acer pseudoplatanus,119791,53.1640979213,8.2455884224,242220040,242220040,"c(8.2455884224, 53.1640979213)",1,1.304909586906433,16.650000000000034,-0.3499999999999659,3.613,1.304909586906433,16.650000000000034,-0.3499999999999659,3.613,Acer_pseudoplatanus,0.8229967355728149,3.1466634273529053,2.3236666917800903,0.2073932776324471,14.250000000000057,23.150000000000034,8.899999999999977,0.26966292134831277,-4.149999999999977,6.750000000000057,10.900000000000034,0.34862385321100914,2.246,6.402,4.156000000000001,0.32892204042348405,1.4883619723683696,0.45452570349180704,-0.40361278592739325,16.757627118644105,1.0275817416826232,-0.10473825514633645,0.8127118644068132,2.0892396936361455,-0.5565239201363139,3.8779237288135593,0.780915714470739,-0.3392475319735495
Acer pseudoplatanus,119791,53.1316057426,8.2498141021,243308073,243308073,"c(8.2498141021, 53.1316057426)",1,1.274079442024231,16.850000000000023,-0.3499999999999659,3.384,1.274079442024231,16.850000000000023,-0.3499999999999659,3.384,Acer_pseudoplatanus,0.8229967355728149,3.1466634273529053,2.3236666917800903,0.19412539158353012,14.250000000000057,23.150000000000034,8.899999999999977,0.2921348314606711,-4.149999999999977,6.750000000000057,10.900000000000034,0.34862385321100914,2.246,6.402,4.156000000000001,0.2738209817131857,1.4883619723683696,0.45452570349180704,-0.47144205200707906,16.757627118644105,1.0275817416826232,0.08989346307833422,0.8127118644068132,2.0892396936361455,-0.5565239201363139,3.8779237288135593,0.780915714470739,-0.6324930074538367
Acer pseudoplatanus,119791,53.0939205004,8.2540964542,243369675,243369675,"c(8.2540964542, 53.0939205004)",1,1.257765769958496,16.850000000000023,-0.24999999999994316,4.266,1.257765769958496,16.850000000000023,-0.24999999999994316,4.266,Acer_pseudoplatanus,0.8229967355728149,3.1466634273529053,2.3236666917800903,0.1871047323282918,14.250000000000057,23.150000000000034,8.899999999999977,0.2921348314606711,-4.149999999999977,6.750000000000057,10.900000000000034,0.3577981651376167,2.246,6.402,4.156000000000001,0.4860442733397497,1.4883619723683696,0.45452570349180704,-0.5073336901265697,16.757627118644105,1.0275817416826232,0.08989346307833422,0.8127118644068132,2.0892396936361455,-0.5086596179671448,3.8779237288135593,0.780915714470739,0.4969502649200203
Acer pseudoplatanus,119791,53.1265578624,8.221119477,243379593,243379593,"c(8.221119477, 53.1265578624)",1,1.273477554321289,16.750000000000057,-0.3499999999999659,3.265,1.273477554321289,16.750000000000057,-0.3499999999999659,3.265,Acer_pseudoplatanus,0.8229967355728149,3.1466634273529053,2.3236666917800903,0.1938663666101675,14.250000000000057,23.150000000000034,8.899999999999977,0.2808988764044951,-4.149999999999977,6.750000000000057,10.900000000000034,0.34862385321100914,2.246,6.402,4.156000000000001,0.24518768046198267,1.4883619723683696,0.45452570349180704,-0.4727662624935664,16.757627118644105,1.0275817416826232,-0.007422396033973454,0.8127118644068132,2.0892396936361455,-0.5565239201363139,3.8779237288135593,0.780915714470739,-0.7848782108693568
Acer pseudoplatanus,119791,53.1273717646,8.2263313042,243383951,243383951,"c(8.2263313042, 53.1273717646)",1,1.274537444114685,16.850000000000023,-0.3499999999999659,3.267,1.274537444114685,16.850000000000023,-0.3499999999999659,3.267,Acer_pseudoplatanus,0.8229967355728149,3.1466634273529053,2.3236666917800903,0.19432249476191377,14.250000000000057,23.150000000000034,8.899999999999977,0.2921348314606711,-4.149999999999977,6.750000000000057,10.900000000000034,0.34862385321100914,2.246,6.402,4.156000000000001,0.24566891241578434,1.4883619723683696,0.45452570349180704,-0.470434403623422,16.757627118644105,1.0275817416826232,0.08989346307833422,0.8127118644068132,2.0892396936361455,-0.5565239201363139,3.8779237288135593,0.780915714470739,-0.7823171150136341
Acer pseudoplatanus,119791,53.1204462494,8.215913376,243466933,243466933,"c(8.215913376, 53.1204462494)",1,1.2667630910873413,16.850000000000023,-0.24999999999994316,3.774,1.2667630910873413,16.850000000000023,-0.24999999999994316,3.774,Acer_pseudoplatanus,0.8229967355728149,3.1466634273529053,2.3236666917800903,0.1909767683482051,14.250000000000057,23.150000000000034,8.899999999999977,0.2921348314606711,-4.149999999999977,6.750000000000057,10.900000000000034,0.3577981651376167,2.246,6.402,4.156000000000001,0.3676612127045235,1.4883619723683696,0.45452570349180704,-0.48753872350592536,16.757627118644105,1.0275817416826232,0.08989346307833422,0.8127118644068132,2.0892396936361455,-0.5086596179671448,3.8779237288135593,0.780915714470739,-0.13307931558784541
Acer pseudoplatanus,119791,53.1386959302,8.1993153409,243739307,243739307,"c(8.1993153409, 53.1386959302)",1,1.2777043581008911,16.750000000000057,-0.3499999999999659,3.368,1.2777043581008911,16.750000000000057,-0.3499999999999659,3.368,Acer_pseudoplatanus,0.8229967355728149,3.1466634273529053,2.3236666917800903,0.1956853898782439,14.250000000000057,23.150000000000034,8.899999999999977,0.2808988764044951,-4.149999999999977,6.750000000000057,10.900000000000034,0.34862385321100914,2.246,6.402,4.156000000000001,0.26997112608277185,1.4883619723683696,0.45452570349180704,-0.4634668900991552,16.757627118644105,1.0275817416826232,-0.007422396033973454,0.8127118644068132,2.0892396936361455,-0.5565239201363139,3.8779237288135593,0.780915714470739,-0.652981774299621
Acer pseudoplatanus,119791,53.1376403495,8.2082750818,243748470,243748470,"c(8.2082750818, 53.1376403495)",1,1.2799071073532104,16.750000000000057,-0.3499999999999659,3.309,1.2799071073532104,16.750000000000057,-0.3499999999999659,3.309,Acer_pseudoplatanus,0.8229967355728149,3.1466634273529053,2.3236666917800903,0.19663335253575906,14.250000000000057,23.150000000000034,8.899999999999977,0.2808988764044951,-4.149999999999977,6.750000000000057,10.900000000000034,0.34862385321100914,2.246,6.402,4.156000000000001,0.25577478344562077,1.4883619723683696,0.45452570349180704,-0.4586206311628681,16.757627118644105,1.0275817416826232,-0.007422396033973454,0.8127118644068132,2.0892396936361455,-0.5565239201363139,3.8779237288135593,0.780915714470739,-0.72853410204345
Acer pseudoplatanus,119791,-43.5272221167,172.63692255,244567177,244567177,"c(172.63692255, -43.5272221167)",1,0.8229967355728149,16.450000000000045,3.150000000000034,2.326,0.8229967355728149,16.450000000000045,3.150000000000034,2.326,Acer_pseudoplatanus,0.8229967355728149,3.1466634273529053,2.3236666917800903,0,14.250000000000057,23.150000000000034,8.899999999999977,0.2471910112359544,-4.149999999999977,6.750000000000057,10.900000000000034,0.6697247706422008,2.246,6.402,4.156000000000001,0.01924927815206931,1.4883619723683696,0.45452570349180704,-1.4638671293702714,16.757627118644105,1.0275817416826232,-0.2993699733710071,0.8127118644068132,2.0892396936361455,1.1187266557842237,3.8779237288135593,0.780915714470739,-1.9873127151313201
Acer pseudoplatanus,119791,53.141271,8.197553,244881454,244881454,"c(8.197553, 53.141271)",1,1.2777043581008911,16.750000000000057,-0.3499999999999659,3.368,1.2777043581008911,16.750000000000057,-0.3499999999999659,3.368,Acer_pseudoplatanus,0.8229967355728149,3.1466634273529053,2.3236666917800903,0.1956853898782439,14.250000000000057,23.150000000000034,8.899999999999977,0.2808988764044951,-4.149999999999977,6.750000000000057,10.900000000000034,0.34862385321100914,2.246,6.402,4.156000000000001,0.26997112608277185,1.4883619723683696,0.45452570349180704,-0.4634668900991552,16.757627118644105,1.0275817416826232,-0.007422396033973454,0.8127118644068132,2.0892396936361455,-0.5565239201363139,3.8779237288135593,0.780915714470739,-0.652981774299621
Acer pseudoplatanus,119791,54.5071472222,9.1889111111,273891365,273891365,"c(9.1889111111, 54.5071472222)",1,1.5235919952392578,15.950000000000045,-0.8499999999999659,5.1770000000000005,1.5235919952392578,15.950000000000045,-0.8499999999999659,5.1770000000000005,Acer_pseudoplatanus,0.8229967355728149,3.1466634273529053,2.3236666917800903,0.30150419685610685,14.250000000000057,23.150000000000034,8.899999999999977,0.1910112359550554,-4.149999999999977,6.750000000000057,10.900000000000034,0.3027522935779817,2.246,6.402,4.156000000000001,0.7052454282964389,1.4883619723683696,0.45452570349180704,0.07750941827984696,16.757627118644105,1.0275817416826232,-0.7859492689327114,0.8127118644068132,2.0892396936361455,-0.7958454309821049,3.8779237288135593,0.780915714470739,1.663529427201862
Acer pseudoplatanus,119791,50.582448,8.673184,275093091,275093091,"c(8.673184, 50.582448)",1,0.9684709310531616,17.850000000000023,-1.6499999999999773,2.246,0.9684709310531616,17.850000000000023,-1.6499999999999773,2.246,Acer_pseudoplatanus,0.8229967355728149,3.1466634273529053,2.3236666917800903,0.06260544853311269,14.250000000000057,23.150000000000034,8.899999999999977,0.4044943820224691,-4.149999999999977,6.750000000000057,10.900000000000034,0.2293577981651369,2.246,6.402,4.156000000000001,0,1.4883619723683696,0.45452570349180704,-1.1438099920889935,16.757627118644105,1.0275817416826232,1.0630520542017428,0.8127118644068132,2.0892396936361455,-1.178759848335376,3.8779237288135593,0.780915714470739,-2.0897565493602417
Acer pseudoplatanus,119791,52.1279111111,4.4653444444,277715331,277715331,"c(4.4653444444, 52.1279111111)",1,1.6052299737930298,16.650000000000034,1.5500000000000114,3.761,1.6052299737930298,16.650000000000034,1.5500000000000114,3.761,Acer_pseudoplatanus,0.8229967355728149,3.1466634273529053,2.3236666917800903,0.3366374536362484,14.250000000000057,23.150000000000034,8.899999999999977,0.26966292134831277,-4.149999999999977,6.750000000000057,10.900000000000034,0.5229357798165111,2.246,6.402,4.156000000000001,0.3645332050048123,1.4883619723683696,0.45452570349180704,0.2571207756279656,16.757627118644105,1.0275817416826232,-0.10473825514633645,0.8127118644068132,2.0892396936361455,0.3528978210776813,3.8779237288135593,0.780915714470739,-0.149726438650045
Acer pseudoplatanus,119791,52.158825,4.5303944444,278332240,278332240,"c(4.5303944444, 52.158825)",1,1.6288158893585205,16.650000000000034,1.5500000000000114,3.218,1.6288158893585205,16.650000000000034,1.5500000000000114,3.218,Acer_pseudoplatanus,0.8229967355728149,3.1466634273529053,2.3236666917800903,0.346787754300679,14.250000000000057,23.150000000000034,8.899999999999977,0.26966292134831277,-4.149999999999977,6.750000000000057,10.900000000000034,0.5229357798165111,2.246,6.402,4.156000000000001,0.2338787295476419,1.4883619723683696,0.45452570349180704,0.3090120446679702,16.757627118644105,1.0275817416826232,-0.10473825514633645,0.8127118644068132,2.0892396936361455,0.3528978210776813,3.8779237288135593,0.780915714470739,-0.8450639634788483
Acer pseudoplatanus,119791,52.1589361111,4.5305083333,278674087,278674087,"c(4.5305083333, 52.1589361111)",1,1.6288158893585205,16.650000000000034,1.5500000000000114,3.218,1.6288158893585205,16.650000000000034,1.5500000000000114,3.218,Acer_pseudoplatanus,0.8229967355728149,3.1466634273529053,2.3236666917800903,0.346787754300679,14.250000000000057,23.150000000000034,8.899999999999977,0.26966292134831277,-4.149999999999977,6.750000000000057,10.900000000000034,0.5229357798165111,2.246,6.402,4.156000000000001,0.2338787295476419,1.4883619723683696,0.45452570349180704,0.3090120446679702,16.757627118644105,1.0275817416826232,-0.10473825514633645,0.8127118644068132,2.0892396936361455,0.3528978210776813,3.8779237288135593,0.780915714470739,-0.8450639634788483
Acer pseudoplatanus,119791,52.1589555556,4.5305277778,278675447,278675447,"c(4.5305277778, 52.1589555556)",1,1.6288158893585205,16.650000000000034,1.5500000000000114,3.218,1.6288158893585205,16.650000000000034,1.5500000000000114,3.218,Acer_pseudoplatanus,0.8229967355728149,3.1466634273529053,2.3236666917800903,0.346787754300679,14.250000000000057,23.150000000000034,8.899999999999977,0.26966292134831277,-4.149999999999977,6.750000000000057,10.900000000000034,0.5229357798165111,2.246,6.402,4.156000000000001,0.2338787295476419,1.4883619723683696,0.45452570349180704,0.3090120446679702,16.757627118644105,1.0275817416826232,-0.10473825514633645,0.8127118644068132,2.0892396936361455,0.3528978210776813,3.8779237288135593,0.780915714470739,-0.8450639634788483
Acer pseudoplatanus,119791,52.1591416667,4.5306916667,278678051,278678051,"c(4.5306916667, 52.1591416667)",1,1.6288158893585205,16.650000000000034,1.5500000000000114,3.218,1.6288158893585205,16.650000000000034,1.5500000000000114,3.218,Acer_pseudoplatanus,0.8229967355728149,3.1466634273529053,2.3236666917800903,0.346787754300679,14.250000000000057,23.150000000000034,8.899999999999977,0.26966292134831277,-4.149999999999977,6.750000000000057,10.900000000000034,0.5229357798165111,2.246,6.402,4.156000000000001,0.2338787295476419,1.4883619723683696,0.45452570349180704,0.3090120446679702,16.757627118644105,1.0275817416826232,-0.10473825514633645,0.8127118644068132,2.0892396936361455,0.3528978210776813,3.8779237288135593,0.780915714470739,-0.8450639634788483
Acer pseudoplatanus,119791,52.379525,4.5885111111,279877274,279877274,"c(4.5885111111, 52.379525)",1,1.9721384048461914,16.450000000000045,2.0500000000000114,3.295,1.9721384048461914,16.450000000000045,2.0500000000000114,3.295,Acer_pseudoplatanus,0.8229967355728149,3.1466634273529053,2.3236666917800903,0.4945380821347721,14.250000000000057,23.150000000000034,8.899999999999977,0.2471910112359544,-4.149999999999977,6.750000000000057,10.900000000000034,0.5688073394495384,2.246,6.402,4.156000000000001,0.2524061597690086,1.4883619723683696,0.45452570349180704,1.0643544001170926,16.757627118644105,1.0275817416826232,-0.2993699733710071,0.8127118644068132,2.0892396936361455,0.5922193319234724,3.8779237288135593,0.780915714470739,-0.7464617730335116
Acer pseudoplatanus,119791,52.3751972222,4.5871472222,279877277,279877277,"c(4.5871472222, 52.3751972222)",1,1.9721384048461914,16.450000000000045,2.0500000000000114,3.295,1.9721384048461914,16.450000000000045,2.0500000000000114,3.295,Acer_pseudoplatanus,0.8229967355728149,3.1466634273529053,2.3236666917800903,0.4945380821347721,14.250000000000057,23.150000000000034,8.899999999999977,0.2471910112359544,-4.149999999999977,6.750000000000057,10.900000000000034,0.5688073394495384,2.246,6.402,4.156000000000001,0.2524061597690086,1.4883619723683696,0.45452570349180704,1.0643544001170926,16.757627118644105,1.0275817416826232,-0.2993699733710071,0.8127118644068132,2.0892396936361455,0.5922193319234724,3.8779237288135593,0.780915714470739,-0.7464617730335116
Acer pseudoplatanus,119791,52.3854166667,4.6087666667,279878672,279878672,"c(4.6087666667, 52.3854166667)",1,1.9354627132415771,16.55000000000001,2.150000000000034,3.281,1.9354627132415771,16.55000000000001,2.150000000000034,3.281,Acer_pseudoplatanus,0.8229967355728149,3.1466634273529053,2.3236666917800903,0.47875453979870747,14.250000000000057,23.150000000000034,8.899999999999977,0.25842696629213036,-4.149999999999977,6.750000000000057,10.900000000000034,0.577981651376146,2.246,6.402,4.156000000000001,0.24903753609239654,1.4883619723683696,0.45452570349180704,0.9836643724181962,16.757627118644105,1.0275817416826232,-0.20205411425869943,0.8127118644068132,2.0892396936361455,0.6400836340926415,3.8779237288135593,0.780915714470739,-0.7643894440235726
Acer pseudoplatanus,119791,52.3854305556,4.6087361111,279878674,279878674,"c(4.6087361111, 52.3854305556)",1,1.9354627132415771,16.55000000000001,2.150000000000034,3.281,1.9354627132415771,16.55000000000001,2.150000000000034,3.281,Acer_pseudoplatanus,0.8229967355728149,3.1466634273529053,2.3236666917800903,0.47875453979870747,14.250000000000057,23.150000000000034,8.899999999999977,0.25842696629213036,-4.149999999999977,6.750000000000057,10.900000000000034,0.577981651376146,2.246,6.402,4.156000000000001,0.24903753609239654,1.4883619723683696,0.45452570349180704,0.9836643724181962,16.757627118644105,1.0275817416826232,-0.20205411425869943,0.8127118644068132,2.0892396936361455,0.6400836340926415,3.8779237288135593,0.780915714470739,-0.7643894440235726
Acer pseudoplatanus,119791,52.3853638889,4.6088722222,279879923,279879923,"c(4.6088722222, 52.3853638889)",1,1.9354627132415771,16.55000000000001,2.150000000000034,3.281,1.9354627132415771,16.55000000000001,2.150000000000034,3.281,Acer_pseudoplatanus,0.8229967355728149,3.1466634273529053,2.3236666917800903,0.47875453979870747,14.250000000000057,23.150000000000034,8.899999999999977,0.25842696629213036,-4.149999999999977,6.750000000000057,10.900000000000034,0.577981651376146,2.246,6.402,4.156000000000001,0.24903753609239654,1.4883619723683696,0.45452570349180704,0.9836643724181962,16.757627118644105,1.0275817416826232,-0.20205411425869943,0.8127118644068132,2.0892396936361455,0.6400836340926415,3.8779237288135593,0.780915714470739,-0.7643894440235726
Acer pseudoplatanus,119791,51.2204805556,2.9223694444,280955939,280955939,"c(2.9223694444, 51.2204805556)",1,1.8116227388381958,16.950000000000045,3.0500000000000114,3.481,1.8116227388381958,16.950000000000045,3.0500000000000114,3.481,Acer_pseudoplatanus,0.8229967355728149,3.1466634273529053,2.3236666917800903,0.42545947177476845,14.250000000000057,23.150000000000034,8.899999999999977,0.30337078651685345,-4.149999999999977,6.750000000000057,10.900000000000034,0.6605504587155933,2.246,6.402,4.156000000000001,0.2971607314725697,1.4883619723683696,0.45452570349180704,0.7112045897216306,16.757627118644105,1.0275817416826232,0.18720932219069722,0.8127118644068132,2.0892396936361455,1.0708623536150546,3.8779237288135593,0.780915714470739,-0.5082798584512698
Acer pseudoplatanus,119791,51.2204805556,2.9228305556,280956582,280956582,"c(2.9228305556, 51.2204805556)",1,1.8116227388381958,16.950000000000045,3.0500000000000114,3.481,1.8116227388381958,16.950000000000045,3.0500000000000114,3.481,Acer_pseudoplatanus,0.8229967355728149,3.1466634273529053,2.3236666917800903,0.42545947177476845,14.250000000000057,23.150000000000034,8.899999999999977,0.30337078651685345,-4.149999999999977,6.750000000000057,10.900000000000034,0.6605504587155933,2.246,6.402,4.156000000000001,0.2971607314725697,1.4883619723683696,0.45452570349180704,0.7112045897216306,16.757627118644105,1.0275817416826232,0.18720932219069722,0.8127118644068132,2.0892396936361455,1.0708623536150546,3.8779237288135593,0.780915714470739,-0.5082798584512698
Acer pseudoplatanus,119791,51.1388138889,2.7159,281559079,281559079,"c(2.7159, 51.1388138889)",1,1.5412136316299438,16.850000000000023,2.750000000000057,4.057,1.5412136316299438,16.850000000000023,2.750000000000057,4.057,Acer_pseudoplatanus,0.8229967355728149,3.1466634273529053,2.3236666917800903,0.30908774420952984,14.250000000000057,23.150000000000034,8.899999999999977,0.2921348314606711,-4.149999999999977,6.750000000000057,10.900000000000034,0.633027522935781,2.246,6.402,4.156000000000001,0.43575553416746876,1.4883619723683696,0.45452570349180704,0.1162787029546435,16.757627118644105,1.0275817416826232,0.08989346307833422,0.8127118644068132,2.0892396936361455,0.9272694471076016,3.8779237288135593,0.780915714470739,0.229315747996964
Acer pseudoplatanus,119791,51.1313138889,2.7004138889,282003244,282003244,"c(2.7004138889, 51.1313138889)",1,1.5147943496704102,16.850000000000023,2.650000000000034,4.216,1.5147943496704102,16.850000000000023,2.650000000000034,4.216,Acer_pseudoplatanus,0.8229967355728149,3.1466634273529053,2.3236666917800903,0.29771809207611877,14.250000000000057,23.150000000000034,8.899999999999977,0.2921348314606711,-4.149999999999977,6.750000000000057,10.900000000000034,0.6238532110091735,2.246,6.402,4.156000000000001,0.47401347449470643,1.4883619723683696,0.45452570349180704,0.05815375698003174,16.757627118644105,1.0275817416826232,0.08989346307833422,0.8127118644068132,2.0892396936361455,0.8794051449384326,3.8779237288135593,0.780915714470739,0.4329228685269448
Acer pseudoplatanus,119791,51.5803861111,3.5624166667,282003826,282003826,"c(3.5624166667, 51.5803861111)",1,1.5677646398544312,16.950000000000045,2.3500000000000227,4.421,1.5677646398544312,16.950000000000045,2.3500000000000227,4.421,Acer_pseudoplatanus,0.8229967355728149,3.1466634273529053,2.3236666917800903,0.3205140853101751,14.250000000000057,23.150000000000034,8.899999999999977,0.30337078651685345,-4.149999999999977,6.750000000000057,10.900000000000034,0.5963302752293559,2.246,6.402,4.156000000000001,0.523339749759384,1.4883619723683696,0.45452570349180704,0.17469345930508584,16.757627118644105,1.0275817416826232,0.18720932219069722,0.8127118644068132,2.0892396936361455,0.7358122384309524,3.8779237288135593,0.780915714470739,0.6954351937385556
Acer pseudoplatanus,119791,51.5804555556,3.5623027778,282003829,282003829,"c(3.5623027778, 51.5804555556)",1,1.5677646398544312,16.950000000000045,2.3500000000000227,4.421,1.5677646398544312,16.950000000000045,2.3500000000000227,4.421,Acer_pseudoplatanus,0.8229967355728149,3.1466634273529053,2.3236666917800903,0.3205140853101751,14.250000000000057,23.150000000000034,8.899999999999977,0.30337078651685345,-4.149999999999977,6.750000000000057,10.900000000000034,0.5963302752293559,2.246,6.402,4.156000000000001,0.523339749759384,1.4883619723683696,0.45452570349180704,0.17469345930508584,16.757627118644105,1.0275817416826232,0.18720932219069722,0.8127118644068132,2.0892396936361455,0.7358122384309524,3.8779237288135593,0.780915714470739,0.6954351937385556
Acer pseudoplatanus,119791,51.6889222222,4.2147222222,282005655,282005655,"c(4.2147222222, 51.6889222222)",1,1.3044044971466064,17.150000000000034,1.0500000000000114,4.096,1.3044044971466064,17.150000000000034,1.0500000000000114,4.096,Acer_pseudoplatanus,0.8229967355728149,3.1466634273529053,2.3236666917800903,0.20717591007211092,14.250000000000057,23.150000000000034,8.899999999999977,0.3258426966292118,-4.149999999999977,6.750000000000057,10.900000000000034,0.4770642201834837,2.246,6.402,4.156000000000001,0.4451395572666025,1.4883619723683696,0.45452570349180704,-0.404724031685216,16.757627118644105,1.0275817416826232,0.38184104041536787,0.8127118644068132,2.0892396936361455,0.11357631023189023,3.8779237288135593,0.780915714470739,0.2792571171835627
Acer pseudoplatanus,119791,52.1563638889,4.5228361111,282013189,282013189,"c(4.5228361111, 52.1563638889)",1,1.620045781135559,16.650000000000034,1.4500000000000455,3.202,1.620045781135559,16.650000000000034,1.4500000000000455,3.202,Acer_pseudoplatanus,0.8229967355728149,3.1466634273529053,2.3236666917800903,0.3430135003364657,14.250000000000057,23.150000000000034,8.899999999999977,0.26966292134831277,-4.149999999999977,6.750000000000057,10.900000000000034,0.5137614678899087,2.246,6.402,4.156000000000001,0.23002887391722807,1.4883619723683696,0.45452570349180704,0.28971696816165443,16.757627118644105,1.0275817416826232,-0.10473825514633645,0.8127118644068132,2.0892396936361455,0.3050335189085394,3.8779237288135593,0.780915714470739,-0.8655527303246325
Acer pseudoplatanus,119791,51.969325,4.6209833333,282013201,282013201,"c(4.6209833333, 51.969325)",1,1.3613848686218262,16.950000000000045,0.7500000000000568,3.344,1.3613848686218262,16.950000000000045,0.7500000000000568,3.344,Acer_pseudoplatanus,0.8229967355728149,3.1466634273529053,2.3236666917800903,0.2316976591150293,14.250000000000057,23.150000000000034,8.899999999999977,0.30337078651685345,-4.149999999999977,6.750000000000057,10.900000000000034,0.44954128440367147,2.246,6.402,4.156000000000001,0.264196342637151,1.4883619723683696,0.45452570349180704,-0.2793617671587461,16.757627118644105,1.0275817416826232,0.18720932219069722,0.8127118644068132,2.0892396936361455,-0.03001659627556264,3.8779237288135593,0.780915714470739,-0.6837149245682974
Acer pseudoplatanus,119791,51.0882833333,2.5938805556,282920270,282920270,"c(2.5938805556, 51.0882833333)",1,1.3664231300354004,16.950000000000045,2.3500000000000227,3.86,1.3664231300354004,16.950000000000045,2.3500000000000227,3.86,Acer_pseudoplatanus,0.8229967355728149,3.1466634273529053,2.3236666917800903,0.23386589668171515,14.250000000000057,23.150000000000034,8.899999999999977,0.30337078651685345,-4.149999999999977,6.750000000000057,10.900000000000034,0.5963302752293559,2.246,6.402,4.156000000000001,0.388354186717998,1.4883619723683696,0.45452570349180704,-0.2682771103948519,16.757627118644105,1.0275817416826232,0.18720932219069722,0.8127118644068132,2.0892396936361455,0.7358122384309524,3.8779237288135593,0.780915714470739,-0.022952193791755254
Acer pseudoplatanus,119791,51.0882944444,2.5938472222,282920271,282920271,"c(2.5938472222, 51.0882944444)",1,1.3664231300354004,16.950000000000045,2.3500000000000227,3.86,1.3664231300354004,16.950000000000045,2.3500000000000227,3.86,Acer_pseudoplatanus,0.8229967355728149,3.1466634273529053,2.3236666917800903,0.23386589668171515,14.250000000000057,23.150000000000034,8.899999999999977,0.30337078651685345,-4.149999999999977,6.750000000000057,10.900000000000034,0.5963302752293559,2.246,6.402,4.156000000000001,0.388354186717998,1.4883619723683696,0.45452570349180704,-0.2682771103948519,16.757627118644105,1.0275817416826232,0.18720932219069722,0.8127118644068132,2.0892396936361455,0.7358122384309524,3.8779237288135593,0.780915714470739,-0.022952193791755254
Acer pseudoplatanus,119791,51.0881388889,2.5941138889,282922340,282922340,"c(2.5941138889, 51.0881388889)",1,1.3664231300354004,16.950000000000045,2.3500000000000227,3.86,1.3664231300354004,16.950000000000045,2.3500000000000227,3.86,Acer_pseudoplatanus,0.8229967355728149,3.1466634273529053,2.3236666917800903,0.23386589668171515,14.250000000000057,23.150000000000034,8.899999999999977,0.30337078651685345,-4.149999999999977,6.750000000000057,10.900000000000034,0.5963302752293559,2.246,6.402,4.156000000000001,0.388354186717998,1.4883619723683696,0.45452570349180704,-0.2682771103948519,16.757627118644105,1.0275817416826232,0.18720932219069722,0.8127118644068132,2.0892396936361455,0.7358122384309524,3.8779237288135593,0.780915714470739,-0.022952193791755254
Acer pseudoplatanus,119791,51.0882388889,2.5940805556,282922342,282922342,"c(2.5940805556, 51.0882388889)",1,1.3664231300354004,16.950000000000045,2.3500000000000227,3.86,1.3664231300354004,16.950000000000045,2.3500000000000227,3.86,Acer_pseudoplatanus,0.8229967355728149,3.1466634273529053,2.3236666917800903,0.23386589668171515,14.250000000000057,23.150000000000034,8.899999999999977,0.30337078651685345,-4.149999999999977,6.750000000000057,10.900000000000034,0.5963302752293559,2.246,6.402,4.156000000000001,0.388354186717998,1.4883619723683696,0.45452570349180704,-0.2682771103948519,16.757627118644105,1.0275817416826232,0.18720932219069722,0.8127118644068132,2.0892396936361455,0.7358122384309524,3.8779237288135593,0.780915714470739,-0.022952193791755254
Acer pseudoplatanus,119791,51.0883416667,2.5937388889,282924837,282924837,"c(2.5937388889, 51.0883416667)",1,1.3664231300354004,16.950000000000045,2.3500000000000227,3.86,1.3664231300354004,16.950000000000045,2.3500000000000227,3.86,Acer_pseudoplatanus,0.8229967355728149,3.1466634273529053,2.3236666917800903,0.23386589668171515,14.250000000000057,23.150000000000034,8.899999999999977,0.30337078651685345,-4.149999999999977,6.750000000000057,10.900000000000034,0.5963302752293559,2.246,6.402,4.156000000000001,0.388354186717998,1.4883619723683696,0.45452570349180704,-0.2682771103948519,16.757627118644105,1.0275817416826232,0.18720932219069722,0.8127118644068132,2.0892396936361455,0.7358122384309524,3.8779237288135593,0.780915714470739,-0.022952193791755254
Acer pseudoplatanus,119791,51.0882611111,2.5936027778,282930911,282930911,"c(2.5936027778, 51.0882611111)",1,1.3664231300354004,16.950000000000045,2.3500000000000227,3.86,1.3664231300354004,16.950000000000045,2.3500000000000227,3.86,Acer_pseudoplatanus,0.8229967355728149,3.1466634273529053,2.3236666917800903,0.23386589668171515,14.250000000000057,23.150000000000034,8.899999999999977,0.30337078651685345,-4.149999999999977,6.750000000000057,10.900000000000034,0.5963302752293559,2.246,6.402,4.156000000000001,0.388354186717998,1.4883619723683696,0.45452570349180704,-0.2682771103948519,16.757627118644105,1.0275817416826232,0.18720932219069722,0.8127118644068132,2.0892396936361455,0.7358122384309524,3.8779237288135593,0.780915714470739,-0.022952193791755254
Acer pseudoplatanus,119791,51.0872722222,2.5912472222,284746558,284746558,"c(2.5912472222, 51.0872722222)",1,1.3638745546340942,16.950000000000045,2.3500000000000227,4.125,1.3638745546340942,16.950000000000045,2.3500000000000227,4.125,Acer_pseudoplatanus,0.8229967355728149,3.1466634273529053,2.3236666917800903,0.2327691062468728,14.250000000000057,23.150000000000034,8.899999999999977,0.30337078651685345,-4.149999999999977,6.750000000000057,10.900000000000034,0.5963302752293559,2.246,6.402,4.156000000000001,0.45211742059672755,1.4883619723683696,0.45452570349180704,-0.27388421991963174,16.757627118644105,1.0275817416826232,0.18720932219069722,0.8127118644068132,2.0892396936361455,0.7358122384309524,3.8779237288135593,0.780915714470739,0.3163930070915466
Acer pseudoplatanus,119791,51.5247611111,6.2897416667,284753447,284753447,"c(6.2897416667, 51.5247611111)",1,1.166486382484436,17.650000000000034,0.25000000000005684,4.375,1.166486382484436,17.650000000000034,0.25000000000005684,4.375,Acer_pseudoplatanus,0.8229967355728149,3.1466634273529053,2.3236666917800903,0.14782225356446632,14.250000000000057,23.150000000000034,8.899999999999977,0.3820224719101108,-4.149999999999977,6.750000000000057,10.900000000000034,0.40366972477064406,2.246,6.402,4.156000000000001,0.5122714148219442,1.4883619723683696,0.45452570349180704,-0.7081570688108192,16.757627118644105,1.0275817416826232,0.8684203359770722,0.8127118644068132,2.0892396936361455,-0.2693381071213537,3.8779237288135593,0.780915714470739,0.6365299890569255
Acer pseudoplatanus,119791,51.1354611111,2.74175,287008066,287008066,"c(2.74175, 51.1354611111)",1,1.5422829389572144,16.850000000000023,2.750000000000057,3.73,1.5422829389572144,16.850000000000023,2.750000000000057,3.73,Acer_pseudoplatanus,0.8229967355728149,3.1466634273529053,2.3236666917800903,0.30954792523766655,14.250000000000057,23.150000000000034,8.899999999999977,0.2921348314606711,-4.149999999999977,6.750000000000057,10.900000000000034,0.633027522935781,2.246,6.402,4.156000000000001,0.35707410972088544,1.4883619723683696,0.45452570349180704,0.11863128129962104,16.757627118644105,1.0275817416826232,0.08989346307833422,0.8127118644068132,2.0892396936361455,0.9272694471076016,3.8779237288135593,0.780915714470739,-0.18942342441375218
Acer pseudoplatanus,119791,49.2934833333,-0.089925,292362790,292362790,"c(-0.089925, 49.2934833333)",1,1.125826358795166,17.55000000000001,2.8500000000000227,4.748,1.125826358795166,17.55000000000001,2.8500000000000227,4.748,Acer_pseudoplatanus,0.8229967355728149,3.1466634273529053,2.3236666917800903,0.13032403670182255,14.250000000000057,23.150000000000034,8.899999999999977,0.37078651685392844,-4.149999999999977,6.750000000000057,10.900000000000034,0.6422018348623834,2.246,6.402,4.156000000000001,0.6020211742059672,1.4883619723683696,0.45452570349180704,-0.7976130079951319,16.757627118644105,1.0275817416826232,0.7711044768647092,0.8127118644068132,2.0892396936361455,0.9751337492767437,3.8779237288135593,0.780915714470739,1.1141743661492711
Acer pseudoplatanus,119791,49.6323138889,-1.6155138889,294538222,294538222,"c(-1.6155138889, 49.6323138889)",1,1.6895004510879517,16.350000000000023,4.550000000000011,4.311,1.6895004510879517,16.350000000000023,4.550000000000011,4.311,Acer_pseudoplatanus,0.8229967355728149,3.1466634273529053,2.3236666917800903,0.3729036176231173,14.250000000000057,23.150000000000034,8.899999999999977,0.23595505617977205,-4.149999999999977,6.750000000000057,10.900000000000034,0.7981651376146753,2.246,6.402,4.156000000000001,0.49687199230028867,1.4883619723683696,0.45452570349180704,0.44252388187152897,16.757627118644105,1.0275817416826232,-0.3966858324833701,0.8127118644068132,2.0892396936361455,1.788826886152428,3.8779237288135593,0.780915714470739,0.5545749216737884
Acer pseudoplatanus,119791,49.6318055556,-1.6165111111,294549866,294549866,"c(-1.6165111111, 49.6318055556)",1,1.6895004510879517,16.350000000000023,4.550000000000011,4.311,1.6895004510879517,16.350000000000023,4.550000000000011,4.311,Acer_pseudoplatanus,0.8229967355728149,3.1466634273529053,2.3236666917800903,0.3729036176231173,14.250000000000057,23.150000000000034,8.899999999999977,0.23595505617977205,-4.149999999999977,6.750000000000057,10.900000000000034,0.7981651376146753,2.246,6.402,4.156000000000001,0.49687199230028867,1.4883619723683696,0.45452570349180704,0.44252388187152897,16.757627118644105,1.0275817416826232,-0.3966858324833701,0.8127118644068132,2.0892396936361455,1.788826886152428,3.8779237288135593,0.780915714470739,0.5545749216737884
Acer pseudoplatanus,119791,49.6323138889,-1.6161861111,295337283,295337283,"c(-1.6161861111, 49.6323138889)",1,1.6895004510879517,16.350000000000023,4.550000000000011,4.311,1.6895004510879517,16.350000000000023,4.550000000000011,4.311,Acer_pseudoplatanus,0.8229967355728149,3.1466634273529053,2.3236666917800903,0.3729036176231173,14.250000000000057,23.150000000000034,8.899999999999977,0.23595505617977205,-4.149999999999977,6.750000000000057,10.900000000000034,0.7981651376146753,2.246,6.402,4.156000000000001,0.49687199230028867,1.4883619723683696,0.45452570349180704,0.44252388187152897,16.757627118644105,1.0275817416826232,-0.3966858324833701,0.8127118644068132,2.0892396936361455,1.788826886152428,3.8779237288135593,0.780915714470739,0.5545749216737884
Acer pseudoplatanus,119791,53.1746981998,8.0486413975,299484917,299484917,"c(8.0486413975, 53.1746981998)",1,1.3124275207519531,16.650000000000034,-0.3499999999999659,5.022,1.3124275207519531,16.650000000000034,-0.3499999999999659,5.022,Acer_pseudoplatanus,0.8229967355728149,3.1466634273529053,2.3236666917800903,0.210628652943422,14.250000000000057,23.150000000000034,8.899999999999977,0.26966292134831277,-4.149999999999977,6.750000000000057,10.900000000000034,0.34862385321100914,2.246,6.402,4.156000000000001,0.6679499518768046,1.4883619723683696,0.45452570349180704,-0.3870726127583845,16.757627118644105,1.0275817416826232,-0.10473825514633645,0.8127118644068132,2.0892396936361455,-0.5565239201363139,3.8779237288135593,0.780915714470739,1.4650444983833266
Acer pseudoplatanus,119791,49.4382694444,-2.3663611111,304172503,304172503,"c(-2.3663611111, 49.4382694444)",1,2.7348597049713135,15.750000000000057,6.250000000000057,6.402,2.7348597049713135,15.750000000000057,6.250000000000057,6.402,Acer_pseudoplatanus,0.8229967355728149,3.1466634273529053,2.3236666917800903,0.8227784889122279,14.250000000000057,23.150000000000034,8.899999999999977,0.16853932584269707,-4.149999999999977,6.750000000000057,10.900000000000034,0.9541284403669726,2.246,6.402,4.156000000000001,1,1.4883619723683696,0.45452570349180704,2.742414175979406,16.757627118644105,1.0275817416826232,-0.9805809871573821,0.8127118644068132,2.0892396936361455,2.602520023028139,3.8779237288135593,0.780915714470739,3.2322006388322184
Acer pseudoplatanus,119791,49.4701861111,-2.4464472222,305463832,305463832,"c(-2.4464472222, 49.4701861111)",1,2.6138510704040527,15.950000000000045,6.650000000000034,6.167,2.6138510704040527,15.950000000000045,6.650000000000034,6.167,Acer_pseudoplatanus,0.8229967355728149,3.1466634273529053,2.3236666917800903,0.770701900219312,14.250000000000057,23.150000000000034,8.899999999999977,0.1910112359550554,-4.149999999999977,6.750000000000057,10.900000000000034,0.9908256880733924,2.246,6.402,4.156000000000001,0.9434552454282963,1.4883619723683696,0.45452570349180704,2.476183611596281,16.757627118644105,1.0275817416826232,-0.7859492689327114,0.8127118644068132,2.0892396936361455,2.793977231704761,3.8779237288135593,0.780915714470739,2.931271875784762
Acer pseudoplatanus,119791,49.4316305556,-2.5477777778,305721686,305721686,"c(-2.5477777778, 49.4316305556)",1,2.902796506881714,15.850000000000023,6.550000000000011,5.407,2.902796506881714,15.850000000000023,6.550000000000011,5.407,Acer_pseudoplatanus,0.8229967355728149,3.1466634273529053,2.3236666917800903,0.8950508171701801,14.250000000000057,23.150000000000034,8.899999999999977,0.17977528089887304,-4.149999999999977,6.750000000000057,10.900000000000034,0.9816513761467849,2.246,6.402,4.156000000000001,0.760587102983638,1.4883619723683696,0.45452570349180704,3.111891194815212,16.757627118644105,1.0275817416826232,-0.8832651280450744,0.8127118644068132,2.0892396936361455,2.746112929535592,3.8779237288135593,0.780915714470739,1.9580554506100099
Acer pseudoplatanus,119791,49.4355194444,-2.5402388889,305723165,305723165,"c(-2.5402388889, 49.4355194444)",1,2.9050915241241455,15.850000000000023,6.550000000000011,5.194,2.9050915241241455,15.850000000000023,6.550000000000011,5.194,Acer_pseudoplatanus,0.8229967355728149,3.1466634273529053,2.3236666917800903,0.8960384877558757,14.250000000000057,23.150000000000034,8.899999999999977,0.17977528089887304,-4.149999999999977,6.750000000000057,10.900000000000034,0.9816513761467849,2.246,6.402,4.156000000000001,0.7093358999037535,1.4883619723683696,0.45452570349180704,3.116940452150497,16.757627118644105,1.0275817416826232,-0.8832651280450744,0.8127118644068132,2.0892396936361455,2.746112929535592,3.8779237288135593,0.780915714470739,1.685298741975507
Acer pseudoplatanus,119791,51.964025,7.6109694444,310508241,310508241,"c(7.6109694444, 51.964025)",1,1.2086783647537231,17.450000000000045,-0.3499999999999659,3.282,1.2086783647537231,17.450000000000045,-0.3499999999999659,3.282,Acer_pseudoplatanus,0.8229967355728149,3.1466634273529053,2.3236666917800903,0.16597975542070934,14.250000000000057,23.150000000000034,8.899999999999977,0.35955056179775247,-4.149999999999977,6.750000000000057,10.900000000000034,0.34862385321100914,2.246,6.402,4.156000000000001,0.24927815206929738,1.4883619723683696,0.45452570349180704,-0.6153306742963721,16.757627118644105,1.0275817416826232,0.6737886177524015,0.8127118644068132,2.0892396936361455,-0.5565239201363139,3.8779237288135593,0.780915714470739,-0.7631088960957112
Acer pseudoplatanus,119791,51.8059138889,10.3226583333,311062163,311062163,"c(10.3226583333, 51.8059138889)",1,2.421539306640625,14.350000000000023,-4.0499999999999545,3.476,2.421539306640625,14.350000000000023,-4.0499999999999545,3.476,Acer_pseudoplatanus,0.8229967355728149,3.1466634273529053,2.3236666917800903,0.6879397018180844,14.250000000000057,23.150000000000034,8.899999999999977,0.011235955056175972,-4.149999999999977,6.750000000000057,10.900000000000034,0.009174311926607562,2.246,6.402,4.156000000000001,0.2959576515880654,1.4883619723683696,0.45452570349180704,2.0530793464556534,16.757627118644105,1.0275817416826232,-2.3430030147301872,0.8127118644068132,2.0892396936361455,-2.327503100395162,3.8779237288135593,0.780915714470739,-0.5146825980905771
Acer pseudoplatanus,119791,51.8063055556,10.3224583333,311088584,311088584,"c(10.3224583333, 51.8063055556)",1,2.421539306640625,14.350000000000023,-4.0499999999999545,3.476,2.421539306640625,14.350000000000023,-4.0499999999999545,3.476,Acer_pseudoplatanus,0.8229967355728149,3.1466634273529053,2.3236666917800903,0.6879397018180844,14.250000000000057,23.150000000000034,8.899999999999977,0.011235955056175972,-4.149999999999977,6.750000000000057,10.900000000000034,0.009174311926607562,2.246,6.402,4.156000000000001,0.2959576515880654,1.4883619723683696,0.45452570349180704,2.0530793464556534,16.757627118644105,1.0275817416826232,-2.3430030147301872,0.8127118644068132,2.0892396936361455,-2.327503100395162,3.8779237288135593,0.780915714470739,-0.5146825980905771
Acer pseudoplatanus,119791,47.6394277778,-3.4544555556,312660333,312660333,"c(-3.4544555556, 47.6394277778)",1,1.8703886270523071,17.05000000000001,6.250000000000057,4.97,1.8703886270523071,17.05000000000001,6.250000000000057,4.97,Acer_pseudoplatanus,0.8229967355728149,3.1466634273529053,2.3236666917800903,0.45074962566043286,14.250000000000057,23.150000000000034,8.899999999999977,0.3146067415730294,-4.149999999999977,6.750000000000057,10.900000000000034,0.9541284403669726,2.246,6.402,4.156000000000001,0.6554379210779594,1.4883619723683696,0.45452570349180704,0.8404951617677296,16.757627118644105,1.0275817416826232,0.28452518130300486,0.8127118644068132,2.0892396936361455,2.602520023028139,3.8779237288135593,0.780915714470739,1.398456006134527
Acer pseudoplatanus,119791,51.3886083333,-1.69275,313522275,313522275,"c(-1.69275, 51.3886083333)",1,1.3538683652877808,15.550000000000011,1.150000000000034,4.307,1.3538683652877808,15.550000000000011,1.150000000000034,4.307,Acer_pseudoplatanus,0.8229967355728149,3.1466634273529053,2.3236666917800903,0.2284628994308479,14.250000000000057,23.150000000000034,8.899999999999977,0.14606741573033236,-4.149999999999977,6.750000000000057,10.900000000000034,0.48623853211009127,2.246,6.402,4.156000000000001,0.4959095283926853,1.4883619723683696,0.45452570349180704,-0.2958987930657549,16.757627118644105,1.0275817416826232,-1.175212705382108,0.8127118644068132,2.0892396936361455,0.16144061240105934,3.8779237288135593,0.780915714470739,0.549452729962343
Acer pseudoplatanus,119791,53.9838611111,-8.2328555556,316864743,316864743,"c(-8.2328555556, 53.9838611111)",1,2.2559642791748047,14.550000000000011,2.4500000000000455,5.41,2.2559642791748047,14.550000000000011,2.4500000000000455,5.41,Acer_pseudoplatanus,0.8229967355728149,3.1466634273529053,2.3236666917800903,0.6166837733961908,14.250000000000057,23.150000000000034,8.899999999999977,0.0337078651685343,-4.149999999999977,6.750000000000057,10.900000000000034,0.6055045871559634,2.246,6.402,4.156000000000001,0.7613089509143406,1.4883619723683696,0.45452570349180704,1.6887984571817978,16.757627118644105,1.0275817416826232,-2.1483712965055166,0.8127118644068132,2.0892396936361455,0.7836765406001216,3.8779237288135593,0.780915714470739,1.9618970943935945
Acer pseudoplatanus,119791,43.3699,-1.7789777778,320623797,320623797,"c(-1.7789777778, 43.3699)",1,2.6506524085998535,19.850000000000023,6.750000000000057,3.371,2.6506524085998535,19.850000000000023,6.750000000000057,3.371,Acer_pseudoplatanus,0.8229967355728149,3.1466634273529053,2.3236666917800903,0.7865395151087384,14.250000000000057,23.150000000000034,8.899999999999977,0.6292134831460652,-4.149999999999977,6.750000000000057,10.900000000000034,1,2.246,6.402,4.156000000000001,0.2706929740134745,1.4883619723683696,0.45452570349180704,2.557150073807508,16.757627118644105,1.0275817416826232,3.0093692364485602,0.8127118644068132,2.0892396936361455,2.8418415338739305,3.8779237288135593,0.780915714470739,-0.6491401305160364
Acer pseudoplatanus,119791,40.6939870248,-73.9083879933,351805030,351805030,"c(-73.9083879933, 40.6939870248)",1,1.4745519161224365,23.150000000000034,-3.5499999999999545,2.717,1.4745519161224365,23.150000000000034,-3.5499999999999545,2.717,Acer_pseudoplatanus,0.8229967355728149,3.1466634273529053,2.3236666917800903,0.28039958693494244,14.250000000000057,23.150000000000034,8.899999999999977,1,-4.149999999999977,6.750000000000057,10.900000000000034,0.05504587155963494,2.246,6.402,4.156000000000001,0.11333012512030799,1.4883619723683696,0.45452570349180704,-0.030383443972123024,16.757627118644105,1.0275817416826232,6.220792587155819,0.8127118644068132,2.0892396936361455,-2.088181589549371,3.8779237288135593,0.780915714470739,-1.4866184753374676
Acer pseudoplatanus,119791,51.4937983155,-0.17972115860000001,356142902,356142902,"c(-0.1797211586, 51.4937983155)",1,0.9586196541786194,16.750000000000057,1.8500000000000227,2.703,0.9586196541786194,16.750000000000057,1.8500000000000227,2.703,Acer_pseudoplatanus,0.8229967355728149,3.1466634273529053,2.3236666917800903,0.0583659089685999,14.250000000000057,23.150000000000034,8.899999999999977,0.2808988764044951,-4.149999999999977,6.750000000000057,10.900000000000034,0.5504587155963285,2.246,6.402,4.156000000000001,0.1099615014436958,1.4883619723683696,0.45452570349180704,-1.1654837429877032,16.757627118644105,1.0275817416826232,-0.007422396033973454,0.8127118644068132,2.0892396936361455,0.4964907275851614,3.8779237288135593,0.780915714470739,-1.5045461463275291
Acer pseudoplatanus,119791,53.245244,8.20195,363310721,363310721,"c(8.20195, 53.245244)",1,1.3423001766204834,16.55000000000001,-0.44999999999998863,3.779,1.3423001766204834,16.55000000000001,-0.44999999999998863,3.779,Acer_pseudoplatanus,0.8229967355728149,3.1466634273529053,2.3236666917800903,0.22348447945856034,14.250000000000057,23.150000000000034,8.899999999999977,0.25842696629213036,-4.149999999999977,6.750000000000057,10.900000000000034,0.3394495412844016,2.246,6.402,4.156000000000001,0.36886429258902786,1.4883619723683696,0.45452570349180704,-0.3213499140440119,16.757627118644105,1.0275817416826232,-0.20205411425869943,0.8127118644068132,2.0892396936361455,-0.604388222305483,3.8779237288135593,0.780915714470739,-0.12667657594853798
Fraxinus excelsior,125440,47.4503983355,12.3873908587,142221001,142221001,"c(12.3873908587, 47.4503983355)",1,1.7366622686386108,16.55000000000001,-7.349999999999966,1.2690000000000001,1.7366622686386108,16.55000000000001,-7.349999999999966,1.2690000000000001,Fraxinus_excelsior,0.8307899236679077,5.817148208618164,4.986358284950256,0.18167012741639363,12.950000000000045,19.850000000000023,6.899999999999977,0.5217391304347794,-8.749999999999943,6.650000000000034,15.399999999999977,0.09090909090908957,1.2690000000000001,5.955,4.686,0,1.4013877121607463,0.7001628315479267,0.47885226317517643,17.2966666666667,1.5319421813002085,-0.4873987254747222,-0.08466666666663665,3.379888584975371,-2.149577759938578,3.5185866666666668,1.0342296531696893,-2.17513263110584
Fraxinus excelsior,125440,60.4021160623,5.3249704109,142551339,142551339,"c(5.3249704109, 60.4021160623)",1,5.817148208618164,14.050000000000011,-2.349999999999966,2.884,5.817148208618164,14.050000000000011,-2.349999999999966,2.884,Fraxinus_excelsior,0.8307899236679077,5.817148208618164,4.986358284950256,1,12.950000000000045,19.850000000000023,6.899999999999977,0.15942028985506804,-8.749999999999943,6.650000000000034,15.399999999999977,0.4155844155844147,1.2690000000000001,5.955,4.686,0.34464361929150655,1.4013877121607463,0.7001628315479267,6.306762223717321,17.2966666666667,1.5319421813002085,-2.119314100948077,-0.08466666666663665,3.379888584975371,-0.670239055631426,3.5185866666666668,1.0342296531696893,-0.6135839024937997
Fraxinus excelsior,125440,46.3168370513,8.8123034223,143341162,143341162,"c(8.8123034223, 46.3168370513)",1,2.557344913482666,14.850000000000023,-8.749999999999943,2.262,2.557344913482666,14.850000000000023,-8.749999999999943,2.262,Fraxinus_excelsior,0.8307899236679077,5.817148208618164,4.986358284950256,0.34625570228794383,12.950000000000045,19.850000000000023,6.899999999999977,0.2753623188405773,-8.749999999999943,6.650000000000034,15.399999999999977,0,1.2690000000000001,5.955,4.686,0.21190781049935978,1.4013877121607463,0.7001628315479267,1.6509833844883175,17.2966666666667,1.5319421813002085,-1.597101180796596,-0.08466666666663665,3.379888584975371,-2.563792597144574,3.5185866666666668,1.0342296531696893,-1.2149977162378796
Fraxinus excelsior,125440,53.1124547495,8.2159188669,167876907,167876907,"c(8.2159188669, 53.1124547495)",1,1.263667345046997,16.850000000000023,-0.24999999999994316,3.501,1.263667345046997,16.850000000000023,-0.24999999999994316,3.501,Fraxinus_excelsior,0.8307899236679077,5.817148208618164,4.986358284950256,0.08681233811168218,12.950000000000045,19.850000000000023,6.899999999999977,0.5652173913043463,-8.749999999999943,6.650000000000034,15.399999999999977,0.5519480519480527,1.2690000000000001,5.955,4.686,0.4763124199743918,1.4013877121607463,0.7001628315479267,-0.19669762647822328,17.2966666666667,1.5319421813002085,-0.29156888041791224,-0.08466666666663665,3.379888584975371,-0.04891679982241524,3.5185866666666668,1.0342296531696893,-0.017004604937372998
Fraxinus excelsior,125440,53.2107023355,8.4460173547,169148821,169148821,"c(8.4460173547, 53.2107023355)",1,1.2705198526382446,16.750000000000057,-0.3499999999999659,5.237,1.2705198526382446,16.750000000000057,-0.3499999999999659,5.237,Fraxinus_excelsior,0.8307899236679077,5.817148208618164,4.986358284950256,0.08818658905789471,12.950000000000045,19.850000000000023,6.899999999999977,0.5507246376811629,-8.749999999999943,6.650000000000034,15.399999999999977,0.5454545454545447,1.2690000000000001,5.955,4.686,0.8467776355100299,1.4013877121607463,0.7001628315479267,-0.18691060654159228,17.2966666666667,1.5319421813002085,-0.35684549543682414,-0.08466666666663665,3.379888584975371,-0.07850357390856501,3.5185866666666668,1.0342296531696893,1.6615394154158796
Fraxinus excelsior,125440,53.2276079722,8.4568849722,169177427,169177427,"c(8.4568849722, 53.2276079722)",1,1.2764822244644165,16.750000000000057,-0.3499999999999659,4.809,1.2764822244644165,16.750000000000057,-0.3499999999999659,4.809,Fraxinus_excelsior,0.8307899236679077,5.817148208618164,4.986358284950256,0.08938232580311965,12.950000000000045,19.850000000000023,6.899999999999977,0.5507246376811629,-8.749999999999943,6.650000000000034,15.399999999999977,0.5454545454545447,1.2690000000000001,5.955,4.686,0.7554417413572343,1.4013877121607463,0.7001628315479267,-0.17839491339491353,17.2966666666667,1.5319421813002085,-0.35684549543682414,-0.08466666666663665,3.379888584975371,-0.07850357390856501,3.5185866666666668,1.0342296531696893,1.2477048297527504
Fraxinus excelsior,125440,53.557987,8.106275,171714787,171714787,"c(8.106275, 53.557987)",1,1.4671989679336548,16.450000000000045,0.05000000000001137,4.087,1.4671989679336548,16.450000000000045,0.05000000000001137,4.087,Fraxinus_excelsior,0.8307899236679077,5.817148208618164,4.986358284950256,0.12763002734611875,12.950000000000045,19.850000000000023,6.899999999999977,0.5072463768115959,-8.749999999999943,6.650000000000034,15.399999999999977,0.5714285714285693,1.2690000000000001,5.955,4.686,0.6013657703798548,1.4013877121607463,0.7001628315479267,0.09399421507053198,17.2966666666667,1.5319421813002085,-0.5526753404936341,-0.08466666666663665,3.379888584975371,0.03984352243600045,3.5185866666666668,1.0342296531696893,0.5496006922556026
Fraxinus excelsior,125440,53.555179,8.104924,171714866,171714866,"c(8.104924, 53.555179)",1,1.4671989679336548,16.450000000000045,0.05000000000001137,4.087,1.4671989679336548,16.450000000000045,0.05000000000001137,4.087,Fraxinus_excelsior,0.8307899236679077,5.817148208618164,4.986358284950256,0.12763002734611875,12.950000000000045,19.850000000000023,6.899999999999977,0.5072463768115959,-8.749999999999943,6.650000000000034,15.399999999999977,0.5714285714285693,1.2690000000000001,5.955,4.686,0.6013657703798548,1.4013877121607463,0.7001628315479267,0.09399421507053198,17.2966666666667,1.5319421813002085,-0.5526753404936341,-0.08466666666663665,3.379888584975371,0.03984352243600045,3.5185866666666668,1.0342296531696893,0.5496006922556026
Fraxinus excelsior,125440,53.5927879772,8.0452074856,171756313,171756313,"c(8.0452074856, 53.5927879772)",1,1.5648294687271118,16.450000000000045,0.35000000000002274,5.19,1.5648294687271118,16.450000000000045,0.35000000000002274,5.19,Fraxinus_excelsior,0.8307899236679077,5.817148208618164,4.986358284950256,0.14720954715080745,12.950000000000045,19.850000000000023,6.899999999999977,0.5072463768115959,-8.749999999999943,6.650000000000034,15.399999999999977,0.5909090909090896,1.2690000000000001,5.955,4.686,0.8367477592829706,1.4013877121607463,0.7001628315479267,0.23343392308475858,17.2966666666667,1.5319421813002085,-0.5526753404936341,-0.08466666666663665,3.379888584975371,0.12860384469443295,3.5185866666666668,1.0342296531696893,1.6160949632519381
Fraxinus excelsior,125440,53.5526172528,8.0873476714,171763649,171763649,"c(8.0873476714, 53.5526172528)",1,1.4592896699905396,16.450000000000045,0.05000000000001137,3.813,1.4592896699905396,16.450000000000045,0.05000000000001137,3.813,Fraxinus_excelsior,0.8307899236679077,5.817148208618164,4.986358284950256,0.12604384009459554,12.950000000000045,19.850000000000023,6.899999999999977,0.5072463768115959,-8.749999999999943,6.650000000000034,15.399999999999977,0.5714285714285693,1.2690000000000001,5.955,4.686,0.5428937259923176,1.4013877121607463,0.7001628315479267,0.08269784573080384,17.2966666666667,1.5319421813002085,-0.5526753404936341,-0.08466666666663665,3.379888584975371,0.03984352243600045,3.5185866666666668,1.0342296531696893,0.28466920517219796
Fraxinus excelsior,125440,47.6633759375,11.1311137676,176265991,176265991,"c(11.1311137676, 47.6633759375)",1,1.7195351123809814,16.950000000000045,-7.349999999999966,1.631,1.7195351123809814,16.950000000000045,-7.349999999999966,1.631,Fraxinus_excelsior,0.8307899236679077,5.817148208618164,4.986358284950256,0.17823532484528232,12.950000000000045,19.850000000000023,6.899999999999977,0.5797101449275381,-8.749999999999943,6.650000000000034,15.399999999999977,0.09090909090908957,1.2690000000000001,5.955,4.686,0.07725138711054201,1.4013877121607463,0.7001628315479267,0.45439058728220666,17.2966666666667,1.5319421813002085,-0.2262922653989632,-0.08466666666663665,3.379888584975371,-2.149577759938578,3.5185866666666668,1.0342296531696893,-1.8251136591197357
Fraxinus excelsior,125440,47.6668549722,11.1361209722,176269661,176269661,"c(11.1361209722, 47.6668549722)",1,1.7566263675689697,16.650000000000034,-7.5499999999999545,1.768,1.7566263675689697,16.650000000000034,-7.5499999999999545,1.768,Fraxinus_excelsior,0.8307899236679077,5.817148208618164,4.986358284950256,0.18567387078770617,12.950000000000045,19.850000000000023,6.899999999999977,0.5362318840579712,-8.749999999999943,6.650000000000034,15.399999999999977,0.0779220779220773,1.2690000000000001,5.955,4.686,0.10648740930431069,1.4013877121607463,0.7001628315479267,0.5073657717917679,17.2966666666667,1.5319421813002085,-0.4221221104557732,-0.08466666666663665,3.379888584975371,-2.208751308110861,3.5185866666666668,1.0342296531696893,-1.6926479155780332
Fraxinus excelsior,125440,47.7133369984,11.1548063904,176311481,176311481,"c(11.1548063904, 47.7133369984)",1,1.7320168018341064,16.850000000000023,-7.149999999999977,2.587,1.7320168018341064,16.850000000000023,-7.149999999999977,2.587,Fraxinus_excelsior,0.8307899236679077,5.817148208618164,4.986358284950256,0.1807384922351582,12.950000000000045,19.850000000000023,6.899999999999977,0.5652173913043463,-8.749999999999943,6.650000000000034,15.399999999999977,0.10389610389610184,1.2690000000000001,5.955,4.686,0.2812633376013658,1.4013877121607463,0.7001628315479267,0.47221742539860645,17.2966666666667,1.5319421813002085,-0.29156888041791224,-0.08466666666663665,3.379888584975371,-2.0904042117662955,3.5185866666666668,1.0342296531696893,-0.9007541640404099
Fraxinus excelsior,125440,47.4703525803,11.1187906936,177386396,177386396,"c(11.1187906936, 47.4703525803)",1,1.6504383087158203,15.550000000000011,-8.749999999999943,1.685,1.6504383087158203,15.550000000000011,-8.749999999999943,1.685,Fraxinus_excelsior,0.8307899236679077,5.817148208618164,4.986358284950256,0.164378157005236,12.950000000000045,19.850000000000023,6.899999999999977,0.37681159420289484,-8.749999999999943,6.650000000000034,15.399999999999977,0,1.2690000000000001,5.955,4.686,0.08877507469056764,1.4013877121607463,0.7001628315479267,0.355703823929743,17.2966666666667,1.5319421813002085,-1.140164875664064,-0.08466666666663665,3.379888584975371,-2.563792597144574,3.5185866666666668,1.0342296531696893,-1.7729008842930791
Fraxinus excelsior,125440,48.3157339722,2.6946349722,181746124,181746124,"c(2.6946349722, 48.3157339722)",1,0.8580218553543091,19.05000000000001,1.0500000000000114,2.958,0.8580218553543091,19.05000000000001,1.0500000000000114,2.958,Fraxinus_excelsior,0.8307899236679077,5.817148208618164,4.986358284950256,0.0054612866004018065,12.950000000000045,19.850000000000023,6.899999999999977,0.8840579710144907,-8.749999999999943,6.650000000000034,15.399999999999977,0.6363636363636344,1.2690000000000001,5.955,4.686,0.36043533930857874,1.4013877121607463,0.7001628315479267,-0.7760564147702025,17.2966666666667,1.5319421813002085,1.1445166499986326,-0.08466666666663665,3.379888584975371,0.33571126329743095,3.5185866666666668,1.0342296531696893,-0.5420330629165294
Fraxinus excelsior,125440,48.31567005,2.69454325,181747314,181747314,"c(2.69454325, 48.31567005)",1,0.8580218553543091,19.05000000000001,1.0500000000000114,2.958,0.8580218553543091,19.05000000000001,1.0500000000000114,2.958,Fraxinus_excelsior,0.8307899236679077,5.817148208618164,4.986358284950256,0.0054612866004018065,12.950000000000045,19.850000000000023,6.899999999999977,0.8840579710144907,-8.749999999999943,6.650000000000034,15.399999999999977,0.6363636363636344,1.2690000000000001,5.955,4.686,0.36043533930857874,1.4013877121607463,0.7001628315479267,-0.7760564147702025,17.2966666666667,1.5319421813002085,1.1445166499986326,-0.08466666666663665,3.379888584975371,0.33571126329743095,3.5185866666666668,1.0342296531696893,-0.5420330629165294
Fraxinus excelsior,125440,48.3154639722,2.6946099722,181747980,181747980,"c(2.6946099722, 48.3154639722)",1,0.8580218553543091,19.05000000000001,1.0500000000000114,2.958,0.8580218553543091,19.05000000000001,1.0500000000000114,2.958,Fraxinus_excelsior,0.8307899236679077,5.817148208618164,4.986358284950256,0.0054612866004018065,12.950000000000045,19.850000000000023,6.899999999999977,0.8840579710144907,-8.749999999999943,6.650000000000034,15.399999999999977,0.6363636363636344,1.2690000000000001,5.955,4.686,0.36043533930857874,1.4013877121607463,0.7001628315479267,-0.7760564147702025,17.2966666666667,1.5319421813002085,1.1445166499986326,-0.08466666666663665,3.379888584975371,0.33571126329743095,3.5185866666666668,1.0342296531696893,-0.5420330629165294
Fraxinus excelsior,125440,48.315395,2.694671,181748533,181748533,"c(2.694671, 48.315395)",1,0.8580218553543091,19.05000000000001,1.0500000000000114,2.958,0.8580218553543091,19.05000000000001,1.0500000000000114,2.958,Fraxinus_excelsior,0.8307899236679077,5.817148208618164,4.986358284950256,0.0054612866004018065,12.950000000000045,19.850000000000023,6.899999999999977,0.8840579710144907,-8.749999999999943,6.650000000000034,15.399999999999977,0.6363636363636344,1.2690000000000001,5.955,4.686,0.36043533930857874,1.4013877121607463,0.7001628315479267,-0.7760564147702025,17.2966666666667,1.5319421813002085,1.1445166499986326,-0.08466666666663665,3.379888584975371,0.33571126329743095,3.5185866666666668,1.0342296531696893,-0.5420330629165294
Fraxinus excelsior,125440,48.320281,2.6871079722,181749070,181749070,"c(2.6871079722, 48.320281)",1,0.8750144839286804,18.950000000000045,1.0500000000000114,3.23,0.8750144839286804,18.950000000000045,1.0500000000000114,3.23,Fraxinus_excelsior,0.8307899236679077,5.817148208618164,4.986358284950256,0.008869110026499809,12.950000000000045,19.850000000000023,6.899999999999977,0.8695652173913072,-8.749999999999943,6.650000000000034,15.399999999999977,0.6363636363636344,1.2690000000000001,5.955,4.686,0.41848058045241143,1.4013877121607463,0.7001628315479267,-0.751786876587486,17.2966666666667,1.5319421813002085,1.0792400349797207,-0.08466666666663665,3.379888584975371,0.33571126329743095,3.5185866666666668,1.0342296531696893,-0.2790353823081859
Fraxinus excelsior,125440,48.315102,2.6958429722,181749567,181749567,"c(2.6958429722, 48.315102)",1,0.8580218553543091,19.05000000000001,1.0500000000000114,2.958,0.8580218553543091,19.05000000000001,1.0500000000000114,2.958,Fraxinus_excelsior,0.8307899236679077,5.817148208618164,4.986358284950256,0.0054612866004018065,12.950000000000045,19.850000000000023,6.899999999999977,0.8840579710144907,-8.749999999999943,6.650000000000034,15.399999999999977,0.6363636363636344,1.2690000000000001,5.955,4.686,0.36043533930857874,1.4013877121607463,0.7001628315479267,-0.7760564147702025,17.2966666666667,1.5319421813002085,1.1445166499986326,-0.08466666666663665,3.379888584975371,0.33571126329743095,3.5185866666666668,1.0342296531696893,-0.5420330629165294
Fraxinus excelsior,125440,48.315102,2.6958429722,181750173,181750173,"c(2.6958429722, 48.315102)",1,0.8580218553543091,19.05000000000001,1.0500000000000114,2.958,0.8580218553543091,19.05000000000001,1.0500000000000114,2.958,Fraxinus_excelsior,0.8307899236679077,5.817148208618164,4.986358284950256,0.0054612866004018065,12.950000000000045,19.850000000000023,6.899999999999977,0.8840579710144907,-8.749999999999943,6.650000000000034,15.399999999999977,0.6363636363636344,1.2690000000000001,5.955,4.686,0.36043533930857874,1.4013877121607463,0.7001628315479267,-0.7760564147702025,17.2966666666667,1.5319421813002085,1.1445166499986326,-0.08466666666663665,3.379888584975371,0.33571126329743095,3.5185866666666668,1.0342296531696893,-0.5420330629165294
Fraxinus excelsior,125440,48.320281,2.6871079722,181750322,181750322,"c(2.6871079722, 48.320281)",1,0.8750144839286804,18.950000000000045,1.0500000000000114,3.23,0.8750144839286804,18.950000000000045,1.0500000000000114,3.23,Fraxinus_excelsior,0.8307899236679077,5.817148208618164,4.986358284950256,0.008869110026499809,12.950000000000045,19.850000000000023,6.899999999999977,0.8695652173913072,-8.749999999999943,6.650000000000034,15.399999999999977,0.6363636363636344,1.2690000000000001,5.955,4.686,0.41848058045241143,1.4013877121607463,0.7001628315479267,-0.751786876587486,17.2966666666667,1.5319421813002085,1.0792400349797207,-0.08466666666663665,3.379888584975371,0.33571126329743095,3.5185866666666668,1.0342296531696893,-0.2790353823081859
Fraxinus excelsior,125440,48.3152189722,2.696276,181750641,181750641,"c(2.696276, 48.3152189722)",1,0.8580218553543091,19.05000000000001,1.0500000000000114,2.958,0.8580218553543091,19.05000000000001,1.0500000000000114,2.958,Fraxinus_excelsior,0.8307899236679077,5.817148208618164,4.986358284950256,0.0054612866004018065,12.950000000000045,19.850000000000023,6.899999999999977,0.8840579710144907,-8.749999999999943,6.650000000000034,15.399999999999977,0.6363636363636344,1.2690000000000001,5.955,4.686,0.36043533930857874,1.4013877121607463,0.7001628315479267,-0.7760564147702025,17.2966666666667,1.5319421813002085,1.1445166499986326,-0.08466666666663665,3.379888584975371,0.33571126329743095,3.5185866666666668,1.0342296531696893,-0.5420330629165294
Fraxinus excelsior,125440,48.3160189722,2.6960899722,181751520,181751520,"c(2.6960899722, 48.3160189722)",1,0.8580218553543091,19.05000000000001,1.0500000000000114,2.958,0.8580218553543091,19.05000000000001,1.0500000000000114,2.958,Fraxinus_excelsior,0.8307899236679077,5.817148208618164,4.986358284950256,0.0054612866004018065,12.950000000000045,19.850000000000023,6.899999999999977,0.8840579710144907,-8.749999999999943,6.650000000000034,15.399999999999977,0.6363636363636344,1.2690000000000001,5.955,4.686,0.36043533930857874,1.4013877121607463,0.7001628315479267,-0.7760564147702025,17.2966666666667,1.5319421813002085,1.1445166499986326,-0.08466666666663665,3.379888584975371,0.33571126329743095,3.5185866666666668,1.0342296531696893,-0.5420330629165294
Fraxinus excelsior,125440,48.3151179722,2.695462,181751884,181751884,"c(2.695462, 48.3151179722)",1,0.8580218553543091,19.05000000000001,1.0500000000000114,2.958,0.8580218553543091,19.05000000000001,1.0500000000000114,2.958,Fraxinus_excelsior,0.8307899236679077,5.817148208618164,4.986358284950256,0.0054612866004018065,12.950000000000045,19.850000000000023,6.899999999999977,0.8840579710144907,-8.749999999999943,6.650000000000034,15.399999999999977,0.6363636363636344,1.2690000000000001,5.955,4.686,0.36043533930857874,1.4013877121607463,0.7001628315479267,-0.7760564147702025,17.2966666666667,1.5319421813002085,1.1445166499986326,-0.08466666666663665,3.379888584975371,0.33571126329743095,3.5185866666666668,1.0342296531696893,-0.5420330629165294
Fraxinus excelsior,125440,48.3174089722,2.6899649722,181752942,181752942,"c(2.6899649722, 48.3174089722)",1,0.8750144839286804,18.950000000000045,1.0500000000000114,3.23,0.8750144839286804,18.950000000000045,1.0500000000000114,3.23,Fraxinus_excelsior,0.8307899236679077,5.817148208618164,4.986358284950256,0.008869110026499809,12.950000000000045,19.850000000000023,6.899999999999977,0.8695652173913072,-8.749999999999943,6.650000000000034,15.399999999999977,0.6363636363636344,1.2690000000000001,5.955,4.686,0.41848058045241143,1.4013877121607463,0.7001628315479267,-0.751786876587486,17.2966666666667,1.5319421813002085,1.0792400349797207,-0.08466666666663665,3.379888584975371,0.33571126329743095,3.5185866666666668,1.0342296531696893,-0.2790353823081859
Fraxinus excelsior,125440,48.315102,2.6958429722,182034068,182034068,"c(2.6958429722, 48.315102)",1,0.8580218553543091,19.05000000000001,1.0500000000000114,2.958,0.8580218553543091,19.05000000000001,1.0500000000000114,2.958,Fraxinus_excelsior,0.8307899236679077,5.817148208618164,4.986358284950256,0.0054612866004018065,12.950000000000045,19.850000000000023,6.899999999999977,0.8840579710144907,-8.749999999999943,6.650000000000034,15.399999999999977,0.6363636363636344,1.2690000000000001,5.955,4.686,0.36043533930857874,1.4013877121607463,0.7001628315479267,-0.7760564147702025,17.2966666666667,1.5319421813002085,1.1445166499986326,-0.08466666666663665,3.379888584975371,0.33571126329743095,3.5185866666666668,1.0342296531696893,-0.5420330629165294
Fraxinus excelsior,125440,48.31567005,2.69454325,182036432,182036432,"c(2.69454325, 48.31567005)",1,0.8580218553543091,19.05000000000001,1.0500000000000114,2.958,0.8580218553543091,19.05000000000001,1.0500000000000114,2.958,Fraxinus_excelsior,0.8307899236679077,5.817148208618164,4.986358284950256,0.0054612866004018065,12.950000000000045,19.850000000000023,6.899999999999977,0.8840579710144907,-8.749999999999943,6.650000000000034,15.399999999999977,0.6363636363636344,1.2690000000000001,5.955,4.686,0.36043533930857874,1.4013877121607463,0.7001628315479267,-0.7760564147702025,17.2966666666667,1.5319421813002085,1.1445166499986326,-0.08466666666663665,3.379888584975371,0.33571126329743095,3.5185866666666668,1.0342296531696893,-0.5420330629165294
Fraxinus excelsior,125440,46.307782,-0.6025549722,182313572,182313572,"c(-0.6025549722, 46.307782)",1,0.997538149356842,19.650000000000034,2.8500000000000227,3.415,0.997538149356842,19.650000000000034,2.8500000000000227,3.415,Fraxinus_excelsior,0.8307899236679077,5.817148208618164,4.986358284950256,0.03344088333808885,12.950000000000045,19.850000000000023,6.899999999999977,0.9710144927536247,-8.749999999999943,6.650000000000034,15.399999999999977,0.7532467532467522,1.2690000000000001,5.955,4.686,0.45795988049509173,1.4013877121607463,0.7001628315479267,-0.5767937751152397,17.2966666666667,1.5319421813002085,1.5361763401122526,-0.08466666666663665,3.379888584975371,0.8682731968480091,3.5185866666666668,1.0342296531696893,-0.10015828336501092
Fraxinus excelsior,125440,47.391086,0.838441,184134144,184134144,"c(0.838441, 47.391086)",1,0.8307899236679077,19.250000000000057,1.7500000000000568,3.46,0.8307899236679077,19.250000000000057,1.7500000000000568,3.46,Fraxinus_excelsior,0.8307899236679077,5.817148208618164,4.986358284950256,0,12.950000000000045,19.850000000000023,6.899999999999977,0.9130434782608742,-8.749999999999943,6.650000000000034,15.399999999999977,0.6818181818181829,1.2690000000000001,5.955,4.686,0.4675629534784464,1.4013877121607463,0.7001628315479267,-0.8149501270031081,17.2966666666667,1.5319421813002085,1.2750698800365308,-0.08466666666663665,3.379888584975371,0.5428186819004457,3.5185866666666668,1.0342296531696893,-0.05664763767613061
Fraxinus excelsior,125440,50.583584,8.677875,191708238,191708238,"c(8.677875, 50.583584)",1,0.9703365564346313,17.850000000000023,-1.6499999999999773,2.273,0.9703365564346313,17.850000000000023,-1.6499999999999773,2.273,Fraxinus_excelsior,0.8307899236679077,5.817148208618164,4.986358284950256,0.027985681090727268,12.950000000000045,19.850000000000023,6.899999999999977,0.7101449275362309,-8.749999999999943,6.650000000000034,15.399999999999977,0.4610389610389595,1.2690000000000001,5.955,4.686,0.2142552283397354,1.4013877121607463,0.7001628315479267,-0.6156441563359525,17.2966666666667,1.5319421813002085,0.3611972697714297,-0.08466666666663665,3.379888584975371,-0.46313163702842797,3.5185866666666668,1.0342296531696893,-1.204361780625042
Fraxinus excelsior,125440,53.5009833333,8.0137638889,214601743,214601743,"c(8.0137638889, 53.5009833333)",1,1.3782150745391846,16.450000000000045,-0.14999999999997726,4.102,1.3782150745391846,16.450000000000045,-0.14999999999997726,4.102,Fraxinus_excelsior,0.8307899236679077,5.817148208618164,4.986358284950256,0.1097845601114357,12.950000000000045,19.850000000000023,6.899999999999977,0.5072463768115959,-8.749999999999943,6.650000000000034,15.399999999999977,0.5584415584415571,1.2690000000000001,5.955,4.686,0.6045667947076399,1.4013877121607463,0.7001628315479267,-0.0330960693390871,17.2966666666667,1.5319421813002085,-0.5526753404936341,-0.08466666666663665,3.379888584975371,-0.01933002573628228,3.5185866666666668,1.0342296531696893,0.5641042408185633
Fraxinus excelsior,125440,51.8320584,10.7981704997,216087487,216087487,"c(10.7981704997, 51.8320584)",1,1.1791582107543945,16.150000000000034,-3.249999999999943,2.966,1.1791582107543945,16.150000000000034,-3.249999999999943,2.966,Fraxinus_excelsior,0.8307899236679077,5.817148208618164,4.986358284950256,0.06986427111303377,12.950000000000045,19.850000000000023,6.899999999999977,0.4637681159420289,-8.749999999999943,6.650000000000034,15.399999999999977,0.35714285714285765,1.2690000000000001,5.955,4.686,0.36214255228339737,1.4013877121607463,0.7001628315479267,-0.317396884543335,17.2966666666667,1.5319421813002085,-0.7485051855504441,-0.08466666666663665,3.379888584975371,-0.9365200224067067,3.5185866666666668,1.0342296531696893,-0.534297837016284
Fraxinus excelsior,125440,53.1895111111,8.4295305556,217026178,217026178,"c(8.4295305556, 53.1895111111)",1,1.2606827020645142,16.750000000000057,-0.3499999999999659,5.266,1.2606827020645142,16.750000000000057,-0.3499999999999659,5.266,Fraxinus_excelsior,0.8307899236679077,5.817148208618164,4.986358284950256,0.08621377643361522,12.950000000000045,19.850000000000023,6.899999999999977,0.5507246376811629,-8.749999999999943,6.650000000000034,15.399999999999977,0.5454545454545447,1.2690000000000001,5.955,4.686,0.8529662825437473,1.4013877121607463,0.7001628315479267,-0.2009604105735807,17.2966666666667,1.5319421813002085,-0.35684549543682414,-0.08466666666663665,3.379888584975371,-0.07850357390856501,3.5185866666666668,1.0342296531696893,1.689579609304269
Fraxinus excelsior,125440,53.1959722222,8.5095611111,217040991,217040991,"c(8.5095611111, 53.1959722222)",1,1.2531360387802124,16.750000000000057,-0.3499999999999659,5.333,1.2531360387802124,16.750000000000057,-0.3499999999999659,5.333,Fraxinus_excelsior,0.8307899236679077,5.817148208618164,4.986358284950256,0.08470031453355903,12.950000000000045,19.850000000000023,6.899999999999977,0.5507246376811629,-8.749999999999943,6.650000000000034,15.399999999999977,0.5454545454545447,1.2690000000000001,5.955,4.686,0.8672641912078533,1.4013877121607463,0.7001628315479267,-0.21173885087955568,17.2966666666667,1.5319421813002085,-0.35684549543682414,-0.08466666666663665,3.379888584975371,-0.07850357390856501,3.5185866666666668,1.0342296531696893,1.7543621262188245
Fraxinus excelsior,125440,53.1140083333,8.4548555556,217041359,217041359,"c(8.4548555556, 53.1140083333)",1,1.2394219636917114,16.850000000000023,-0.3499999999999659,4.199,1.2394219636917114,16.850000000000023,-0.3499999999999659,4.199,Fraxinus_excelsior,0.8307899236679077,5.817148208618164,4.986358284950256,0.08194999570270153,12.950000000000045,19.850000000000023,6.899999999999977,0.5652173913043463,-8.749999999999943,6.650000000000034,15.399999999999977,0.5454545454545447,1.2690000000000001,5.955,4.686,0.6252667520273154,1.4013877121607463,0.7001628315479267,-0.23132583046569247,17.2966666666667,1.5319421813002085,-0.29156888041791224,-0.08466666666663665,3.379888584975371,-0.07850357390856501,3.5185866666666668,1.0342296531696893,0.6578938548590383
Fraxinus excelsior,125440,53.284908,7.896805,219756676,219756676,"c(7.896805, 53.284908)",1,1.3526206016540527,16.55000000000001,-0.3499999999999659,5.001,1.3526206016540527,16.55000000000001,-0.3499999999999659,5.001,Fraxinus_excelsior,0.8307899236679077,5.817148208618164,4.986358284950256,0.10465166122561342,12.950000000000045,19.850000000000023,6.899999999999977,0.5217391304347794,-8.749999999999943,6.650000000000034,15.399999999999977,0.5454545454545447,1.2690000000000001,5.955,4.686,0.7964148527528809,1.4013877121607463,0.7001628315479267,-0.06965109872924671,17.2966666666667,1.5319421813002085,-0.4873987254747222,-0.08466666666663665,3.379888584975371,-0.07850357390856501,3.5185866666666668,1.0342296531696893,1.4333502513586405
Fraxinus excelsior,125440,53.1363569997,8.19716,220433203,220433203,"c(8.19716, 53.1363569997)",1,1.2777043581008911,16.750000000000057,-0.3499999999999659,3.368,1.2777043581008911,16.750000000000057,-0.3499999999999659,3.368,Fraxinus_excelsior,0.8307899236679077,5.817148208618164,4.986358284950256,0.08962742123482244,12.950000000000045,19.850000000000023,6.899999999999977,0.5507246376811629,-8.749999999999943,6.650000000000034,15.399999999999977,0.5454545454545447,1.2690000000000001,5.955,4.686,0.44793000426803237,1.4013877121607463,0.7001628315479267,-0.17664941423185068,17.2966666666667,1.5319421813002085,-0.35684549543682414,-0.08466666666663665,3.379888584975371,-0.07850357390856501,3.5185866666666668,1.0342296531696893,-0.1456027355289528
Fraxinus excelsior,125440,53.1400417997,8.199104,224159276,224159276,"c(8.199104, 53.1400417997)",1,1.2777043581008911,16.750000000000057,-0.3499999999999659,3.368,1.2777043581008911,16.750000000000057,-0.3499999999999659,3.368,Fraxinus_excelsior,0.8307899236679077,5.817148208618164,4.986358284950256,0.08962742123482244,12.950000000000045,19.850000000000023,6.899999999999977,0.5507246376811629,-8.749999999999943,6.650000000000034,15.399999999999977,0.5454545454545447,1.2690000000000001,5.955,4.686,0.44793000426803237,1.4013877121607463,0.7001628315479267,-0.17664941423185068,17.2966666666667,1.5319421813002085,-0.35684549543682414,-0.08466666666663665,3.379888584975371,-0.07850357390856501,3.5185866666666668,1.0342296531696893,-0.1456027355289528
Fraxinus excelsior,125440,53.6209348,10.0616372997,224851137,224851137,"c(10.0616372997, 53.6209348)",1,1.3050546646118164,16.850000000000023,-1.0499999999999545,2.6750000000000003,1.3050546646118164,16.850000000000023,-1.0499999999999545,2.6750000000000003,Fraxinus_excelsior,0.8307899236679077,5.817148208618164,4.986358284950256,0.0951124475702692,12.950000000000045,19.850000000000023,6.899999999999977,0.5652173913043463,-8.749999999999943,6.650000000000034,15.399999999999977,0.5,1.2690000000000001,5.955,4.686,0.3000426803243705,1.4013877121607463,0.7001628315479267,-0.1375866344346727,17.2966666666667,1.5319421813002085,-0.29156888041791224,-0.08466666666663665,3.379888584975371,-0.28561099251156297,3.5185866666666668,1.0342296531696893,-0.8156666791377104
Fraxinus excelsior,125440,53.136387,8.197354,228799784,228799784,"c(8.197354, 53.136387)",1,1.2777043581008911,16.750000000000057,-0.3499999999999659,3.368,1.2777043581008911,16.750000000000057,-0.3499999999999659,3.368,Fraxinus_excelsior,0.8307899236679077,5.817148208618164,4.986358284950256,0.08962742123482244,12.950000000000045,19.850000000000023,6.899999999999977,0.5507246376811629,-8.749999999999943,6.650000000000034,15.399999999999977,0.5454545454545447,1.2690000000000001,5.955,4.686,0.44793000426803237,1.4013877121607463,0.7001628315479267,-0.17664941423185068,17.2966666666667,1.5319421813002085,-0.35684549543682414,-0.08466666666663665,3.379888584975371,-0.07850357390856501,3.5185866666666668,1.0342296531696893,-0.1456027355289528
Fraxinus excelsior,125440,53.6301277778,8.8297277778,240556612,240556612,"c(8.8297277778, 53.6301277778)",1,1.5842331647872925,16.55000000000001,-0.049999999999954525,4.874,1.5842331647872925,16.55000000000001,-0.049999999999954525,4.874,Fraxinus_excelsior,0.8307899236679077,5.817148208618164,4.986358284950256,0.1511009033172395,12.950000000000045,19.850000000000023,6.899999999999977,0.5217391304347794,-8.749999999999943,6.650000000000034,15.399999999999977,0.5649350649350651,1.2690000000000001,5.955,4.686,0.7693128467776355,1.4013877121607463,0.7001628315479267,0.2611470423562897,17.2966666666667,1.5319421813002085,-0.4873987254747222,-0.08466666666663665,3.379888584975371,0.010256748349867497,3.5185866666666668,1.0342296531696893,1.310553540192244
Fraxinus excelsior,125440,53.131429681,8.2140602819,243472124,243472124,"c(8.2140602819, 53.131429681)",1,1.2733567953109741,16.750000000000057,-0.24999999999994316,3.6670000000000003,1.2733567953109741,16.750000000000057,-0.24999999999994316,3.6670000000000003,Fraxinus_excelsior,0.8307899236679077,5.817148208618164,4.986358284950256,0.08875552985809591,12.950000000000045,19.850000000000023,6.899999999999977,0.5507246376811629,-8.749999999999943,6.650000000000034,15.399999999999977,0.5519480519480527,1.2690000000000001,5.955,4.686,0.511737089201878,1.4013877121607463,0.7001628315479267,-0.1828587738179706,17.2966666666667,1.5319421813002085,-0.35684549543682414,-0.08466666666663665,3.379888584975371,-0.04891679982241524,3.5185866666666668,1.0342296531696893,0.14350133249271946
Fraxinus excelsior,125440,53.1314125644,8.2140559923,243473872,243473872,"c(8.2140559923, 53.1314125644)",1,1.2733567953109741,16.750000000000057,-0.24999999999994316,3.6670000000000003,1.2733567953109741,16.750000000000057,-0.24999999999994316,3.6670000000000003,Fraxinus_excelsior,0.8307899236679077,5.817148208618164,4.986358284950256,0.08875552985809591,12.950000000000045,19.850000000000023,6.899999999999977,0.5507246376811629,-8.749999999999943,6.650000000000034,15.399999999999977,0.5519480519480527,1.2690000000000001,5.955,4.686,0.511737089201878,1.4013877121607463,0.7001628315479267,-0.1828587738179706,17.2966666666667,1.5319421813002085,-0.35684549543682414,-0.08466666666663665,3.379888584975371,-0.04891679982241524,3.5185866666666668,1.0342296531696893,0.14350133249271946
Fraxinus excelsior,125440,50.582464,8.67321,274207385,274207385,"c(8.67321, 50.582464)",1,0.9684709310531616,17.850000000000023,-1.6499999999999773,2.246,0.9684709310531616,17.850000000000023,-1.6499999999999773,2.246,Fraxinus_excelsior,0.8307899236679077,5.817148208618164,4.986358284950256,0.02761153521615172,12.950000000000045,19.850000000000023,6.899999999999977,0.7101449275362309,-8.749999999999943,6.650000000000034,15.399999999999977,0.4610389610389595,1.2690000000000001,5.955,4.686,0.20849338454972255,1.4013877121607463,0.7001628315479267,-0.6183087156318883,17.2966666666667,1.5319421813002085,0.3611972697714297,-0.08466666666663665,3.379888584975371,-0.46313163702842797,3.5185866666666668,1.0342296531696893,-1.2304681680383704
Fraxinus excelsior,125440,50.583647,8.676683,276762989,276762989,"c(8.676683, 50.583647)",1,0.9703365564346313,17.850000000000023,-1.6499999999999773,2.273,0.9703365564346313,17.850000000000023,-1.6499999999999773,2.273,Fraxinus_excelsior,0.8307899236679077,5.817148208618164,4.986358284950256,0.027985681090727268,12.950000000000045,19.850000000000023,6.899999999999977,0.7101449275362309,-8.749999999999943,6.650000000000034,15.399999999999977,0.4610389610389595,1.2690000000000001,5.955,4.686,0.2142552283397354,1.4013877121607463,0.7001628315479267,-0.6156441563359525,17.2966666666667,1.5319421813002085,0.3611972697714297,-0.08466666666663665,3.379888584975371,-0.46313163702842797,3.5185866666666668,1.0342296531696893,-1.204361780625042
Fraxinus excelsior,125440,-43.5673595667,172.6287604667,277662798,277662798,"c(172.6287604667, -43.5673595667)",1,0.8606035113334656,16.350000000000023,2.750000000000057,2.727,0.8606035113334656,16.350000000000023,2.750000000000057,2.727,Fraxinus_excelsior,0.8307899236679077,5.817148208618164,4.986358284950256,0.005979030378851984,12.950000000000045,19.850000000000023,6.899999999999977,0.4927536231884041,-8.749999999999943,6.650000000000034,15.399999999999977,0.7467532467532478,1.2690000000000001,5.955,4.686,0.31113956466069137,1.4013877121607463,0.7001628315479267,-0.7723691925087052,17.2966666666667,1.5319421813002085,-0.6179519555125832,-0.08466666666663665,3.379888584975371,0.8386864227618761,3.5185866666666668,1.0342296531696893,-0.7653877107861157
Fraxinus excelsior,125440,52.1276583333,4.4652444444,277672992,277672992,"c(4.4652444444, 52.1276583333)",1,1.6052299737930298,16.650000000000034,1.5500000000000114,3.761,1.6052299737930298,16.650000000000034,1.5500000000000114,3.761,Fraxinus_excelsior,0.8307899236679077,5.817148208618164,4.986358284950256,0.15531175376276593,12.950000000000045,19.850000000000023,6.899999999999977,0.5362318840579712,-8.749999999999943,6.650000000000034,15.399999999999977,0.6688311688311669,1.2690000000000001,5.955,4.686,0.5317968416559966,1.4013877121607463,0.7001628315479267,0.2911355079812321,17.2966666666667,1.5319421813002085,-0.4221221104557732,-0.08466666666663665,3.379888584975371,0.48364513372814616,3.5185866666666668,1.0342296531696893,0.2343902368206028
Fraxinus excelsior,125440,51.2214888889,2.9302111111,282003248,282003248,"c(2.9302111111, 51.2214888889)",1,1.7980749607086182,16.950000000000045,3.0500000000000114,3.431,1.7980749607086182,16.950000000000045,3.0500000000000114,3.431,Fraxinus_excelsior,0.8307899236679077,5.817148208618164,4.986358284950256,0.19398626848779682,12.950000000000045,19.850000000000023,6.899999999999977,0.5797101449275381,-8.749999999999943,6.650000000000034,15.399999999999977,0.7662337662337644,1.2690000000000001,5.955,4.686,0.461374306444729,1.4013877121607463,0.7001628315479267,0.5665642771566035,17.2966666666667,1.5319421813002085,-0.2262922653989632,-0.08466666666663665,3.379888584975371,0.9274467450202918,3.5185866666666668,1.0342296531696893,-0.08468783156452012
Fraxinus excelsior,125440,55.232125,14.720975,282584749,282584749,"c(14.720975, 55.232125)",1,2.0398852825164795,15.950000000000045,0.4500000000000455,5.117,2.0398852825164795,15.950000000000045,0.4500000000000455,5.117,Fraxinus_excelsior,0.8307899236679077,5.817148208618164,4.986358284950256,0.24248064213473053,12.950000000000045,19.850000000000023,6.899999999999977,0.4347826086956536,-8.749999999999943,6.650000000000034,15.399999999999977,0.5974025974025976,1.2690000000000001,5.955,4.686,0.8211694408877507,1.4013877121607463,0.7001628315479267,0.9119272568984227,17.2966666666667,1.5319421813002085,-0.8790584155883051,-0.08466666666663665,3.379888584975371,0.15819061878058274,3.5185866666666668,1.0342296531696893,1.5455110269121983
Fraxinus excelsior,125440,55.2321333333,14.7209722222,282584750,282584750,"c(14.7209722222, 55.2321333333)",1,2.0398852825164795,15.950000000000045,0.4500000000000455,5.117,2.0398852825164795,15.950000000000045,0.4500000000000455,5.117,Fraxinus_excelsior,0.8307899236679077,5.817148208618164,4.986358284950256,0.24248064213473053,12.950000000000045,19.850000000000023,6.899999999999977,0.4347826086956536,-8.749999999999943,6.650000000000034,15.399999999999977,0.5974025974025976,1.2690000000000001,5.955,4.686,0.8211694408877507,1.4013877121607463,0.7001628315479267,0.9119272568984227,17.2966666666667,1.5319421813002085,-0.8790584155883051,-0.08466666666663665,3.379888584975371,0.15819061878058274,3.5185866666666668,1.0342296531696893,1.5455110269121983
Fraxinus excelsior,125440,51.0883,2.59385,282920274,282920274,"c(2.59385, 51.0883)",1,1.3664231300354004,16.950000000000045,2.3500000000000227,3.86,1.3664231300354004,16.950000000000045,2.3500000000000227,3.86,Fraxinus_excelsior,0.8307899236679077,5.817148208618164,4.986358284950256,0.10741971911327189,12.950000000000045,19.850000000000023,6.899999999999977,0.5797101449275381,-8.749999999999943,6.650000000000034,15.399999999999977,0.7207792207792196,1.2690000000000001,5.955,4.686,0.5529236022193769,1.4013877121607463,0.7001628315479267,-0.049937786683200376,17.2966666666667,1.5319421813002085,-0.2262922653989632,-0.08466666666663665,3.379888584975371,0.7203393264172938,3.5185866666666668,1.0342296531696893,0.3301136573361394
Fraxinus excelsior,125440,51.0881388889,2.5939138889,282924831,282924831,"c(2.5939138889, 51.0881388889)",1,1.3664231300354004,16.950000000000045,2.3500000000000227,3.86,1.3664231300354004,16.950000000000045,2.3500000000000227,3.86,Fraxinus_excelsior,0.8307899236679077,5.817148208618164,4.986358284950256,0.10741971911327189,12.950000000000045,19.850000000000023,6.899999999999977,0.5797101449275381,-8.749999999999943,6.650000000000034,15.399999999999977,0.7207792207792196,1.2690000000000001,5.955,4.686,0.5529236022193769,1.4013877121607463,0.7001628315479267,-0.049937786683200376,17.2966666666667,1.5319421813002085,-0.2262922653989632,-0.08466666666663665,3.379888584975371,0.7203393264172938,3.5185866666666668,1.0342296531696893,0.3301136573361394
Fraxinus excelsior,125440,50.1775166667,1.6458722222,291867667,291867667,"c(1.6458722222, 50.1775166667)",1,1.2876300811767578,17.05000000000001,2.3500000000000227,4.1770000000000005,1.2876300811767578,17.05000000000001,2.3500000000000227,4.1770000000000005,Fraxinus_excelsior,0.8307899236679077,5.817148208618164,4.986358284950256,0.09161799682298752,12.950000000000045,19.850000000000023,6.899999999999977,0.5942028985507216,-8.749999999999943,6.650000000000034,15.399999999999977,0.7207792207792196,1.2690000000000001,5.955,4.686,0.6205719163465643,1.4013877121607463,0.7001628315479267,-0.16247310748057284,17.2966666666667,1.5319421813002085,-0.16101565038005125,-0.08466666666663665,3.379888584975371,0.7203393264172938,3.5185866666666668,1.0342296531696893,0.6366219836333641
Fraxinus excelsior,125440,49.4231861111,0.2210416667,292021393,292021393,"c(0.2210416667, 49.4231861111)",1,1.3465616703033447,16.750000000000057,2.650000000000034,5.263,1.3465616703033447,16.750000000000057,2.650000000000034,5.263,Fraxinus_excelsior,0.8307899236679077,5.817148208618164,4.986358284950256,0.10343655974183218,12.950000000000045,19.850000000000023,6.899999999999977,0.5507246376811629,-8.749999999999943,6.650000000000034,15.399999999999977,0.7402597402597398,1.2690000000000001,5.955,4.686,0.8523260776781904,1.4013877121607463,0.7001628315479267,-0.0783047019736704,17.2966666666667,1.5319421813002085,-0.35684549543682414,-0.08466666666663665,3.379888584975371,0.8090996486757264,3.5185866666666668,1.0342296531696893,1.6866788995916768
Fraxinus excelsior,125440,53.141921,8.210241,292288050,292288050,"c(8.210241, 53.141921)",1,1.2880525588989258,16.750000000000057,-0.3499999999999659,3.192,1.2880525588989258,16.750000000000057,-0.3499999999999659,3.192,Fraxinus_excelsior,0.8307899236679077,5.817148208618164,4.986358284950256,0.09170272353094253,12.950000000000045,19.850000000000023,6.899999999999977,0.5507246376811629,-8.749999999999943,6.650000000000034,15.399999999999977,0.5454545454545447,1.2690000000000001,5.955,4.686,0.41037131882202305,1.4013877121607463,0.7001628315479267,-0.16186970823809382,17.2966666666667,1.5319421813002085,-0.35684549543682414,-0.08466666666663665,3.379888584975371,-0.07850357390856501,3.5185866666666668,1.0342296531696893,-0.3157777053343514
Fraxinus excelsior,125440,48.6368333333,-2.8387444444,305956127,305956127,"c(-2.8387444444, 48.6368333333)",1,1.459072470664978,16.650000000000034,4.9500000000000455,3.996,1.459072470664978,16.650000000000034,4.9500000000000455,3.996,Fraxinus_excelsior,0.8307899236679077,5.817148208618164,4.986358284950256,0.1260002813863862,12.950000000000045,19.850000000000023,6.899999999999977,0.5362318840579712,-8.749999999999943,6.650000000000034,15.399999999999977,0.8896103896103902,1.2690000000000001,5.955,4.686,0.5819462227912932,1.4013877121607463,0.7001628315479267,0.08238763314056774,17.2966666666667,1.5319421813002085,-0.4221221104557732,-0.08466666666663665,3.379888584975371,1.4895954526570199,3.5185866666666668,1.0342296531696893,0.46161249764031137
Fraxinus excelsior,125440,48.6367944444,-2.8388388889,305956133,305956133,"c(-2.8388388889, 48.6367944444)",1,1.459072470664978,16.650000000000034,4.9500000000000455,3.996,1.459072470664978,16.650000000000034,4.9500000000000455,3.996,Fraxinus_excelsior,0.8307899236679077,5.817148208618164,4.986358284950256,0.1260002813863862,12.950000000000045,19.850000000000023,6.899999999999977,0.5362318840579712,-8.749999999999943,6.650000000000034,15.399999999999977,0.8896103896103902,1.2690000000000001,5.955,4.686,0.5819462227912932,1.4013877121607463,0.7001628315479267,0.08238763314056774,17.2966666666667,1.5319421813002085,-0.4221221104557732,-0.08466666666663665,3.379888584975371,1.4895954526570199,3.5185866666666668,1.0342296531696893,0.46161249764031137
Fraxinus excelsior,125440,42.6350361111,-0.0133611111,306776990,306776990,"c(-0.0133611111, 42.6350361111)",1,2.0641698837280273,12.950000000000045,-7.349999999999966,5.955,2.0641698837280273,12.950000000000045,-7.349999999999966,5.955,Fraxinus_excelsior,0.8307899236679077,5.817148208618164,4.986358284950256,0.2473508499745569,12.950000000000045,19.850000000000023,6.899999999999977,0,-8.749999999999943,6.650000000000034,15.399999999999977,0.09090909090908957,1.2690000000000001,5.955,4.686,1,1.4013877121607463,0.7001628315479267,0.9466114762218895,17.2966666666667,1.5319421813002085,-2.837356866156331,-0.08466666666663665,3.379888584975371,-2.149577759938578,3.5185866666666668,1.0342296531696893,2.3557759399629044
Fraxinus excelsior,125440,42.6496833333,-0.0580694444,306795340,306795340,"c(-0.0580694444, 42.6496833333)",1,1.7288131713867188,15.850000000000023,-4.349999999999966,4.377,1.7288131713867188,15.850000000000023,-4.349999999999966,4.377,Fraxinus_excelsior,0.8307899236679077,5.817148208618164,4.986358284950256,0.18009601324261232,12.950000000000045,19.850000000000023,6.899999999999977,0.42028985507246186,-8.749999999999943,6.650000000000034,15.399999999999977,0.28571428571428464,1.2690000000000001,5.955,4.686,0.6632522407170294,1.4013877121607463,0.7001628315479267,0.46764187482231395,17.2966666666667,1.5319421813002085,-0.9443350306072541,-0.08466666666663665,3.379888584975371,-1.2619745373542868,3.5185866666666668,1.0342296531696893,0.8300026311394985
Fraxinus excelsior,125440,42.7886055556,0.2379638889,307456292,307456292,"c(0.2379638889, 42.7886055556)",1,1.3690603971481323,17.05000000000001,-2.6499999999999773,4.788,1.3690603971481323,17.05000000000001,-2.6499999999999773,4.788,Fraxinus_excelsior,0.8307899236679077,5.817148208618164,4.986358284950256,0.10794861554670541,12.950000000000045,19.850000000000023,6.899999999999977,0.5942028985507216,-8.749999999999943,6.650000000000034,15.399999999999977,0.39610389610389446,1.2690000000000001,5.955,4.686,0.7509603072983355,1.4013877121607463,0.7001628315479267,-0.046171138420964805,17.2966666666667,1.5319421813002085,-0.16101565038005125,-0.08466666666663665,3.379888584975371,-0.7589993778898585,3.5185866666666668,1.0342296531696893,1.2273998617646065
Fraxinus excelsior,125440,42.635075,-0.0137027778,308166168,308166168,"c(-0.0137027778, 42.635075)",1,2.0641698837280273,12.950000000000045,-7.349999999999966,5.955,2.0641698837280273,12.950000000000045,-7.349999999999966,5.955,Fraxinus_excelsior,0.8307899236679077,5.817148208618164,4.986358284950256,0.2473508499745569,12.950000000000045,19.850000000000023,6.899999999999977,0,-8.749999999999943,6.650000000000034,15.399999999999977,0.09090909090908957,1.2690000000000001,5.955,4.686,1,1.4013877121607463,0.7001628315479267,0.9466114762218895,17.2966666666667,1.5319421813002085,-2.837356866156331,-0.08466666666663665,3.379888584975371,-2.149577759938578,3.5185866666666668,1.0342296531696893,2.3557759399629044
Fraxinus excelsior,125440,50.589629,8.681341,311533030,311533030,"c(8.681341, 50.589629)",1,0.9703365564346313,17.850000000000023,-1.6499999999999773,2.273,0.9703365564346313,17.850000000000023,-1.6499999999999773,2.273,Fraxinus_excelsior,0.8307899236679077,5.817148208618164,4.986358284950256,0.027985681090727268,12.950000000000045,19.850000000000023,6.899999999999977,0.7101449275362309,-8.749999999999943,6.650000000000034,15.399999999999977,0.4610389610389595,1.2690000000000001,5.955,4.686,0.2142552283397354,1.4013877121607463,0.7001628315479267,-0.6156441563359525,17.2966666666667,1.5319421813002085,0.3611972697714297,-0.08466666666663665,3.379888584975371,-0.46313163702842797,3.5185866666666668,1.0342296531696893,-1.204361780625042
Fraxinus excelsior,125440,46.2063222222,-1.3636,312843704,312843704,"c(-1.3636, 46.2063222222)",1,1.2942023277282715,18.850000000000023,5.4500000000000455,4.773,1.2942023277282715,18.850000000000023,5.4500000000000455,4.773,Fraxinus_excelsior,0.8307899236679077,5.817148208618164,4.986358284950256,0.09293604221321748,12.950000000000045,19.850000000000023,6.899999999999977,0.8550724637681154,-8.749999999999943,6.650000000000034,15.399999999999977,0.9220779220779227,1.2690000000000001,5.955,4.686,0.7477592829705505,1.4013877121607463,0.7001628315479267,-0.15308636734616196,17.2966666666667,1.5319421813002085,1.0139634199607717,-0.08466666666663665,3.379888584975371,1.6375293230877352,3.5185866666666668,1.0342296531696893,1.2128963132016457
Fraxinus excelsior,125440,46.1616888889,-1.1225277778,312931244,312931244,"c(-1.1225277778, 46.1616888889)",1,1.0489511489868164,19.450000000000045,4.050000000000011,3.118,1.0489511489868164,19.450000000000045,4.050000000000011,3.118,Fraxinus_excelsior,0.8307899236679077,5.817148208618164,4.986358284950256,0.04375161447530942,12.950000000000045,19.850000000000023,6.899999999999977,0.94202898550724945,-8.749999999999943,6.650000000000034,15.399999999999977,0.8311688311688294,1.2690000000000001,5.955,4.686,0.39457959880495086,1.4013877121607463,0.7001628315479267,-0.5033637138303383,17.2966666666667,1.5319421813002085,1.4056231100743917,-0.08466666666663665,3.379888584975371,1.2233144858817224,3.5185866666666668,1.0342296531696893,-0.38732854491162166
Fraxinus excelsior,125440,51.3867666667,-1.6811555556,313536305,313536305,"c(-1.6811555556, 51.3867666667)",1,1.3455902338027954,15.550000000000011,1.150000000000034,3.443,1.3455902338027954,15.550000000000011,1.150000000000034,3.443,Fraxinus_excelsior,0.8307899236679077,5.817148208618164,4.986358284950256,0.10324174090912187,12.950000000000045,19.850000000000023,6.899999999999977,0.37681159420289484,-8.749999999999943,6.650000000000034,15.399999999999977,0.6428571428571423,1.2690000000000001,5.955,4.686,0.4639351259069569,1.4013877121607463,0.7001628315479267,-0.07969214566073624,17.2966666666667,1.5319421813002085,-1.140164875664064,-0.08466666666663665,3.379888584975371,0.3652980373835807,3.5185866666666668,1.0342296531696893,-0.073084992714152
Fraxinus excelsior,125440,54.7160027778,-6.223975,313879640,313879640,"c(-6.223975, 54.7160027778)",1,1.9512434005737305,14.850000000000023,2.5500000000000114,4.457,1.9512434005737305,14.850000000000023,2.5500000000000114,4.457,Fraxinus_excelsior,0.8307899236679077,5.817148208618164,4.986358284950256,0.22470376432587222,12.950000000000045,19.850000000000023,6.899999999999977,0.2753623188405773,-8.749999999999943,6.650000000000034,15.399999999999977,0.7337662337662318,1.2690000000000001,5.955,4.686,0.6803243704652154,1.4013877121607463,0.7001628315479267,0.7853254466498285,17.2966666666667,1.5319421813002085,-1.597101180796596,-0.08466666666663665,3.379888584975371,0.7795128745895766,3.5185866666666668,1.0342296531696893,0.9073548901419526
Fraxinus excelsior,125440,51.3691083333,-0.0439055556,314480919,314480919,"c(-0.0439055556, 51.3691083333)",1,1.027845859527588,16.350000000000023,1.4500000000000455,3.48,1.027845859527588,16.350000000000023,1.4500000000000455,3.48,Fraxinus_excelsior,0.8307899236679077,5.817148208618164,4.986358284950256,0.03951900858276292,12.950000000000045,19.850000000000023,6.899999999999977,0.4927536231884041,-8.749999999999943,6.650000000000034,15.399999999999977,0.6623376623376626,1.2690000000000001,5.955,4.686,0.47183098591549294,1.4013877121607463,0.7001628315479267,-0.5335071154910187,17.2966666666667,1.5319421813002085,-0.6179519555125832,-0.08466666666663665,3.379888584975371,0.45405835964201324,3.5185866666666668,1.0342296531696893,-0.03730957292551709
Fraxinus excelsior,125440,43.3590083333,-1.7715861111,320615073,320615073,"c(-1.7715861111, 43.3590083333)",1,2.6076366901397705,19.850000000000023,6.550000000000011,3.2880000000000003,2.6076366901397705,19.850000000000023,6.550000000000011,3.2880000000000003,Fraxinus_excelsior,0.8307899236679077,5.817148208618164,4.986358284950256,0.35634157534060723,12.950000000000045,19.850000000000023,6.899999999999977,1,-8.749999999999943,6.650000000000034,15.399999999999977,0.993506493506492,1.2690000000000001,5.955,4.686,0.43085787451984636,1.4013877121607463,0.7001628315479267,1.7228120711752686,17.2966666666667,1.5319421813002085,1.6667295701501135,-0.08466666666663665,3.379888584975371,1.9629838380352986,3.5185866666666668,1.0342296531696893,-0.2229549945314065
Fraxinus excelsior,125440,43.3583277778,-1.8057527778,324904145,324904145,"c(-1.8057527778, 43.3583277778)",1,2.8089311122894287,19.750000000000057,6.650000000000034,3.346,2.8089311122894287,19.750000000000057,6.650000000000034,3.346,Fraxinus_excelsior,0.8307899236679077,5.817148208618164,4.986358284950256,0.39671060031765343,12.950000000000045,19.850000000000023,6.899999999999977,0.9855072463768165,-8.749999999999943,6.650000000000034,15.399999999999977,1,1.2690000000000001,5.955,4.686,0.44323516858728124,1.4013877121607463,0.7001628315479267,2.01030865494084,17.2966666666667,1.5319421813002085,1.6014529551312016,-0.08466666666663665,3.379888584975371,1.9925706121214484,3.5185866666666668,1.0342296531696893,-0.16687460675462748
Fraxinus excelsior,125440,43.3581083333,-1.8083472222,324904692,324904692,"c(-1.8083472222, 43.3581083333)",1,2.8001866340637207,19.750000000000057,6.550000000000011,3.259,2.8001866340637207,19.750000000000057,6.550000000000011,3.259,Fraxinus_excelsior,0.8307899236679077,5.817148208618164,4.986358284950256,0.3949569200311605,12.950000000000045,19.850000000000023,6.899999999999977,0.9855072463768165,-8.749999999999943,6.650000000000034,15.399999999999977,0.993506493506492,1.2690000000000001,5.955,4.686,0.42466922748612884,1.4013877121607463,0.7001628315479267,1.9978194483853082,17.2966666666667,1.5319421813002085,1.6014529551312016,-0.08466666666663665,3.379888584975371,1.9629838380352986,3.5185866666666668,1.0342296531696893,-0.2509951884197964
Fraxinus excelsior,125440,50.041843215,8.1779014947,325346622,325346622,"c(8.1779014947, 50.041843215)",1,0.8352378606796265,18.950000000000045,-1.349999999999966,2.721,0.8352378606796265,18.950000000000045,-1.349999999999966,2.721,Fraxinus_excelsior,0.8307899236679077,5.817148208618164,4.986358284950256,8.920211419912282e-4,12.950000000000045,19.850000000000023,6.899999999999977,0.8695652173913072,-8.749999999999943,6.650000000000034,15.399999999999977,0.48051948051947974,1.2690000000000001,5.955,4.686,0.30985915492957744,1.4013877121607463,0.7001628315479267,-0.8085974090190854,17.2966666666667,1.5319421813002085,1.0792400349797207,-0.08466666666663665,3.379888584975371,-0.37437131476999547,3.5185866666666668,1.0342296531696893,-0.7711891302112995
Fraxinus excelsior,125440,50.1187945114,8.7767654969,326814350,326814350,"c(8.7767654969, 50.1187945114)",1,0.914319634437561,18.950000000000045,-1.2499999999999432,2.355,0.914319634437561,18.950000000000045,-1.2499999999999432,2.355,Fraxinus_excelsior,0.8307899236679077,5.817148208618164,4.986358284950256,0.016751646391267413,12.950000000000045,19.850000000000023,6.899999999999977,0.8695652173913072,-8.749999999999943,6.650000000000034,15.399999999999977,0.48701298701298773,1.2690000000000001,5.955,4.686,0.2317541613316261,1.4013877121607463,0.7001628315479267,-0.6956497200035177,17.2966666666667,1.5319421813002085,1.0792400349797207,-0.08466666666663665,3.379888584975371,-0.3447845406838457,3.5185866666666668,1.0342296531696893,-1.1250757151475268
Fraxinus excelsior,125440,50.1187598742,8.7769045348,326927287,326927287,"c(8.7769045348, 50.1187598742)",1,0.914319634437561,18.950000000000045,-1.2499999999999432,2.355,0.914319634437561,18.950000000000045,-1.2499999999999432,2.355,Fraxinus_excelsior,0.8307899236679077,5.817148208618164,4.986358284950256,0.016751646391267413,12.950000000000045,19.850000000000023,6.899999999999977,0.8695652173913072,-8.749999999999943,6.650000000000034,15.399999999999977,0.48701298701298773,1.2690000000000001,5.955,4.686,0.2317541613316261,1.4013877121607463,0.7001628315479267,-0.6956497200035177,17.2966666666667,1.5319421813002085,1.0792400349797207,-0.08466666666663665,3.379888584975371,-0.3447845406838457,3.5185866666666668,1.0342296531696893,-1.1250757151475268
Fraxinus excelsior,125440,51.4468381354,-0.1687666029,328886067,328886067,"c(-0.1687666029, 51.4468381354)",1,0.9700859189033508,16.650000000000034,1.7500000000000568,2.895,0.9700859189033508,16.650000000000034,1.7500000000000568,2.895,Fraxinus_excelsior,0.8307899236679077,5.817148208618164,4.986358284950256,0.0279354164452771,12.950000000000045,19.850000000000023,6.899999999999977,0.5362318840579712,-8.749999999999943,6.650000000000034,15.399999999999977,0.6818181818181829,1.2690000000000001,5.955,4.686,0.3469910371318822,1.4013877121607463,0.7001628315479267,-0.6160021266822595,17.2966666666667,1.5319421813002085,-0.4221221104557732,-0.08466666666663665,3.379888584975371,0.5428186819004457,3.5185866666666668,1.0342296531696893,-0.6029479668809621
Galium aparine,53059,-36.9030925577,174.8272721988,129806148,129806148,"c(174.8272721988, -36.9030925577)",1,1.7503036260604858,19.450000000000045,9.350000000000023,2.791,1.7503036260604858,19.450000000000045,9.350000000000023,2.791,Galium_aparine,0.7318007946014404,2.736363410949707,2.0045626163482666,0.5080923006109248,16.350000000000023,19.850000000000023,3.5,0.8857142857142922,-3.749999999999943,9.350000000000023,13.099999999999966,1,1.8900000000000001,4.956,3.0660000000000003,0.2938682322243965,1.4391883077292607,0.5047128551757025,0.6164204361763652,17.546551724137966,1.183965117313333,1.607689490194952,1.5431034482758994,3.321997143982899,2.350061187097851,3.5426206896551724,0.860705832184638,-0.8732608302971686
Galium aparine,53059,53.155425,8.1404416667,145583373,145583373,"c(8.1404416667, 53.155425)",1,1.2984670400619507,16.750000000000057,-0.3499999999999659,4.649,1.2984670400619507,16.750000000000057,-0.3499999999999659,4.649,Galium_aparine,0.7318007946014404,2.736363410949707,2.0045626163482666,0.2826882237746268,16.350000000000023,19.850000000000023,3.5,0.11428571428572402,-3.749999999999943,9.350000000000023,13.099999999999966,0.25954198473282336,1.8900000000000001,4.956,3.0660000000000003,0.8998695368558381,1.4391883077292607,0.5047128551757025,-0.27881451051672057,17.546551724137966,1.183965117313333,-0.6727831018750399,1.5431034482758994,3.321997143982899,-0.5698690776133944,3.5426206896551724,0.860705832184638,1.2854325705411136
Galium aparine,53059,50.0429857851,8.2354271519,148263359,148263359,"c(8.2354271519, 50.0429857851)",1,0.7884770631790161,18.950000000000045,-1.349999999999966,2.0380000000000003,0.7884770631790161,18.950000000000045,-1.349999999999966,2.0380000000000003,Galium_aparine,0.7318007946014404,2.736363410949707,2.0045626163482666,0.02827363341775946,16.350000000000023,19.850000000000023,3.5,0.7428571428571493,-3.749999999999943,9.350000000000023,13.099999999999966,0.18320610687022776,1.8900000000000001,4.956,3.0660000000000003,0.04827136333985653,1.4391883077292607,0.5047128551757025,-1.289270201615365,17.546551724137966,1.183965117313333,1.1853797509227295,1.5431034482758994,3.321997143982899,-0.8708928162434201,3.5426206896551724,0.860705832184638,-1.7481241945766226
Galium aparine,53059,50.0312461086,8.1374636039,151431700,151431700,"c(8.1374636039, 50.0312461086)",1,0.8044911026954651,18.950000000000045,-1.349999999999966,3.192,0.8044911026954651,18.950000000000045,-1.349999999999966,3.192,Galium_aparine,0.7318007946014404,2.736363410949707,2.0045626163482666,0.03626242827297926,16.350000000000023,19.850000000000023,3.5,0.7428571428571493,-3.749999999999943,9.350000000000023,13.099999999999966,0.18320610687022776,1.8900000000000001,4.956,3.0660000000000003,0.4246575342465753,1.4391883077292607,0.5047128551757025,-1.2575411910458323,17.546551724137966,1.183965117313333,1.1853797509227295,1.5431034482758994,3.321997143982899,-0.8708928162434201,3.5426206896551724,0.860705832184638,-0.407364138297087
Galium aparine,53059,50.1292768409,8.7279545449,157208322,157208322,"c(8.7279545449, 50.1292768409)",1,0.9618909358978271,18.850000000000023,-1.2499999999999432,2.271,0.9618909358978271,18.850000000000023,-1.2499999999999432,2.271,Galium_aparine,0.7318007946014404,2.736363410949707,2.0045626163482666,0.11478321476210328,16.350000000000023,19.850000000000023,3.5,0.7142857142857143,-3.749999999999943,9.350000000000023,13.099999999999966,0.19083969465648903,1.8900000000000001,4.956,3.0660000000000003,0.12426614481408994,1.4391883077292607,0.5047128551757025,-0.9456810282061767,17.546551724137966,1.183965117313333,1.1009178030682658,1.5431034482758994,3.321997143982899,-0.8407904423804107,3.5426206896551724,0.860705832184638,-1.47741614161897
Galium aparine,53059,53.1484189722,8.154137,165922958,165922958,"c(8.154137, 53.1484189722)",1,1.2886947393417358,16.750000000000057,-0.3499999999999659,3.843,1.2886947393417358,16.750000000000057,-0.3499999999999659,3.843,Galium_aparine,0.7318007946014404,2.736363410949707,2.0045626163482666,0.27781319485783645,16.350000000000023,19.850000000000023,3.5,0.11428571428572402,-3.749999999999943,9.350000000000023,13.099999999999966,0.25954198473282336,1.8900000000000001,4.956,3.0660000000000003,0.6369863013698629,1.4391883077292607,0.5047128551757025,-0.29817661041174476,17.546551724137966,1.183965117313333,-0.6727831018750399,1.5431034482758994,3.321997143982899,-0.5698690776133944,3.5426206896551724,0.860705832184638,0.34899183799232164
Galium aparine,53059,48.176662605,16.3113921228,197169299,197169299,"c(16.3113921228, 48.176662605)",1,0.7934500575065613,19.850000000000023,-3.749999999999943,2.609,0.7934500575065613,19.850000000000023,-3.749999999999943,2.609,Galium_aparine,0.7318007946014404,2.736363410949707,2.0045626163482666,0.030754471026416715,16.350000000000023,19.850000000000023,3.5,1,-3.749999999999943,9.350000000000023,13.099999999999966,0,1.8900000000000001,4.956,3.0660000000000003,0.23450750163078923,1.4391883077292607,0.5047128551757025,-1.2794170855781009,17.546551724137966,1.183965117313333,1.945537281612711,1.5431034482758994,3.321997143982899,-1.5933497889554749,3.5426206896551724,0.860705832184638,-1.084715189259799
Galium aparine,53059,44.5520029722,-123.313027,199711463,199711463,"c(-123.313027, 44.5520029722)",1,1.640865445137024,18.350000000000023,1.4500000000000455,2.849,1.640865445137024,18.350000000000023,1.4500000000000455,2.849,Galium_aparine,0.7318007946014404,2.736363410949707,2.0045626163482666,0.4534977571275057,16.350000000000023,19.850000000000023,3.5,0.5714285714285714,-3.749999999999943,9.350000000000023,13.099999999999966,0.39694656488549634,1.8900000000000001,4.956,3.0660000000000003,0.3127853881278539,1.4391883077292607,0.5047128551757025,0.3995878752435475,17.546551724137966,1.183965117313333,0.6786080637960433,1.5431034482758994,3.321997143982899,-0.02802634807934477,3.5426206896551724,0.860705832184638,-0.8058742763420443
Galium aparine,53059,52.8939039722,18.808886,202079984,202079984,"c(18.808886, 52.8939039722)",1,0.7318007946014404,17.950000000000045,-3.749999999999943,4.122,0.7318007946014404,17.950000000000045,-3.749999999999943,4.122,Galium_aparine,0.7318007946014404,2.736363410949707,2.0045626163482666,0,16.350000000000023,19.850000000000023,3.5,0.4571428571428636,-3.749999999999943,9.350000000000023,13.099999999999966,0,1.8900000000000001,4.956,3.0660000000000003,0.7279843444227004,1.4391883077292607,0.5047128551757025,-1.4015642872451939,17.546551724137966,1.183965117313333,0.34076027237828455,1.5431034482758994,3.321997143982899,-1.5933497889554749,3.5426206896551724,0.860705832184638,0.673144399259211
Galium aparine,53059,51.4060694444,-0.2352083333,202671925,202671925,"c(-0.2352083333, 51.4060694444)",1,0.9934623837471008,16.750000000000057,1.8500000000000227,2.8120000000000003,0.9934623837471008,16.750000000000057,1.8500000000000227,2.8120000000000003,Galium_aparine,0.7318007946014404,2.736363410949707,2.0045626163482666,0.13053300855342306,16.350000000000023,19.850000000000023,3.5,0.11428571428572402,-3.749999999999943,9.350000000000023,13.099999999999966,0.42748091603053284,1.8900000000000001,4.956,3.0660000000000003,0.3007175472928898,1.4391883077292607,0.5047128551757025,-0.883127741668066,17.546551724137966,1.183965117313333,-0.6727831018750399,1.5431034482758994,3.321997143982899,0.09238314737265867,3.5426206896551724,0.860705832184638,-0.8488622504168647
Galium aparine,53059,45.2097669722,-123.4875409722,209956455,209956455,"c(-123.4875409722, 45.2097669722)",1,2.7122700214385986,16.350000000000023,0.8500000000000227,1.8900000000000001,2.7122700214385986,16.350000000000023,0.8500000000000227,1.8900000000000001,Galium_aparine,0.7318007946014404,2.736363410949707,2.0045626163482666,0.9879807249149445,16.350000000000023,19.850000000000023,3.5,0,-3.749999999999943,9.350000000000023,13.099999999999966,0.35114503816793724,1.8900000000000001,4.956,3.0660000000000003,0,1.4391883077292607,0.5047128551757025,2.5223881275347106,17.546551724137966,1.183965117313333,-1.0106308932928467,1.5431034482758994,3.321997143982899,-0.20864059125736703,3.5426206896551724,0.860705832184638,-1.9200760908759047
Galium aparine,53059,53.157165,8.14591,210795842,210795842,"c(8.14591, 53.157165)",1,1.2942602634429932,16.750000000000057,-0.3499999999999659,4.956,1.2942602634429932,16.750000000000057,-0.3499999999999659,4.956,Galium_aparine,0.7318007946014404,2.736363410949707,2.0045626163482666,0.2805896230202034,16.350000000000023,19.850000000000023,3.5,0.11428571428572402,-3.749999999999943,9.350000000000023,13.099999999999966,0.25954198473282336,1.8900000000000001,4.956,3.0660000000000003,1,1.4391883077292607,0.5047128551757025,-0.2871495005527739,17.546551724137966,1.183965117313333,-0.6727831018750399,1.5431034482758994,3.321997143982899,-0.5698690776133944,3.5426206896551724,0.860705832184638,1.6421165716484083
Galium aparine,53059,53.157464,8.143734,210872619,210872619,"c(8.143734, 53.157464)",1,1.2942602634429932,16.750000000000057,-0.3499999999999659,4.956,1.2942602634429932,16.750000000000057,-0.3499999999999659,4.956,Galium_aparine,0.7318007946014404,2.736363410949707,2.0045626163482666,0.2805896230202034,16.350000000000023,19.850000000000023,3.5,0.11428571428572402,-3.749999999999943,9.350000000000023,13.099999999999966,0.25954198473282336,1.8900000000000001,4.956,3.0660000000000003,1,1.4391883077292607,0.5047128551757025,-0.2871495005527739,17.546551724137966,1.183965117313333,-0.6727831018750399,1.5431034482758994,3.321997143982899,-0.5698690776133944,3.5426206896551724,0.860705832184638,1.6421165716484083
Galium aparine,53059,51.3815083333,-0.3159944444,256529718,256529718,"c(-0.3159944444, 51.3815083333)",1,1.0002135038375854,16.650000000000034,1.7500000000000568,3.35,1.0002135038375854,16.650000000000034,1.7500000000000568,3.35,Galium_aparine,0.7318007946014404,2.736363410949707,2.0045626163482666,0.13390088543360912,16.350000000000023,19.850000000000023,3.5,0.08571428571428896,-3.749999999999943,9.350000000000023,13.099999999999966,0.4198473282442759,1.8900000000000001,4.956,3.0660000000000003,0.4761904761904761,1.4391883077292607,0.5047128551757025,-0.8697515813003369,17.546551724137966,1.183965117313333,-0.7572450497295036,1.5431034482758994,3.321997143982899,0.06228077350966636,3.5426206896551724,0.860705832184638,-0.2237938706262321
Galium aparine,53059,53.1677207756,8.1775280205,263442156,263442156,"c(8.1775280205, 53.1677207756)",1,1.3015400171279907,16.650000000000034,-0.3499999999999659,4.131,1.3015400171279907,16.650000000000034,-0.3499999999999659,4.131,Galium_aparine,0.7318007946014404,2.736363410949707,2.0045626163482666,0.2842212150820464,16.350000000000023,19.850000000000023,3.5,0.08571428571428896,-3.749999999999943,9.350000000000023,13.099999999999966,0.25954198473282336,1.8900000000000001,4.956,3.0660000000000003,0.7309197651663405,1.4391883077292607,0.5047128551757025,-0.27272594543555123,17.546551724137966,1.183965117313333,-0.7572450497295036,1.5431034482758994,3.321997143982899,-0.5698690776133944,3.5426206896551724,0.860705832184638,0.6836009334936273
Galium aparine,53059,52.1277861111,4.4652722222,277711078,277711078,"c(4.4652722222, 52.1277861111)",1,1.6052299737930298,16.650000000000034,1.5500000000000114,3.761,1.6052299737930298,16.650000000000034,1.5500000000000114,3.761,Galium_aparine,0.7318007946014404,2.736363410949707,2.0045626163482666,0.43572057668257064,16.350000000000023,19.850000000000023,3.5,0.08571428571428896,-3.749999999999943,9.350000000000023,13.099999999999966,0.4045801526717533,1.8900000000000001,4.956,3.0660000000000003,0.6102413568166992,1.4391883077292607,0.5047128551757025,0.328982438947322,17.546551724137966,1.183965117313333,-0.7572450497295036,1.5431034482758994,3.321997143982899,0.002076025783647533,3.5426206896551724,0.860705832184638,0.2537211927454224
Galium aparine,53059,52.1269861111,4.4644527778,278310204,278310204,"c(4.4644527778, 52.1269861111)",1,1.6052299737930298,16.650000000000034,1.5500000000000114,3.761,1.6052299737930298,16.650000000000034,1.5500000000000114,3.761,Galium_aparine,0.7318007946014404,2.736363410949707,2.0045626163482666,0.43572057668257064,16.350000000000023,19.850000000000023,3.5,0.08571428571428896,-3.749999999999943,9.350000000000023,13.099999999999966,0.4045801526717533,1.8900000000000001,4.956,3.0660000000000003,0.6102413568166992,1.4391883077292607,0.5047128551757025,0.328982438947322,17.546551724137966,1.183965117313333,-0.7572450497295036,1.5431034482758994,3.321997143982899,0.002076025783647533,3.5426206896551724,0.860705832184638,0.2537211927454224
Galium aparine,53059,52.1265111111,4.4637972222,278314843,278314843,"c(4.4637972222, 52.1265111111)",1,1.6052299737930298,16.650000000000034,1.5500000000000114,3.761,1.6052299737930298,16.650000000000034,1.5500000000000114,3.761,Galium_aparine,0.7318007946014404,2.736363410949707,2.0045626163482666,0.43572057668257064,16.350000000000023,19.850000000000023,3.5,0.08571428571428896,-3.749999999999943,9.350000000000023,13.099999999999966,0.4045801526717533,1.8900000000000001,4.956,3.0660000000000003,0.6102413568166992,1.4391883077292607,0.5047128551757025,0.328982438947322,17.546551724137966,1.183965117313333,-0.7572450497295036,1.5431034482758994,3.321997143982899,0.002076025783647533,3.5426206896551724,0.860705832184638,0.2537211927454224
Galium aparine,53059,52.1264444444,4.4637361111,278318320,278318320,"c(4.4637361111, 52.1264444444)",1,1.6052299737930298,16.650000000000034,1.5500000000000114,3.761,1.6052299737930298,16.650000000000034,1.5500000000000114,3.761,Galium_aparine,0.7318007946014404,2.736363410949707,2.0045626163482666,0.43572057668257064,16.350000000000023,19.850000000000023,3.5,0.08571428571428896,-3.749999999999943,9.350000000000023,13.099999999999966,0.4045801526717533,1.8900000000000001,4.956,3.0660000000000003,0.6102413568166992,1.4391883077292607,0.5047128551757025,0.328982438947322,17.546551724137966,1.183965117313333,-0.7572450497295036,1.5431034482758994,3.321997143982899,0.002076025783647533,3.5426206896551724,0.860705832184638,0.2537211927454224
Galium aparine,53059,52.1590388889,4.5305777778,278675458,278675458,"c(4.5305777778, 52.1590388889)",1,1.6288158893585205,16.650000000000034,1.5500000000000114,3.218,1.6288158893585205,16.650000000000034,1.5500000000000114,3.218,Galium_aparine,0.7318007946014404,2.736363410949707,2.0045626163482666,0.4474866923295128,16.350000000000023,19.850000000000023,3.5,0.08571428571428896,-3.749999999999943,9.350000000000023,13.099999999999966,0.4045801526717533,1.8900000000000001,4.956,3.0660000000000003,0.4331376386170906,1.4391883077292607,0.5047128551757025,0.3757137938625439,17.546551724137966,1.183965117313333,-0.7572450497295036,1.5431034482758994,3.321997143982899,0.002076025783647533,3.5426206896551724,0.860705832184638,-0.37715637273099717
Galium aparine,53059,52.3854416667,4.60855,282006316,282006316,"c(4.60855, 52.3854416667)",1,1.9354627132415771,16.55000000000001,2.150000000000034,3.281,1.9354627132415771,16.55000000000001,2.150000000000034,3.281,Galium_aparine,0.7318007946014404,2.736363410949707,2.0045626163482666,0.6004611224531667,16.350000000000023,19.850000000000023,3.5,0.057142857142853894,-3.749999999999943,9.350000000000023,13.099999999999966,0.4503816793893124,1.8900000000000001,4.956,3.0660000000000003,0.45368558382257007,1.4391883077292607,0.5047128551757025,0.9832806920274532,17.546551724137966,1.183965117313333,-0.8417069975839673,1.5431034482758994,3.321997143982899,0.1826902689616698,3.5426206896551724,0.860705832184638,-0.3039606330900864
Galium aparine,53059,52.1563411356,4.3570838112,282011719,282011719,"c(4.3570838112, 52.1563411356)",1,1.817342758178711,16.650000000000034,1.9500000000000455,4.613,1.817342758178711,16.650000000000034,1.9500000000000455,4.613,Galium_aparine,0.7318007946014404,2.736363410949707,2.0045626163482666,0.5415355722610522,16.350000000000023,19.850000000000023,3.5,0.08571428571428896,-3.749999999999943,9.350000000000023,13.099999999999966,0.4351145038167942,1.8900000000000001,4.956,3.0660000000000003,0.8881278538812786,1.4391883077292607,0.5047128551757025,0.7492467183499928,17.546551724137966,1.183965117313333,-0.7572450497295036,1.5431034482758994,3.321997143982899,0.12248552123566807,3.5426206896551724,0.860705832184638,1.243606433603451
Galium aparine,53059,51.1427277778,2.7806666667,284749114,284749114,"c(2.7806666667, 51.1427277778)",1,1.570520043373108,16.950000000000045,2.750000000000057,4.624,1.570520043373108,16.950000000000045,2.750000000000057,4.624,Galium_aparine,0.7318007946014404,2.736363410949707,2.0045626163482666,0.41840511338057945,16.350000000000023,19.850000000000023,3.5,0.17142857142857792,-3.749999999999943,9.350000000000023,13.099999999999966,0.4961832061068715,1.8900000000000001,4.956,3.0660000000000003,0.8917155903457271,1.4391883077292607,0.5047128551757025,0.2602107996597938,17.546551724137966,1.183965117313333,-0.5038592061661604,1.5431034482758994,3.321997143982899,0.36330451213969206,3.5426206896551724,0.860705832184638,1.2563866421121805
Galium aparine,53059,43.3620638889,-1.7919972222,320619699,320619699,"c(-1.7919972222, 43.3620638889)",1,2.736363410949707,19.850000000000023,6.650000000000034,2.9130000000000003,2.736363410949707,19.850000000000023,6.650000000000034,2.9130000000000003,Galium_aparine,0.7318007946014404,2.736363410949707,2.0045626163482666,1,16.350000000000023,19.850000000000023,3.5,1,-3.749999999999943,9.350000000000023,13.099999999999966,0.7938931297709927,1.8900000000000001,4.956,3.0660000000000003,0.3336594911937378,1.4391883077292607,0.5047128551757025,2.5701249530663706,17.546551724137966,1.183965117313333,1.945537281612711,1.5431034482758994,3.321997143982899,1.5372970927967853,3.5426206896551724,0.860705832184638,-0.7315166995639764
Galium aparine,53059,-36.8833866588,174.7746417671,321984594,321984594,"c(174.7746417671, -36.8833866588)",1,1.8326258659362793,19.150000000000034,9.250000000000057,3.027,1.8326258659362793,19.150000000000034,9.250000000000057,3.027,Galium_aparine,0.7318007946014404,2.736363410949707,2.0045626163482666,0.5491597330794404,16.350000000000023,19.850000000000023,3.5,0.8000000000000033,-3.749999999999943,9.350000000000023,13.099999999999966,0.992366412213743,1.8900000000000001,4.956,3.0660000000000003,0.3708414872798434,1.4391883077292607,0.5047128551757025,0.7795275158387905,17.546551724137966,1.183965117313333,1.354303646631609,1.5431034482758994,3.321997143982899,2.319958813234859,3.5426206896551724,0.860705832184638,-0.5990672659280432
Galium aparine,53059,-36.8833866588,174.7746417671,322905268,322905268,"c(174.7746417671, -36.8833866588)",1,1.8326258659362793,19.150000000000034,9.250000000000057,3.027,1.8326258659362793,19.150000000000034,9.250000000000057,3.027,Galium_aparine,0.7318007946014404,2.736363410949707,2.0045626163482666,0.5491597330794404,16.350000000000023,19.850000000000023,3.5,0.8000000000000033,-3.749999999999943,9.350000000000023,13.099999999999966,0.992366412213743,1.8900000000000001,4.956,3.0660000000000003,0.3708414872798434,1.4391883077292607,0.5047128551757025,0.7795275158387905,17.546551724137966,1.183965117313333,1.354303646631609,1.5431034482758994,3.321997143982899,2.319958813234859,3.5426206896551724,0.860705832184638,-0.5990672659280432
Galium aparine,53059,51.5745638889,-0.4818166667,348182789,348182789,"c(-0.4818166667, 51.5745638889)",1,0.9788654446601868,16.55000000000001,1.7500000000000568,3.516,0.9788654446601868,16.55000000000001,1.7500000000000568,3.516,Galium_aparine,0.7318007946014404,2.736363410949707,2.0045626163482666,0.12325115117073603,16.350000000000023,19.850000000000023,3.5,0.057142857142853894,-3.749999999999943,9.350000000000023,13.099999999999966,0.4198473282442759,1.8900000000000001,4.956,3.0660000000000003,0.5303326810176124,1.4391883077292607,0.5047128551757025,-0.9120490162843674,17.546551724137966,1.183965117313333,-0.8417069975839673,1.5431034482758994,3.321997143982899,0.06228077350966636,3.5426206896551724,0.860705832184638,-0.03092890585811871
Galium aparine,53059,50.8129277778,3.5729777778,352001491,352001491,"c(3.5729777778, 50.8129277778)",1,1.168046236038208,17.350000000000023,0.9500000000000455,4.335,1.168046236038208,17.350000000000023,0.9500000000000455,4.335,Galium_aparine,0.7318007946014404,2.736363410949707,2.0045626163482666,0.21762624817950593,16.350000000000023,19.850000000000023,3.5,0.2857142857142857,-3.749999999999943,9.350000000000023,13.099999999999966,0.3587786259541985,1.8900000000000001,4.956,3.0660000000000003,0.7974559686888453,1.4391883077292607,0.5047128551757025,-0.5372204589412759,17.546551724137966,1.183965117313333,-0.16601141474840167,1.5431034482758994,3.321997143982899,-0.1785382173943576,3.5426206896551724,0.860705832184638,0.9206157094737182
Galium aparine,53059,51.5601861111,6.3440361111,358616678,358616678,"c(6.3440361111, 51.5601861111)",1,1.1604255437850952,17.650000000000034,0.25000000000005684,4.679,1.1604255437850952,17.650000000000034,0.25000000000005684,4.679,Galium_aparine,0.7318007946014404,2.736363410949707,2.0045626163482666,0.2138245748414111,16.350000000000023,19.850000000000023,3.5,0.37142857142857466,-3.749999999999943,9.350000000000023,13.099999999999966,0.30534351145038247,1.8900000000000001,4.956,3.0660000000000003,0.9096542726679713,1.4391883077292607,0.5047128551757025,-0.5523195240333665,17.546551724137966,1.183965117313333,0.08737442881494145,1.5431034482758994,3.321997143982899,-0.3892548344353722,3.5426206896551724,0.860705832184638,1.3202876846558331
Geranium robertianum,55925,48.7315200634,-122.4558500332,111616008,111616008,"c(-122.4558500332, 48.7315200634)",1,1.9862115383148193,15.750000000000057,1.5500000000000114,2.681,1.9862115383148193,15.750000000000057,1.5500000000000114,2.681,Geranium_robertianum,0.7747697234153748,5.067353248596191,4.292583525180817,0.2822174123795098,12.950000000000045,19.950000000000045,7,0.40000000000000163,-11.449999999999989,9.750000000000057,21.200000000000045,0.61320754716981,1.631,6.042,4.411,0.23804126048515079,1.784053506470528,0.7845166812772009,0.2576848098566572,16.243277310924405,1.4682937804937999,-0.3359527347166553,-0.7903361344537492,4.919079411733205,0.47576709757347846,3.7839915966386557,1.1663163109623909,-0.94570536849349
Geranium robertianum,55925,41.0613379722,33.7311199722,129386942,129386942,"c(33.7311199722, 41.0613379722)",1,1.2377865314483643,13.450000000000045,-11.449999999999989,2.873,1.2377865314483643,13.450000000000045,-11.449999999999989,2.873,Geranium_robertianum,0.7747697234153748,5.067353248596191,4.292583525180817,0.1078643677675406,12.950000000000045,19.950000000000045,7,0.07142857142857142,-11.449999999999989,9.750000000000057,21.200000000000045,0,1.631,6.042,4.411,0.2815688052595784,1.784053506470528,0.7845166812772009,-0.6963102099152765,16.243277310924405,1.4682937804937999,-1.9023967465046105,-0.7903361344537492,4.919079411733205,-2.1670038178526534,3.7839915966386557,1.1663163109623909,-0.7810845034714012
Geranium robertianum,55925,41.0611749722,33.731301,129387067,129387067,"c(33.731301, 41.0611749722)",1,1.2377865314483643,13.450000000000045,-11.449999999999989,2.873,1.2377865314483643,13.450000000000045,-11.449999999999989,2.873,Geranium_robertianum,0.7747697234153748,5.067353248596191,4.292583525180817,0.1078643677675406,12.950000000000045,19.950000000000045,7,0.07142857142857142,-11.449999999999989,9.750000000000057,21.200000000000045,0,1.631,6.042,4.411,0.2815688052595784,1.784053506470528,0.7845166812772009,-0.6963102099152765,16.243277310924405,1.4682937804937999,-1.9023967465046105,-0.7903361344537492,4.919079411733205,-2.1670038178526534,3.7839915966386557,1.1663163109623909,-0.7810845034714012
Geranium robertianum,55925,41.0614369722,33.7309219722,129387148,129387148,"c(33.7309219722, 41.0614369722)",1,1.2377865314483643,13.450000000000045,-11.449999999999989,2.873,1.2377865314483643,13.450000000000045,-11.449999999999989,2.873,Geranium_robertianum,0.7747697234153748,5.067353248596191,4.292583525180817,0.1078643677675406,12.950000000000045,19.950000000000045,7,0.07142857142857142,-11.449999999999989,9.750000000000057,21.200000000000045,0,1.631,6.042,4.411,0.2815688052595784,1.784053506470528,0.7845166812772009,-0.6963102099152765,16.243277310924405,1.4682937804937999,-1.9023967465046105,-0.7903361344537492,4.919079411733205,-2.1670038178526534,3.7839915966386557,1.1663163109623909,-0.7810845034714012
Geranium robertianum,55925,-36.9030840555,174.8272677373,131044423,131044423,"c(174.8272677373, -36.9030840555)",1,1.7503036260604858,19.450000000000045,9.350000000000023,2.791,1.7503036260604858,19.450000000000045,9.350000000000023,2.791,Geranium_robertianum,0.7747697234153748,5.067353248596191,4.292583525180817,0.22726031932110596,12.950000000000045,19.950000000000045,7,0.9285714285714286,-11.449999999999989,9.750000000000057,21.200000000000045,0.9811320754716966,1.631,6.042,4.411,0.2629789163454999,1.784053506470528,0.7845166812772009,-0.04301996530538662,16.243277310924405,1.4682937804937999,2.1839789364204703,-0.7903361344537492,4.919079411733205,2.06142964682916,3.7839915966386557,1.1663163109623909,-0.8513913312412518
Geranium robertianum,55925,53.5810514692,10.9593233568,141911087,141911087,"c(10.9593233568, 53.5810514692)",1,1.1037864685058594,16.750000000000057,-1.4499999999999886,4.839,1.1037864685058594,16.750000000000057,-1.4499999999999886,4.839,Geranium_robertianum,0.7747697234153748,5.067353248596191,4.292583525180817,0.07664772115916496,12.950000000000045,19.950000000000045,7,0.5428571428571445,-11.449999999999989,9.750000000000057,21.200000000000045,0.4716981132075462,1.631,6.042,4.411,0.7272727272727274,1.784053506470528,0.7845166812772009,-0.8671160909634035,16.243277310924405,1.4682937804937999,0.3451098791041915,-0.7903361344537492,4.919079411733205,-0.13410311367870584,3.7839915966386557,1.1663163109623909,0.9045645623276931
Geranium robertianum,55925,47.7722129,13.3578462,141919535,141919535,"c(13.3578462, 47.7722129)",1,2.0012848377227783,16.850000000000023,-7.0499999999999545,2.185,2.0012848377227783,16.850000000000023,-7.0499999999999545,2.185,Geranium_robertianum,0.7747697234153748,5.067353248596191,4.292583525180817,0.2857288873035357,12.950000000000045,19.950000000000045,7,0.5571428571428539,-11.449999999999989,9.750000000000057,21.200000000000045,0.20754716981132193,1.631,6.042,4.411,0.1255951031512129,1.784053506470528,0.7845166812772009,0.2768982947546705,16.243277310924405,1.4682937804937999,0.41321614048625294,-0.7903361344537492,4.919079411733205,-1.2725275080161096,3.7839915966386557,1.1663163109623909,-1.3709759364672187
Geranium robertianum,55925,58.1055806612,6.9956323104000004,142552800,142552800,"c(6.9956323104, 58.1055806612)",1,4.812641620635986,13.850000000000023,-0.8499999999999659,4.099,4.812641620635986,13.850000000000023,-0.8499999999999659,4.099,Geranium_robertianum,0.7747697234153748,5.067353248596191,4.292583525180817,0.9406623944610429,12.950000000000045,19.950000000000045,7,0.1285714285714253,-11.449999999999989,9.750000000000057,21.200000000000045,0.5,1.631,6.042,4.411,0.5595103151212877,1.784053506470528,0.7845166812772009,3.860450881981104,16.243277310924405,1.4682937804937999,-1.6299717009762873,-0.7903361344537492,4.919079411733205,-0.01212907142826437,3.7839915966386557,1.1663163109623909,0.27008831172172665
Geranium robertianum,55925,45.7873390838,10.6109464903,143571066,143571066,"c(10.6109464903, 45.7873390838)",1,2.0887269973754883,16.05000000000001,-6.349999999999966,2.325,2.0887269973754883,16.05000000000001,-6.349999999999966,2.325,Geranium_robertianum,0.7747697234153748,5.067353248596191,4.292583525180817,0.3060994075601047,12.950000000000045,19.950000000000045,7,0.442857142857138,-11.449999999999989,9.750000000000057,21.200000000000045,0.2405660377358496,1.631,6.042,4.411,0.15733393788256636,1.784053506470528,0.7845166812772009,0.38835820598352194,16.243277310924405,1.4682937804937999,-0.13163395057043223,-0.7903361344537492,4.919079411733205,-1.1302244587239354,3.7839915966386557,1.1663163109623909,-1.250939889055279
Geranium robertianum,55925,51.7104902238,10.4777853764,146816965,146816965,"c(10.4777853764, 51.7104902238)",1,2.284736156463623,14.750000000000057,-4.149999999999977,2.748,2.284736156463623,14.750000000000057,-4.149999999999977,2.748,Geranium_robertianum,0.7747697234153748,5.067353248596191,4.292583525180817,0.35176168947921493,12.950000000000045,19.950000000000045,7,0.2571428571428588,-11.449999999999989,9.750000000000057,21.200000000000045,0.34433962264150925,1.631,6.042,4.411,0.2532305599637271,1.784053506470528,0.7845166812772009,0.6382052312488483,16.243277310924405,1.4682937804937999,-1.017015348537502,-0.7903361344537492,4.919079411733205,-0.6829863038056694,3.7839915966386557,1.1663163109623909,-0.8882595458034901
Geranium robertianum,55925,51.6038233856,10.7954609472,146817104,146817104,"c(10.7954609472, 51.6038233856)",1,1.3249348402023315,15.550000000000011,-3.849999999999966,3.466,1.3249348402023315,15.550000000000011,-3.849999999999966,3.466,Geranium_robertianum,0.7747697234153748,5.067353248596191,4.292583525180817,0.12816643253640175,12.950000000000045,19.950000000000045,7,0.37142857142856656,-11.449999999999989,9.750000000000057,21.200000000000045,0.35849056603773616,1.631,6.042,4.411,0.4160054409430969,1.784053506470528,0.7845166812772009,-0.5852248616571758,16.243277310924405,1.4682937804937999,-0.47216525748085564,-0.7903361344537492,4.919079411733205,-0.6219992826804486,3.7839915966386557,1.1663163109623909,-0.2726461026479715
Geranium robertianum,55925,51.7993186321,9.6427951287,153950137,153950137,"c(9.6427951287, 51.7993186321)",1,1.437892198562622,16.05000000000001,-2.249999999999943,2.317,1.437892198562622,16.05000000000001,-2.249999999999943,2.317,Geranium_robertianum,0.7747697234153748,5.067353248596191,4.292583525180817,0.15448097195017646,12.950000000000045,19.950000000000045,7,0.442857142857138,-11.449999999999989,9.750000000000057,21.200000000000045,0.43396226415094463,1.631,6.042,4.411,0.1555202901836319,1.784053506470528,0.7845166812772009,-0.4412414881278904,16.243277310924405,1.4682937804937999,-0.13163395057043223,-0.7903361344537492,4.919079411733205,-0.2967351700126124,3.7839915966386557,1.1663163109623909,-1.2577990917645328
Geranium robertianum,55925,53.141874,8.0237899722,156049772,156049772,"c(8.0237899722, 53.141874)",1,1.304643154144287,16.750000000000057,-0.3499999999999659,4.817,1.304643154144287,16.750000000000057,-0.3499999999999659,4.817,Geranium_robertianum,0.7747697234153748,5.067353248596191,4.292583525180817,0.1234392825720479,12.950000000000045,19.950000000000045,7,0.5428571428571445,-11.449999999999989,9.750000000000057,21.200000000000045,0.5235849056603773,1.631,6.042,4.411,0.7222851961006576,1.784053506470528,0.7845166812772009,-0.6110900682771413,16.243277310924405,1.4682937804937999,0.3451098791041915,-0.7903361344537492,4.919079411733205,0.08951596378043301,3.7839915966386557,1.1663163109623909,0.8857017548772452
Geranium robertianum,55925,51.6289164,10.40835,160540663,160540663,"c(10.40835, 51.6289164)",1,1.8560001850128174,15.850000000000023,-3.5499999999999545,3.208,1.8560001850128174,15.850000000000023,-3.5499999999999545,3.208,Geranium_robertianum,0.7747697234153748,5.067353248596191,4.292583525180817,0.2518833833412474,12.950000000000045,19.950000000000045,7,0.41428571428571104,-11.449999999999989,9.750000000000057,21.200000000000045,0.37264150943396307,1.631,6.042,4.411,0.35751530265245984,1.784053506470528,0.7845166812772009,0.09170828391457453,16.243277310924405,1.4682937804937999,-0.2678464733345938,-0.7903361344537492,4.919079411733205,-0.5610122615552279,3.7839915966386557,1.1663163109623909,-0.49385539002140305
Geranium robertianum,55925,51.380425,-0.2459083333,163518512,163518512,"c(-0.2459083333, 51.380425)",1,0.9905174374580383,16.750000000000057,1.7500000000000568,2.734,0.9905174374580383,16.750000000000057,1.7500000000000568,2.734,Geranium_robertianum,0.7747697234153748,5.067353248596191,4.292583525180817,0.05026057449483773,12.950000000000045,19.950000000000045,7,0.5428571428571445,-11.449999999999989,9.750000000000057,21.200000000000045,0.6226415094339631,1.631,6.042,4.411,0.2500566764905917,1.784053506470528,0.7845166812772009,-1.0114967443657223,16.243277310924405,1.4682937804937999,0.3451098791041915,-0.7903361344537492,4.919079411733205,0.5164251116569667,3.7839915966386557,1.1663163109623909,-0.9002631505446843
Geranium robertianum,55925,53.2945009722,9.863269,173193403,173193403,"c(9.863269, 53.2945009722)",1,1.2982075214385986,16.850000000000023,-1.1499999999999773,2.871,1.2982075214385986,16.850000000000023,-1.1499999999999773,2.871,Geranium_robertianum,0.7747697234153748,5.067353248596191,4.292583525180817,0.12194003796377499,12.950000000000045,19.950000000000045,7,0.5571428571428539,-11.449999999999989,9.750000000000057,21.200000000000045,0.4858490566037731,1.631,6.042,4.411,0.28111539333484475,1.784053506470528,0.7845166812772009,-0.6192933772178909,16.243277310924405,1.4682937804937999,0.41321614048625294,-0.7903361344537492,4.919079411733205,-0.07311609255348511,3.7839915966386557,1.1663163109623909,-0.7827993041487149
Geranium robertianum,55925,53.2947059722,9.8631879722,173194360,173194360,"c(9.8631879722, 53.2947059722)",1,1.2982075214385986,16.850000000000023,-1.1499999999999773,2.871,1.2982075214385986,16.850000000000023,-1.1499999999999773,2.871,Geranium_robertianum,0.7747697234153748,5.067353248596191,4.292583525180817,0.12194003796377499,12.950000000000045,19.950000000000045,7,0.5571428571428539,-11.449999999999989,9.750000000000057,21.200000000000045,0.4858490566037731,1.631,6.042,4.411,0.28111539333484475,1.784053506470528,0.7845166812772009,-0.6192933772178909,16.243277310924405,1.4682937804937999,0.41321614048625294,-0.7903361344537492,4.919079411733205,-0.07311609255348511,3.7839915966386557,1.1663163109623909,-0.7827993041487149
Geranium robertianum,55925,47.6633759375,11.1311137676,176265648,176265648,"c(11.1311137676, 47.6633759375)",1,1.7195351123809814,16.950000000000045,-7.349999999999966,1.631,1.7195351123809814,16.950000000000045,-7.349999999999966,1.631,Geranium_robertianum,0.7747697234153748,5.067353248596191,4.292583525180817,0.22009248822381627,12.950000000000045,19.950000000000045,7,0.5714285714285714,-11.449999999999989,9.750000000000057,21.200000000000045,0.193396226415095,1.631,6.042,4.411,0,1.784053506470528,0.7845166812772009,-0.0822396714171967,16.243277310924405,1.4682937804937999,0.4813224018683531,-0.7903361344537492,4.919079411733205,-1.3335145291413302,3.7839915966386557,1.1663163109623909,-1.845975724083037
Geranium robertianum,55925,47.4693152519,11.1194096133,177706457,177706457,"c(11.1194096133, 47.4693152519)",1,1.6504383087158203,15.550000000000011,-8.749999999999943,1.685,1.6504383087158203,15.550000000000011,-8.749999999999943,1.685,Geranium_robertianum,0.7747697234153748,5.067353248596191,4.292583525180817,0.20399570099537195,12.950000000000045,19.950000000000045,7,0.37142857142856656,-11.449999999999989,9.750000000000057,21.200000000000045,0.1273584905660396,1.631,6.042,4.411,0.012242121967807766,1.784053506470528,0.7845166812772009,-0.17031530487940794,16.243277310924405,1.4682937804937999,-0.47216525748085564,-0.7903361344537492,4.919079411733205,-1.6181206277256783,3.7839915966386557,1.1663163109623909,-1.7996761057955744
Geranium robertianum,55925,47.4621559514,11.1243166453,177711487,177711487,"c(11.1243166453, 47.4621559514)",1,1.6739435195922852,15.350000000000023,-9.049999999999955,1.954,1.6739435195922852,15.350000000000023,-9.049999999999955,1.954,Geranium_robertianum,0.7747697234153748,5.067353248596191,4.292583525180817,0.20947147350826084,12.950000000000045,19.950000000000045,7,0.3428571428571396,-11.449999999999989,9.750000000000057,21.200000000000045,0.11320754716981268,1.631,6.042,4.411,0.07322602584447971,1.784053506470528,0.7845166812772009,-0.14035391407991832,16.243277310924405,1.4682937804937999,-0.6083777802450172,-0.7903361344537492,4.919079411733205,-1.6791076488508991,3.7839915966386557,1.1663163109623909,-1.569035414696919
Geranium robertianum,55925,47.4656489722,11.12386,177868166,177868166,"c(11.12386, 47.4656489722)",1,1.6739435195922852,15.350000000000023,-9.049999999999955,1.954,1.6739435195922852,15.350000000000023,-9.049999999999955,1.954,Geranium_robertianum,0.7747697234153748,5.067353248596191,4.292583525180817,0.20947147350826084,12.950000000000045,19.950000000000045,7,0.3428571428571396,-11.449999999999989,9.750000000000057,21.200000000000045,0.11320754716981268,1.631,6.042,4.411,0.07322602584447971,1.784053506470528,0.7845166812772009,-0.14035391407991832,16.243277310924405,1.4682937804937999,-0.6083777802450172,-0.7903361344537492,4.919079411733205,-1.6791076488508991,3.7839915966386557,1.1663163109623909,-1.569035414696919
Geranium robertianum,55925,47.4624889722,11.127005,177869246,177869246,"c(11.127005, 47.4624889722)",1,1.7140485048294067,14.950000000000045,-9.449999999999989,2.473,1.7140485048294067,14.950000000000045,-9.449999999999989,2.473,Geranium_robertianum,0.7747697234153748,5.067353248596191,4.292583525180817,0.21881432845840004,12.950000000000045,19.950000000000045,7,0.2857142857142857,-11.449999999999989,9.750000000000057,21.200000000000045,0.09433962264150923,1.631,6.042,4.411,0.19088642031285422,1.784053506470528,0.7845166812772009,-0.08923328631731897,16.243277310924405,1.4682937804937999,-0.8808028257733405,-0.7903361344537492,4.919079411733205,-1.7604236770178638,3.7839915966386557,1.1663163109623909,-1.1240446389340861
Geranium robertianum,55925,47.461839,11.127133,177963452,177963452,"c(11.127133, 47.461839)",1,1.7140485048294067,14.950000000000045,-9.449999999999989,2.473,1.7140485048294067,14.950000000000045,-9.449999999999989,2.473,Geranium_robertianum,0.7747697234153748,5.067353248596191,4.292583525180817,0.21881432845840004,12.950000000000045,19.950000000000045,7,0.2857142857142857,-11.449999999999989,9.750000000000057,21.200000000000045,0.09433962264150923,1.631,6.042,4.411,0.19088642031285422,1.784053506470528,0.7845166812772009,-0.08923328631731897,16.243277310924405,1.4682937804937999,-0.8808028257733405,-0.7903361344537492,4.919079411733205,-1.7604236770178638,3.7839915966386557,1.1663163109623909,-1.1240446389340861
Geranium robertianum,55925,47.46268,11.128206,177965042,177965042,"c(11.128206, 47.46268)",1,1.7140485048294067,14.950000000000045,-9.449999999999989,2.473,1.7140485048294067,14.950000000000045,-9.449999999999989,2.473,Geranium_robertianum,0.7747697234153748,5.067353248596191,4.292583525180817,0.21881432845840004,12.950000000000045,19.950000000000045,7,0.2857142857142857,-11.449999999999989,9.750000000000057,21.200000000000045,0.09433962264150923,1.631,6.042,4.411,0.19088642031285422,1.784053506470528,0.7845166812772009,-0.08923328631731897,16.243277310924405,1.4682937804937999,-0.8808028257733405,-0.7903361344537492,4.919079411733205,-1.7604236770178638,3.7839915966386557,1.1663163109623909,-1.1240446389340861
Geranium robertianum,55925,47.46268,11.128206,177965747,177965747,"c(11.128206, 47.46268)",1,1.7140485048294067,14.950000000000045,-9.449999999999989,2.473,1.7140485048294067,14.950000000000045,-9.449999999999989,2.473,Geranium_robertianum,0.7747697234153748,5.067353248596191,4.292583525180817,0.21881432845840004,12.950000000000045,19.950000000000045,7,0.2857142857142857,-11.449999999999989,9.750000000000057,21.200000000000045,0.09433962264150923,1.631,6.042,4.411,0.19088642031285422,1.784053506470528,0.7845166812772009,-0.08923328631731897,16.243277310924405,1.4682937804937999,-0.8808028257733405,-0.7903361344537492,4.919079411733205,-1.7604236770178638,3.7839915966386557,1.1663163109623909,-1.1240446389340861
Geranium robertianum,55925,47.47675,11.148872,177981497,177981497,"c(11.148872, 47.47675)",1,1.6920408010482788,15.150000000000034,-9.249999999999943,1.843,1.6920408010482788,15.150000000000034,-9.249999999999943,1.843,Geranium_robertianum,0.7747697234153748,5.067353248596191,4.292583525180817,0.21368741510842607,12.950000000000045,19.950000000000045,7,0.31428571428571267,-11.449999999999989,9.750000000000057,21.200000000000045,0.1037735849056623,1.631,6.042,4.411,0.04806166402176377,1.784053506470528,0.7845166812772009,-0.11728584951495445,16.243277310924405,1.4682937804937999,-0.7445903030091788,-0.7903361344537492,4.919079411733205,-1.7197656629343756,3.7839915966386557,1.1663163109623909,-1.664206852287814
Geranium robertianum,55925,47.467338453000004,11.1394193634,177987832,177987832,"c(11.1394193634, 47.467338453)",1,1.807159423828125,14.050000000000011,-10.149999999999977,1.875,1.807159423828125,14.050000000000011,-10.149999999999977,1.875,Geranium_robertianum,0.7747697234153748,5.067353248596191,4.292583525180817,0.24050544255146739,12.950000000000045,19.950000000000045,7,0.15714285714285228,-11.449999999999989,9.750000000000057,21.200000000000045,0.061320754716981535,1.631,6.042,4.411,0.05531625481750171,1.784053506470528,0.7845166812772009,0.029452423267763112,16.243277310924405,1.4682937804937999,-1.4937591782121258,-0.7903361344537492,4.919079411733205,-1.9027267263100378,3.7839915966386557,1.1663163109623909,-1.6367700414507993
Geranium robertianum,55925,47.467338453000004,11.1394193634,177988931,177988931,"c(11.1394193634, 47.467338453)",1,1.807159423828125,14.050000000000011,-10.149999999999977,1.875,1.807159423828125,14.050000000000011,-10.149999999999977,1.875,Geranium_robertianum,0.7747697234153748,5.067353248596191,4.292583525180817,0.24050544255146739,12.950000000000045,19.950000000000045,7,0.15714285714285228,-11.449999999999989,9.750000000000057,21.200000000000045,0.061320754716981535,1.631,6.042,4.411,0.05531625481750171,1.784053506470528,0.7845166812772009,0.029452423267763112,16.243277310924405,1.4682937804937999,-1.4937591782121258,-0.7903361344537492,4.919079411733205,-1.9027267263100378,3.7839915966386557,1.1663163109623909,-1.6367700414507993
Geranium robertianum,55925,45.8829909722,-1.2548619722,183676729,183676729,"c(-1.2548619722, 45.8829909722)",1,1.1395916938781738,19.55000000000001,4.9500000000000455,3.469,1.1395916938781738,19.55000000000001,4.9500000000000455,3.469,Geranium_robertianum,0.7747697234153748,5.067353248596191,4.292583525180817,0.0849889043096562,12.950000000000045,19.950000000000045,7,0.942857142857138,-11.449999999999989,9.750000000000057,21.200000000000045,0.7735849056603773,1.631,6.042,4.411,0.41668555883019726,1.784053506470528,0.7845166812772009,-0.8214762387756549,16.243277310924405,1.4682937804937999,2.2520851978025314,-0.7903361344537492,4.919079411733205,1.1669533369926275,3.7839915966386557,1.1663163109623909,-0.2700739016320017
Geranium robertianum,55925,45.8829909722,-1.2548619722,183676795,183676795,"c(-1.2548619722, 45.8829909722)",1,1.1395916938781738,19.55000000000001,4.9500000000000455,3.469,1.1395916938781738,19.55000000000001,4.9500000000000455,3.469,Geranium_robertianum,0.7747697234153748,5.067353248596191,4.292583525180817,0.0849889043096562,12.950000000000045,19.950000000000045,7,0.942857142857138,-11.449999999999989,9.750000000000057,21.200000000000045,0.7735849056603773,1.631,6.042,4.411,0.41668555883019726,1.784053506470528,0.7845166812772009,-0.8214762387756549,16.243277310924405,1.4682937804937999,2.2520851978025314,-0.7903361344537492,4.919079411733205,1.1669533369926275,3.7839915966386557,1.1663163109623909,-0.2700739016320017
Geranium robertianum,55925,53.2215913,8.1316147997,186841276,186841276,"c(8.1316147997, 53.2215913)",1,1.3451786041259766,16.55000000000001,-0.44999999999998863,4.3,1.3451786041259766,16.55000000000001,-0.44999999999998863,4.3,Geranium_robertianum,0.7747697234153748,5.067353248596191,4.292583525180817,0.1328824185632065,12.950000000000045,19.950000000000045,7,0.5142857142857095,-11.449999999999989,9.750000000000057,21.200000000000045,0.5188679245283008,1.631,6.042,4.411,0.6050782135570165,1.784053506470528,0.7845166812772009,-0.5594207399517099,16.243277310924405,1.4682937804937999,0.20889735633999115,-0.7903361344537492,4.919079411733205,0.06918695673868891,3.7839915966386557,1.1663163109623909,0.44242577979172526
Geranium robertianum,55925,51.3909305556,-0.2277055556,189251385,189251385,"c(-0.2277055556, 51.3909305556)",1,0.9881361126899719,16.750000000000057,1.7500000000000568,3.244,0.9881361126899719,16.750000000000057,1.7500000000000568,3.244,Geranium_robertianum,0.7747697234153748,5.067353248596191,4.292583525180817,0.04970582122000981,12.950000000000045,19.950000000000045,7,0.5428571428571445,-11.449999999999989,9.750000000000057,21.200000000000045,0.6226415094339631,1.631,6.042,4.411,0.365676717297665,1.784053506470528,0.7845166812772009,-1.0145321479777776,16.243277310924405,1.4682937804937999,0.3451098791041915,-0.7903361344537492,4.919079411733205,0.5164251116569667,3.7839915966386557,1.1663163109623909,-0.4629889778297614
Geranium robertianum,55925,47.109211,11.810459,195570323,195570323,"c(11.810459, 47.109211)",1,1.4942706823349,14.650000000000034,-8.449999999999989,3.955,1.4942706823349,14.650000000000034,-8.449999999999989,3.955,Geranium_robertianum,0.7747697234153748,5.067353248596191,4.292583525180817,0.16761490014086974,12.950000000000045,19.950000000000045,7,0.24285714285714124,-11.449999999999989,9.750000000000057,21.200000000000045,0.14150943396226384,1.631,6.042,4.411,0.526864656540467,1.784053506470528,0.7845166812772009,-0.36937751745935965,16.243277310924405,1.4682937804937999,-1.0851216099196022,-0.7903361344537492,4.919079411733205,-1.557133606600469,3.7839915966386557,1.1663163109623909,0.14662266295516013
Geranium robertianum,55925,51.0559051098,-0.2854259312,202985913,202985913,"c(-0.2854259312, 51.0559051098)",1,1.1469768285751343,16.450000000000045,1.7500000000000568,4.255,1.1469768285751343,16.450000000000045,1.7500000000000568,4.255,Geranium_robertianum,0.7747697234153748,5.067353248596191,4.292583525180817,0.08670934484474149,12.950000000000045,19.950000000000045,7,0.5,-11.449999999999989,9.750000000000057,21.200000000000045,0.6226415094339631,1.631,6.042,4.411,0.5948764452505101,1.784053506470528,0.7845166812772009,-0.8120626279841835,16.243277310924405,1.4682937804937999,0.1407910949579297,-0.7903361344537492,4.919079411733205,0.5164251116569667,3.7839915966386557,1.1663163109623909,0.40384276455217333
Geranium robertianum,55925,51.8867944444,10.4010805556,204018960,204018960,"c(10.4010805556, 51.8867944444)",1,1.6350098848342896,15.150000000000034,-3.5499999999999545,4.601,1.6350098848342896,15.150000000000034,-3.5499999999999545,4.601,Geranium_robertianum,0.7747697234153748,5.067353248596191,4.292583525180817,0.20040149629532925,12.950000000000045,19.950000000000045,7,0.31428571428571267,-11.449999999999989,9.750000000000057,21.200000000000045,0.37264150943396307,1.631,6.042,4.411,0.6733167082294265,1.784053506470528,0.7845166812772009,-0.1899814563453183,16.243277310924405,1.4682937804937999,-0.7445903030091788,-0.7903361344537492,4.919079411733205,-0.5610122615552279,3.7839915966386557,1.1663163109623909,0.7005032817273955
Geranium robertianum,55925,51.8091222222,10.3405916667,204117569,204117569,"c(10.3405916667, 51.8091222222)",1,2.387782573699951,14.350000000000023,-4.0499999999999545,3.399,2.387782573699951,14.350000000000023,-4.0499999999999545,3.399,Geranium_robertianum,0.7747697234153748,5.067353248596191,4.292583525180817,0.37576737664449555,12.950000000000045,19.950000000000045,7,0.19999999999999676,-11.449999999999989,9.750000000000057,21.200000000000045,0.34905660377358577,1.631,6.042,4.411,0.40081614146452055,1.784053506470528,0.7845166812772009,0.769555423915966,16.243277310924405,1.4682937804937999,-1.289440394065864,-0.7903361344537492,4.919079411733205,-0.6626572967639253,3.7839915966386557,1.1663163109623909,-0.3300919253379713
Geranium robertianum,55925,53.157467,8.143282,206588757,206588757,"c(8.143282, 53.157467)",1,1.2942602634429932,16.750000000000057,-0.3499999999999659,4.956,1.2942602634429932,16.750000000000057,-0.3499999999999659,4.956,Geranium_robertianum,0.7747697234153748,5.067353248596191,4.292583525180817,0.12102048497838744,12.950000000000045,19.950000000000045,7,0.5428571428571445,-11.449999999999989,9.750000000000057,21.200000000000045,0.5235849056603773,1.631,6.042,4.411,0.7537973248696442,1.784053506470528,0.7845166812772009,-0.6243248291803645,16.243277310924405,1.4682937804937999,0.3451098791041915,-0.7903361344537492,4.919079411733205,0.08951596378043301,3.7839915966386557,1.1663163109623909,1.0048804019505284
Geranium robertianum,55925,50.54007,8.544369,216634879,216634879,"c(8.544369, 50.54007)",1,1.1163545846939087,16.950000000000045,-2.1499999999999773,2.9370000000000003,1.1163545846939087,16.950000000000045,-2.1499999999999773,2.9370000000000003,Geranium_robertianum,0.7747697234153748,5.067353248596191,4.292583525180817,0.07957558875086661,12.950000000000045,19.950000000000045,7,0.5714285714285714,-11.449999999999989,9.750000000000057,21.200000000000045,0.43867924528301844,1.631,6.042,4.411,0.2960779868510543,1.784053506470528,0.7845166812772009,-0.8510958883494981,16.243277310924405,1.4682937804937999,0.4813224018683531,-0.7903361344537492,4.919079411733205,-0.2764061629708799,3.7839915966386557,1.1663163109623909,-0.7262108817973717
Geranium robertianum,55925,53.2264456997,8.0798527997,219313690,219313690,"c(8.0798527997, 53.2264456997)",1,1.3427296876907349,16.55000000000001,-0.44999999999998863,3.624,1.3427296876907349,16.55000000000001,-0.44999999999998863,3.624,Geranium_robertianum,0.7747697234153748,5.067353248596191,4.292583525180817,0.13231191913765636,12.950000000000045,19.950000000000045,7,0.5142857142857095,-11.449999999999989,9.750000000000057,21.200000000000045,0.5188679245283008,1.631,6.042,4.411,0.45182498299705287,1.784053506470528,0.7845166812772009,-0.562542300644664,16.243277310924405,1.4682937804937999,0.20889735633999115,-0.7903361344537492,4.919079411733205,0.06918695673868891,3.7839915966386557,1.1663163109623909,-0.13717684914021125
Geranium robertianum,55925,53.151077,8.161001,220432402,220432402,"c(8.161001, 53.151077)",1,1.29326331615448,16.750000000000057,-0.3499999999999659,4.553,1.29326331615448,16.750000000000057,-0.3499999999999659,4.553,Geranium_robertianum,0.7747697234153748,5.067353248596191,4.292583525180817,0.12078823619798165,12.950000000000045,19.950000000000045,7,0.5428571428571445,-11.449999999999989,9.750000000000057,21.200000000000045,0.5235849056603773,1.631,6.042,4.411,0.6624348220358195,1.784053506470528,0.7845166812772009,-0.6255956081354915,16.243277310924405,1.4682937804937999,0.3451098791041915,-0.7903361344537492,4.919079411733205,0.08951596378043301,3.7839915966386557,1.1663163109623909,0.6593480654718733
Geranium robertianum,55925,51.4404729334,23.0285744496,238384757,238384757,"c(23.0285744496, 51.4404729334)",1,0.8076581954956055,18.05000000000001,-5.0499999999999545,3.825,0.8076581954956055,18.05000000000001,-5.0499999999999545,3.825,Geranium_robertianum,0.7747697234153748,5.067353248596191,4.292583525180817,0.0076616964788927084,12.950000000000045,19.950000000000045,7,0.7285714285714237,-11.449999999999989,9.750000000000057,21.200000000000045,0.3018867924528312,1.631,6.042,4.411,0.4973928814327817,1.784053506470528,0.7845166812772009,-1.2445819627255617,16.243277310924405,1.4682937804937999,1.2304912770712613,-0.7903361344537492,4.919079411733205,-0.86594736718132,3.7839915966386557,1.1663163109623909,0.03516061892978777
Geranium robertianum,55925,47.262486,10.075141,252944250,252944250,"c(10.075141, 47.262486)",1,2.9545176029205322,13.450000000000045,-9.349999999999966,2.237,2.9545176029205322,13.450000000000045,-9.349999999999966,2.237,Geranium_robertianum,0.7747697234153748,5.067353248596191,4.292583525180817,0.5077939349854211,12.950000000000045,19.950000000000045,7,0.07142857142857142,-11.449999999999989,9.750000000000057,21.200000000000045,0.09905660377358577,1.631,6.042,4.411,0.13738381319428705,1.784053506470528,0.7845166812772009,1.4919556516560961,16.243277310924405,1.4682937804937999,-1.9023967465046105,-0.7903361344537492,4.919079411733205,-1.7400946699761197,3.7839915966386557,1.1663163109623909,-1.3263911188570696
Geranium robertianum,55925,47.5702805556,10.59135,253765805,253765805,"c(10.59135, 47.5702805556)",1,2.4610390663146973,13.950000000000045,-9.149999999999977,3.2840000000000003,2.4610390663146973,13.950000000000045,-9.149999999999977,3.2840000000000003,Geranium_robertianum,0.7747697234153748,5.067353248596191,4.292583525180817,0.39283320476059735,12.950000000000045,19.950000000000045,7,0.14285714285714285,-11.449999999999989,9.750000000000057,21.200000000000045,0.10849056603773616,1.631,6.042,4.411,0.3747449557923374,1.784053506470528,0.7845166812772009,0.8629332887377615,16.243277310924405,1.4682937804937999,-1.5618654395941873,-0.7903361344537492,4.919079411733205,-1.699436655892643,3.7839915966386557,1.1663163109623909,-0.4286929642834929
Geranium robertianum,55925,51.488825,-0.2348583333,259193809,259193809,"c(-0.2348583333, 51.488825)",1,0.965961217880249,16.850000000000023,1.9500000000000455,2.833,0.965961217880249,16.850000000000023,1.9500000000000455,2.833,Geranium_robertianum,0.7747697234153748,5.067353248596191,4.292583525180817,0.044539959058064155,12.950000000000045,19.950000000000045,7,0.5571428571428539,-11.449999999999989,9.750000000000057,21.200000000000045,0.6320754716981135,1.631,6.042,4.411,0.27250056676490597,1.784053506470528,0.7845166812772009,-1.0427978245898057,16.243277310924405,1.4682937804937999,0.41321614048625294,-0.7903361344537492,4.919079411733205,0.5570831257404433,3.7839915966386557,1.1663163109623909,-0.8153805170176697
Geranium robertianum,55925,43.5207251451,-5.6144468486,263363257,263363257,"c(-5.6144468486, 43.5207251451)",1,1.5338658094406128,18.850000000000023,6.350000000000023,2.7960000000000003,1.5338658094406128,18.850000000000023,6.350000000000023,2.7960000000000003,Geranium_robertianum,0.7747697234153748,5.067353248596191,4.292583525180817,0.1768389785713634,12.950000000000045,19.950000000000045,7,0.8428571428571396,-11.449999999999989,9.750000000000057,21.200000000000045,0.8396226415094327,1.631,6.042,4.411,0.26411244615733404,1.784053506470528,0.7845166812772009,-0.3189067906403306,16.243277310924405,1.4682937804937999,1.7753413681279464,-0.7903361344537492,4.919079411733205,1.4515594355769756,3.7839915966386557,1.1663163109623909,-0.847104329547968
Geranium robertianum,55925,51.5405033333,-0.2378766667,265606563,265606563,"c(-0.2378766667, 51.5405033333)",1,0.9905799031257629,16.55000000000001,1.7500000000000568,2.91,0.9905799031257629,16.55000000000001,1.7500000000000568,2.91,Geranium_robertianum,0.7747697234153748,5.067353248596191,4.292583525180817,0.05027512649303606,12.950000000000045,19.950000000000045,7,0.5142857142857095,-11.449999999999989,9.750000000000057,21.200000000000045,0.6226415094339631,1.631,6.042,4.411,0.2899569258671504,1.784053506470528,0.7845166812772009,-1.0114171212433396,16.243277310924405,1.4682937804937999,0.20889735633999115,-0.7903361344537492,4.919079411733205,0.5164251116569667,3.7839915966386557,1.1663163109623909,-0.749360690941103
Geranium robertianum,55925,51.3804583333,-0.2461777778,266010142,266010142,"c(-0.2461777778, 51.3804583333)",1,0.9905174374580383,16.750000000000057,1.7500000000000568,2.734,0.9905174374580383,16.750000000000057,1.7500000000000568,2.734,Geranium_robertianum,0.7747697234153748,5.067353248596191,4.292583525180817,0.05026057449483773,12.950000000000045,19.950000000000045,7,0.5428571428571445,-11.449999999999989,9.750000000000057,21.200000000000045,0.6226415094339631,1.631,6.042,4.411,0.2500566764905917,1.784053506470528,0.7845166812772009,-1.0114967443657223,16.243277310924405,1.4682937804937999,0.3451098791041915,-0.7903361344537492,4.919079411733205,0.5164251116569667,3.7839915966386557,1.1663163109623909,-0.9002631505446843
Geranium robertianum,55925,52.1591722222,4.5306833333,278678050,278678050,"c(4.5306833333, 52.1591722222)",1,1.6288158893585205,16.650000000000034,1.5500000000000114,3.218,1.6288158893585205,16.650000000000034,1.5500000000000114,3.218,Geranium_robertianum,0.7747697234153748,5.067353248596191,4.292583525180817,0.19895854348161363,12.950000000000045,19.950000000000045,7,0.5285714285714269,-11.449999999999989,9.750000000000057,21.200000000000045,0.61320754716981,1.631,6.042,4.411,0.35978236227612787,1.784053506470528,0.7845166812772009,-0.19787675752066763,16.243277310924405,1.4682937804937999,0.2770036177220913,-0.7903361344537492,4.919079411733205,0.47576709757347846,3.7839915966386557,1.1663163109623909,-0.4852813866348361
Geranium robertianum,55925,52.1591722222,4.5307805556,278678854,278678854,"c(4.5307805556, 52.1591722222)",1,1.6288158893585205,16.650000000000034,1.5500000000000114,3.218,1.6288158893585205,16.650000000000034,1.5500000000000114,3.218,Geranium_robertianum,0.7747697234153748,5.067353248596191,4.292583525180817,0.19895854348161363,12.950000000000045,19.950000000000045,7,0.5285714285714269,-11.449999999999989,9.750000000000057,21.200000000000045,0.61320754716981,1.631,6.042,4.411,0.35978236227612787,1.784053506470528,0.7845166812772009,-0.19787675752066763,16.243277310924405,1.4682937804937999,0.2770036177220913,-0.7903361344537492,4.919079411733205,0.47576709757347846,3.7839915966386557,1.1663163109623909,-0.4852813866348361
Geranium robertianum,55925,52.1591638889,4.5306805556,278678860,278678860,"c(4.5306805556, 52.1591638889)",1,1.6288158893585205,16.650000000000034,1.5500000000000114,3.218,1.6288158893585205,16.650000000000034,1.5500000000000114,3.218,Geranium_robertianum,0.7747697234153748,5.067353248596191,4.292583525180817,0.19895854348161363,12.950000000000045,19.950000000000045,7,0.5285714285714269,-11.449999999999989,9.750000000000057,21.200000000000045,0.61320754716981,1.631,6.042,4.411,0.35978236227612787,1.784053506470528,0.7845166812772009,-0.19787675752066763,16.243277310924405,1.4682937804937999,0.2770036177220913,-0.7903361344537492,4.919079411733205,0.47576709757347846,3.7839915966386557,1.1663163109623909,-0.4852813866348361
Geranium robertianum,55925,51.5742722222,3.5263027778,282003253,282003253,"c(3.5263027778, 51.5742722222)",1,1.595530390739441,16.950000000000045,2.4500000000000455,5.008,1.595530390739441,16.950000000000045,2.4500000000000455,5.008,Geranium_robertianum,0.7747697234153748,5.067353248596191,4.292583525180817,0.19120435572409583,12.950000000000045,19.950000000000045,7,0.5714285714285714,-11.449999999999989,9.750000000000057,21.200000000000045,0.6556603773584908,1.631,6.042,4.411,0.7655860349127183,1.784053506470528,0.7845166812772009,-0.24030478921642517,16.243277310924405,1.4682937804937999,0.4813224018683531,-0.7903361344537492,4.919079411733205,0.6587281609491407,3.7839915966386557,1.1663163109623909,1.049465219560677
Geranium robertianum,55925,58.5800555556,13.3440472222,282677492,282677492,"c(13.3440472222, 58.5800555556)",1,1.5276033878326416,15.850000000000023,-3.6499999999999773,4.668,1.5276033878326416,15.850000000000023,-3.6499999999999773,4.668,Geranium_robertianum,0.7747697234153748,5.067353248596191,4.292583525180817,0.17538008521000303,12.950000000000045,19.950000000000045,7,0.41428571428571104,-11.449999999999989,9.750000000000057,21.200000000000045,0.36792452830188654,1.631,6.042,4.411,0.6885060077080027,1.784053506470528,0.7845166812772009,-0.3268893125642442,16.243277310924405,1.4682937804937999,-0.2678464733345938,-0.7903361344537492,4.919079411733205,-0.581341268596972,3.7839915966386557,1.1663163109623909,0.7579491044173953
Geranium robertianum,55925,58.5802,13.3442138889,282677497,282677497,"c(13.3442138889, 58.5802)",1,1.5276033878326416,15.850000000000023,-3.6499999999999773,4.668,1.5276033878326416,15.850000000000023,-3.6499999999999773,4.668,Geranium_robertianum,0.7747697234153748,5.067353248596191,4.292583525180817,0.17538008521000303,12.950000000000045,19.950000000000045,7,0.41428571428571104,-11.449999999999989,9.750000000000057,21.200000000000045,0.36792452830188654,1.631,6.042,4.411,0.6885060077080027,1.784053506470528,0.7845166812772009,-0.3268893125642442,16.243277310924405,1.4682937804937999,-0.2678464733345938,-0.7903361344537492,4.919079411733205,-0.581341268596972,3.7839915966386557,1.1663163109623909,0.7579491044173953
Geranium robertianum,55925,51.0902361111,2.611025,282934785,282934785,"c(2.611025, 51.0902361111)",1,1.3633873462677002,16.950000000000045,2.3500000000000227,4.499,1.3633873462677002,16.950000000000045,2.3500000000000227,4.499,Geranium_robertianum,0.7747697234153748,5.067353248596191,4.292583525180817,0.13712432603801952,12.950000000000045,19.950000000000045,7,0.5714285714285714,-11.449999999999989,9.750000000000057,21.200000000000045,0.6509433962264143,1.631,6.042,4.411,0.6501927000680118,1.784053506470528,0.7845166812772009,-0.536210599777151,16.243277310924405,1.4682937804937999,0.4813224018683531,-0.7903361344537492,4.919079411733205,0.6383991539073965,3.7839915966386557,1.1663163109623909,0.6130484471844106
Geranium robertianum,55925,51.0901305556,2.6108611111,282938642,282938642,"c(2.6108611111, 51.0901305556)",1,1.3633873462677002,16.950000000000045,2.3500000000000227,4.499,1.3633873462677002,16.950000000000045,2.3500000000000227,4.499,Geranium_robertianum,0.7747697234153748,5.067353248596191,4.292583525180817,0.13712432603801952,12.950000000000045,19.950000000000045,7,0.5714285714285714,-11.449999999999989,9.750000000000057,21.200000000000045,0.6509433962264143,1.631,6.042,4.411,0.6501927000680118,1.784053506470528,0.7845166812772009,-0.536210599777151,16.243277310924405,1.4682937804937999,0.4813224018683531,-0.7903361344537492,4.919079411733205,0.6383991539073965,3.7839915966386557,1.1663163109623909,0.6130484471844106
Geranium robertianum,55925,51.0900694444,2.6108055556,282946482,282946482,"c(2.6108055556, 51.0900694444)",1,1.3633873462677002,16.950000000000045,2.3500000000000227,4.499,1.3633873462677002,16.950000000000045,2.3500000000000227,4.499,Geranium_robertianum,0.7747697234153748,5.067353248596191,4.292583525180817,0.13712432603801952,12.950000000000045,19.950000000000045,7,0.5714285714285714,-11.449999999999989,9.750000000000057,21.200000000000045,0.6509433962264143,1.631,6.042,4.411,0.6501927000680118,1.784053506470528,0.7845166812772009,-0.536210599777151,16.243277310924405,1.4682937804937999,0.4813224018683531,-0.7903361344537492,4.919079411733205,0.6383991539073965,3.7839915966386557,1.1663163109623909,0.6130484471844106
Geranium robertianum,55925,51.09005,2.6107888889,282946485,282946485,"c(2.6107888889, 51.09005)",1,1.3633873462677002,16.950000000000045,2.3500000000000227,4.499,1.3633873462677002,16.950000000000045,2.3500000000000227,4.499,Geranium_robertianum,0.7747697234153748,5.067353248596191,4.292583525180817,0.13712432603801952,12.950000000000045,19.950000000000045,7,0.5714285714285714,-11.449999999999989,9.750000000000057,21.200000000000045,0.6509433962264143,1.631,6.042,4.411,0.6501927000680118,1.784053506470528,0.7845166812772009,-0.536210599777151,16.243277310924405,1.4682937804937999,0.4813224018683531,-0.7903361344537492,4.919079411733205,0.6383991539073965,3.7839915966386557,1.1663163109623909,0.6130484471844106
Geranium robertianum,55925,51.0900583333,2.6107888889,282946487,282946487,"c(2.6107888889, 51.0900583333)",1,1.3633873462677002,16.950000000000045,2.3500000000000227,4.499,1.3633873462677002,16.950000000000045,2.3500000000000227,4.499,Geranium_robertianum,0.7747697234153748,5.067353248596191,4.292583525180817,0.13712432603801952,12.950000000000045,19.950000000000045,7,0.5714285714285714,-11.449999999999989,9.750000000000057,21.200000000000045,0.6509433962264143,1.631,6.042,4.411,0.6501927000680118,1.784053506470528,0.7845166812772009,-0.536210599777151,16.243277310924405,1.4682937804937999,0.4813224018683531,-0.7903361344537492,4.919079411733205,0.6383991539073965,3.7839915966386557,1.1663163109623909,0.6130484471844106
Geranium robertianum,55925,51.0902416667,2.6110972222,283072815,283072815,"c(2.6110972222, 51.0902416667)",1,1.3633873462677002,16.950000000000045,2.3500000000000227,4.499,1.3633873462677002,16.950000000000045,2.3500000000000227,4.499,Geranium_robertianum,0.7747697234153748,5.067353248596191,4.292583525180817,0.13712432603801952,12.950000000000045,19.950000000000045,7,0.5714285714285714,-11.449999999999989,9.750000000000057,21.200000000000045,0.6509433962264143,1.631,6.042,4.411,0.6501927000680118,1.784053506470528,0.7845166812772009,-0.536210599777151,16.243277310924405,1.4682937804937999,0.4813224018683531,-0.7903361344537492,4.919079411733205,0.6383991539073965,3.7839915966386557,1.1663163109623909,0.6130484471844106
Geranium robertianum,55925,51.0898388889,2.6102555556000002,283085719,283085719,"c(2.6102555556, 51.0898388889)",1,1.3633873462677002,16.950000000000045,2.3500000000000227,4.499,1.3633873462677002,16.950000000000045,2.3500000000000227,4.499,Geranium_robertianum,0.7747697234153748,5.067353248596191,4.292583525180817,0.13712432603801952,12.950000000000045,19.950000000000045,7,0.5714285714285714,-11.449999999999989,9.750000000000057,21.200000000000045,0.6509433962264143,1.631,6.042,4.411,0.6501927000680118,1.784053506470528,0.7845166812772009,-0.536210599777151,16.243277310924405,1.4682937804937999,0.4813224018683531,-0.7903361344537492,4.919079411733205,0.6383991539073965,3.7839915966386557,1.1663163109623909,0.6130484471844106
Geranium robertianum,55925,57.9246,11.707383,284775444,284775444,"c(11.707383, 57.9246)",1,2.2078306674957275,15.650000000000034,-1.349999999999966,5.529,2.2078306674957275,15.650000000000034,-1.349999999999966,5.529,Geranium_robertianum,0.7747697234153748,5.067353248596191,4.292583525180817,0.33384579139202375,12.950000000000045,19.950000000000045,7,0.38571428571428407,-11.449999999999989,9.750000000000057,21.200000000000045,0.4764150943396227,1.631,6.042,4.411,0.8836998413058264,1.784053506470528,0.7845166812772009,0.5401760996787042,16.243277310924405,1.4682937804937999,-0.40405899609875545,-0.7903361344537492,4.919079411733205,-0.11377410663696175,3.7839915966386557,1.1663163109623909,1.4961707960008235
Geranium robertianum,55925,58.358834,11.252955,284783689,284783689,"c(11.252955, 58.358834)",1,2.004547595977783,15.850000000000023,-1.4499999999999886,5.7010000000000005,2.004547595977783,15.850000000000023,-1.4499999999999886,5.7010000000000005,Geranium_robertianum,0.7747697234153748,5.067353248596191,4.292583525180817,0.28648897927049805,12.950000000000045,19.950000000000045,7,0.41428571428571104,-11.449999999999989,9.750000000000057,21.200000000000045,0.4716981132075462,1.631,6.042,4.411,0.9226932668329179,1.784053506470528,0.7845166812772009,0.2810572353264542,16.243277310924405,1.4682937804937999,-0.2678464733345938,-0.7903361344537492,4.919079411733205,-0.13410311367870584,3.7839915966386557,1.1663163109623909,1.6436436542497783
Geranium robertianum,55925,58.427866,11.265561,284800236,284800236,"c(11.265561, 58.427866)",1,2.0910732746124268,15.750000000000057,-1.5499999999999545,5.142,2.0910732746124268,15.750000000000057,-1.5499999999999545,5.142,Geranium_robertianum,0.7747697234153748,5.067353248596191,4.292583525180817,0.3066459961641877,12.950000000000045,19.950000000000045,7,0.40000000000000163,-11.449999999999989,9.750000000000057,21.200000000000045,0.4669811320754723,1.631,6.042,4.411,0.7959646338698709,1.784053506470528,0.7845166812772009,0.39134893555362965,16.243277310924405,1.4682937804937999,-0.3359527347166553,-0.7903361344537492,4.919079411733205,-0.15443212072043838,3.7839915966386557,1.1663163109623909,1.1643568649406766
Geranium robertianum,55925,58.380143,11.259403,284800668,284800668,"c(11.259403, 58.380143)",1,2.0075392723083496,15.850000000000023,-1.5499999999999545,5.41,2.0075392723083496,15.850000000000023,-1.5499999999999545,5.41,Geranium_robertianum,0.7747697234153748,5.067353248596191,4.292583525180817,0.2871859200086379,12.950000000000045,19.950000000000045,7,0.41428571428571104,-11.449999999999989,9.750000000000057,21.200000000000045,0.4669811320754723,1.631,6.042,4.411,0.8567218317841759,1.784053506470528,0.7845166812772009,0.2848706358595008,16.243277310924405,1.4682937804937999,-0.2678464733345938,-0.7903361344537492,4.919079411733205,-0.15443212072043838,3.7839915966386557,1.1663163109623909,1.394140155700675
Geranium robertianum,55925,58.374335,11.267702,286478137,286478137,"c(11.267702, 58.374335)",1,2.0269103050231934,15.750000000000057,-1.6499999999999773,5.33,2.0269103050231934,15.750000000000057,-1.6499999999999773,5.33,Geranium_robertianum,0.7747697234153748,5.067353248596191,4.292583525180817,0.29169859462549996,12.950000000000045,19.950000000000045,7,0.40000000000000163,-11.449999999999989,9.750000000000057,21.200000000000045,0.4622641509433958,1.631,6.042,4.411,0.8385853547948311,1.784053506470528,0.7845166812772009,0.3095623131394632,16.243277310924405,1.4682937804937999,-0.3359527347166553,-0.7903361344537492,4.919079411733205,-0.1747611277621825,3.7839915966386557,1.1663163109623909,1.325548128608138
Geranium robertianum,55925,58.366186,11.263409,286478141,286478141,"c(11.263409, 58.366186)",1,1.9922353029251099,15.850000000000023,-1.5499999999999545,5.2170000000000005,1.9922353029251099,15.850000000000023,-1.5499999999999545,5.2170000000000005,Geranium_robertianum,0.7747697234153748,5.067353248596191,4.292583525180817,0.28362070822103613,12.950000000000045,19.950000000000045,7,0.41428571428571104,-11.449999999999989,9.750000000000057,21.200000000000045,0.4669811320754723,1.631,6.042,4.411,0.8129675810473816,1.784053506470528,0.7845166812772009,0.2653631228282613,16.243277310924405,1.4682937804937999,-0.2678464733345938,-0.7903361344537492,4.919079411733205,-0.15443212072043838,3.7839915966386557,1.1663163109623909,1.22866189033993
Geranium robertianum,55925,58.371408,11.278153,286479425,286479425,"c(11.278153, 58.371408)",1,1.9975595474243164,15.750000000000057,-1.6499999999999773,5.308,1.9975595474243164,15.750000000000057,-1.6499999999999773,5.308,Geranium_robertianum,0.7747697234153748,5.067353248596191,4.292583525180817,0.28486104389953226,12.950000000000045,19.950000000000045,7,0.40000000000000163,-11.449999999999989,9.750000000000057,21.200000000000045,0.4622641509433958,1.631,6.042,4.411,0.8335978236227612,1.784053506470528,0.7845166812772009,0.272149778391198,16.243277310924405,1.4682937804937999,-0.3359527347166553,-0.7903361344537492,4.919079411733205,-0.1747611277621825,3.7839915966386557,1.1663163109623909,1.30668532115769
Geranium robertianum,55925,50.872721,3.603309,286487213,286487213,"c(3.603309, 50.872721)",1,1.1792118549346924,17.350000000000023,0.9500000000000455,3.741,1.1792118549346924,17.350000000000023,0.9500000000000455,3.741,Geranium_robertianum,0.7747697234153748,5.067353248596191,4.292583525180817,0.09421881464782478,12.950000000000045,19.950000000000045,7,0.6285714285714253,-11.449999999999989,9.750000000000057,21.200000000000045,0.5849056603773588,1.631,6.042,4.411,0.47834958059396976,1.784053506470528,0.7845166812772009,-0.7709736019266633,16.243277310924405,1.4682937804937999,0.7537474473966763,-0.7903361344537492,4.919079411733205,0.3537930553230485,3.7839915966386557,1.1663163109623909,-0.03686100951737603
Geranium robertianum,55925,58.885427,11.02895,286493890,286493890,"c(11.02895, 58.885427)",1,2.3424415588378906,15.950000000000045,-1.6499999999999773,3.981,2.3424415588378906,15.950000000000045,-1.6499999999999773,3.981,Geranium_robertianum,0.7747697234153748,5.067353248596191,4.292583525180817,0.365204736547667,12.950000000000045,19.950000000000045,7,0.42857142857142855,-11.449999999999989,9.750000000000057,21.200000000000045,0.4622641509433958,1.631,6.042,4.411,0.532759011562004,1.784053506470528,0.7845166812772009,0.711760585457917,16.243277310924405,1.4682937804937999,-0.1997402119524937,-0.7903361344537492,4.919079411733205,-0.1747611277621825,3.7839915966386557,1.1663163109623909,0.16891507176023446
Geranium robertianum,55925,50.7315611111,1.7225055556,291758144,291758144,"c(1.7225055556, 50.7315611111)",1,1.3968366384506226,16.350000000000023,1.8500000000000227,3.6990000000000003,1.3968366384506226,16.350000000000023,1.8500000000000227,3.6990000000000003,Geranium_robertianum,0.7747697234153748,5.067353248596191,4.292583525180817,0.14491667113432452,12.950000000000045,19.950000000000045,7,0.4857142857142825,-11.449999999999989,9.750000000000057,21.200000000000045,0.6273584905660369,1.631,6.042,4.411,0.46882793017456376,1.784053506470528,0.7845166812772009,-0.4935737853139243,16.243277310924405,1.4682937804937999,0.07268483357582954,-0.7903361344537492,4.919079411733205,0.5367541186986993,3.7839915966386557,1.1663163109623909,-0.07287182374095774
Geranium robertianum,55925,49.8871277778,1.1730472222,291877331,291877331,"c(1.1730472222, 49.8871277778)",1,1.414975881576538,16.450000000000045,1.9500000000000455,3.5740000000000003,1.414975881576538,16.450000000000045,1.9500000000000455,3.5740000000000003,Geranium_robertianum,0.7747697234153748,5.067353248596191,4.292583525180817,0.14914238812259242,12.950000000000045,19.950000000000045,7,0.5,-11.449999999999989,9.750000000000057,21.200000000000045,0.6320754716981135,1.631,6.042,4.411,0.44048968487871243,1.784053506470528,0.7845166812772009,-0.4704522334606423,16.243277310924405,1.4682937804937999,0.1407910949579297,-0.7903361344537492,4.919079411733205,0.5570831257404433,3.7839915966386557,1.1663163109623909,-0.18004686607304665
Geranium robertianum,55925,49.7512888889,0.3813138889,291882496,291882496,"c(0.3813138889, 49.7512888889)",1,1.7591583728790283,16.650000000000034,4.050000000000011,3.125,1.7591583728790283,16.650000000000034,4.050000000000011,3.125,Geranium_robertianum,0.7747697234153748,5.067353248596191,4.292583525180817,0.229323120607697,12.950000000000045,19.950000000000045,7,0.5285714285714269,-11.449999999999989,9.750000000000057,21.200000000000045,0.7311320754716966,1.631,6.042,4.411,0.3386987077760145,1.784053506470528,0.7845166812772009,-0.0317330838025907,16.243277310924405,1.4682937804937999,0.2770036177220913,-0.7903361344537492,4.919079411733205,0.9839922736169654,3.7839915966386557,1.1663163109623909,-0.5650196181299102
Geranium robertianum,55925,49.3129111111,-0.0294611111,292017494,292017494,"c(-0.0294611111, 49.3129111111)",1,1.2503931522369385,17.05000000000001,2.5500000000000114,6.042,1.2503931522369385,17.05000000000001,2.5500000000000114,6.042,Geranium_robertianum,0.7747697234153748,5.067353248596191,4.292583525180817,0.11080120538866603,12.950000000000045,19.950000000000045,7,0.5857142857142809,-11.449999999999989,9.750000000000057,21.200000000000045,0.6603773584905647,1.631,6.042,4.411,1,1.784053506470528,0.7845166812772009,-0.6802409266362384,16.243277310924405,1.4682937804937999,0.5494286632504145,-0.7903361344537492,4.919079411733205,0.6790571679908732,3.7839915966386557,1.1663163109623909,1.9360171697317161
Geranium robertianum,55925,49.3127972222,-0.028775,292017756,292017756,"c(-0.028775, 49.3127972222)",1,1.2503931522369385,17.05000000000001,2.5500000000000114,6.042,1.2503931522369385,17.05000000000001,2.5500000000000114,6.042,Geranium_robertianum,0.7747697234153748,5.067353248596191,4.292583525180817,0.11080120538866603,12.950000000000045,19.950000000000045,7,0.5857142857142809,-11.449999999999989,9.750000000000057,21.200000000000045,0.6603773584905647,1.631,6.042,4.411,1,1.784053506470528,0.7845166812772009,-0.6802409266362384,16.243277310924405,1.4682937804937999,0.5494286632504145,-0.7903361344537492,4.919079411733205,0.6790571679908732,3.7839915966386557,1.1663163109623909,1.9360171697317161
Geranium robertianum,55925,49.5892944444,-1.2466055556,293669970,293669970,"c(-1.2466055556, 49.5892944444)",1,2.028669595718384,16.650000000000034,5.4500000000000455,6.024,2.028669595718384,16.650000000000034,5.4500000000000455,6.024,Geranium_robertianum,0.7747697234153748,5.067353248596191,4.292583525180817,0.292108438880101,12.950000000000045,19.950000000000045,7,0.5285714285714269,-11.449999999999989,9.750000000000057,21.200000000000045,0.7971698113207546,1.631,6.042,4.411,0.9959192926773974,1.784053506470528,0.7845166812772009,0.3118048284832112,16.243277310924405,1.4682937804937999,0.2770036177220913,-0.7903361344537492,4.919079411733205,1.268598372201325,3.7839915966386557,1.1663163109623909,1.9205839636358955
Geranium robertianum,55925,49.589375,-1.2466055556,293673848,293673848,"c(-1.2466055556, 49.589375)",1,2.028669595718384,16.650000000000034,5.4500000000000455,6.024,2.028669595718384,16.650000000000034,5.4500000000000455,6.024,Geranium_robertianum,0.7747697234153748,5.067353248596191,4.292583525180817,0.292108438880101,12.950000000000045,19.950000000000045,7,0.5285714285714269,-11.449999999999989,9.750000000000057,21.200000000000045,0.7971698113207546,1.631,6.042,4.411,0.9959192926773974,1.784053506470528,0.7845166812772009,0.3118048284832112,16.243277310924405,1.4682937804937999,0.2770036177220913,-0.7903361344537492,4.919079411733205,1.268598372201325,3.7839915966386557,1.1663163109623909,1.9205839636358955
Geranium robertianum,55925,42.5488805556,0.0740888889,304741081,304741081,"c(0.0740888889, 42.5488805556)",1,1.1765403747558594,18.05000000000001,-3.0499999999999545,3.156,1.1765403747558594,18.05000000000001,-3.0499999999999545,3.156,Geranium_robertianum,0.7747697234153748,5.067353248596191,4.292583525180817,0.09359646678594584,12.950000000000045,19.950000000000045,7,0.7285714285714237,-11.449999999999989,9.750000000000057,21.200000000000045,0.39622641509434037,1.631,6.042,4.411,0.3457265926093857,1.784053506470528,0.7845166812772009,-0.7743788579812367,16.243277310924405,1.4682937804937999,1.2304912770712613,-0.7903361344537492,4.919079411733205,-0.4593672263465305,3.7839915966386557,1.1663163109623909,-0.5384402076315521
Geranium robertianum,55925,42.5798833333,-0.1188305556,305206248,305206248,"c(-0.1188305556, 42.5798833333)",1,1.070935845375061,19.950000000000045,-0.6499999999999773,2.489,1.070935845375061,19.950000000000045,-0.6499999999999773,2.489,Geranium_robertianum,0.7747697234153748,5.067353248596191,4.292583525180817,0.06899484196925693,12.950000000000045,19.950000000000045,7,1,-11.449999999999989,9.750000000000057,21.200000000000045,0.5094339622641504,1.631,6.042,4.411,0.19451371571072318,1.784053506470528,0.7845166812772009,-0.9089897998529547,16.243277310924405,1.4682937804937999,2.5245102433308935,-0.7903361344537492,4.919079411733205,0.02852894265521227,3.7839915966386557,1.1663163109623909,-1.1103262335155786
Geranium robertianum,55925,42.5738638889,-0.0391,305243694,305243694,"c(-0.0391, 42.5738638889)",1,1.2808098793029785,17.850000000000023,-2.849999999999966,2.927,1.2808098793029785,17.850000000000023,-2.849999999999966,2.927,Geranium_robertianum,0.7747697234153748,5.067353248596191,4.292583525180817,0.11788708429762886,12.950000000000045,19.950000000000045,7,0.6999999999999967,-11.449999999999989,9.750000000000057,21.200000000000045,0.40566037735849075,1.631,6.042,4.411,0.2938109272273861,1.784053506470528,0.7845166812772009,-0.6414696324216638,16.243277310924405,1.4682937804937999,1.0942787543070998,-0.7903361344537492,4.919079411733205,-0.41870921226305385,3.7839915966386557,1.1663163109623909,-0.734784885183939
Geranium robertianum,55925,42.5740388889,-0.0391972222,305244389,305244389,"c(-0.0391972222, 42.5740388889)",1,1.2808098793029785,17.850000000000023,-2.849999999999966,2.927,1.2808098793029785,17.850000000000023,-2.849999999999966,2.927,Geranium_robertianum,0.7747697234153748,5.067353248596191,4.292583525180817,0.11788708429762886,12.950000000000045,19.950000000000045,7,0.6999999999999967,-11.449999999999989,9.750000000000057,21.200000000000045,0.40566037735849075,1.631,6.042,4.411,0.2938109272273861,1.784053506470528,0.7845166812772009,-0.6414696324216638,16.243277310924405,1.4682937804937999,1.0942787543070998,-0.7903361344537492,4.919079411733205,-0.41870921226305385,3.7839915966386557,1.1663163109623909,-0.734784885183939
Geranium robertianum,55925,49.4369305556,-2.5381694444,305719137,305719137,"c(-2.5381694444, 49.4369305556)",1,2.9050915241241455,15.850000000000023,6.550000000000011,5.194,2.9050915241241455,15.850000000000023,6.550000000000011,5.194,Geranium_robertianum,0.7747697234153748,5.067353248596191,4.292583525180817,0.49627963864000413,12.950000000000045,19.950000000000045,7,0.41428571428571104,-11.449999999999989,9.750000000000057,21.200000000000045,0.849056603773583,1.631,6.042,4.411,0.807753343912945,1.784053506470528,0.7845166812772009,1.428953704118256,16.243277310924405,1.4682937804937999,-0.2678464733345938,-0.7903361344537492,4.919079411733205,1.4922174496604523,3.7839915966386557,1.1663163109623909,1.2089416825508252
Geranium robertianum,55925,49.4370222222,-2.5381722222,305719227,305719227,"c(-2.5381722222, 49.4370222222)",1,2.9050915241241455,15.850000000000023,6.550000000000011,5.194,2.9050915241241455,15.850000000000023,6.550000000000011,5.194,Geranium_robertianum,0.7747697234153748,5.067353248596191,4.292583525180817,0.49627963864000413,12.950000000000045,19.950000000000045,7,0.41428571428571104,-11.449999999999989,9.750000000000057,21.200000000000045,0.849056603773583,1.631,6.042,4.411,0.807753343912945,1.784053506470528,0.7845166812772009,1.428953704118256,16.243277310924405,1.4682937804937999,-0.2678464733345938,-0.7903361344537492,4.919079411733205,1.4922174496604523,3.7839915966386557,1.1663163109623909,1.2089416825508252
Geranium robertianum,55925,49.4329111111,-2.5347777778,305726887,305726887,"c(-2.5347777778, 49.4329111111)",1,2.8922789096832275,15.750000000000057,6.550000000000011,5.688,2.8922789096832275,15.750000000000057,6.550000000000011,5.688,Geranium_robertianum,0.7747697234153748,5.067353248596191,4.292583525180817,0.4932948127500109,12.950000000000045,19.950000000000045,7,0.40000000000000163,-11.449999999999989,9.750000000000057,21.200000000000045,0.849056603773583,1.631,6.042,4.411,0.9197460893221492,1.784053506470528,0.7845166812772009,1.4126218468783833,16.243277310924405,1.4682937804937999,-0.3359527347166553,-0.7903361344537492,4.919079411733205,1.4922174496604523,3.7839915966386557,1.1663163109623909,1.6324974498472404
Geranium robertianum,55925,49.4313222222,-2.5335277778,305727860,305727860,"c(-2.5335277778, 49.4313222222)",1,2.8922789096832275,15.750000000000057,6.550000000000011,5.688,2.8922789096832275,15.750000000000057,6.550000000000011,5.688,Geranium_robertianum,0.7747697234153748,5.067353248596191,4.292583525180817,0.4932948127500109,12.950000000000045,19.950000000000045,7,0.40000000000000163,-11.449999999999989,9.750000000000057,21.200000000000045,0.849056603773583,1.631,6.042,4.411,0.9197460893221492,1.784053506470528,0.7845166812772009,1.4126218468783833,16.243277310924405,1.4682937804937999,-0.3359527347166553,-0.7903361344537492,4.919079411733205,1.4922174496604523,3.7839915966386557,1.1663163109623909,1.6324974498472404
Geranium robertianum,55925,49.1883444444,-2.1695,305731807,305731807,"c(-2.1695, 49.1883444444)",1,2.737057685852051,16.450000000000045,6.250000000000057,5.136,2.737057685852051,16.450000000000045,6.250000000000057,5.136,Geranium_robertianum,0.7747697234153748,5.067353248596191,4.292583525180817,0.457134485776609,12.950000000000045,19.950000000000045,7,0.5,-11.449999999999989,9.750000000000057,21.200000000000045,0.8349056603773588,1.631,6.042,4.411,0.79460439809567,1.784053506470528,0.7845166812772009,1.214765985383539,16.243277310924405,1.4682937804937999,0.1407910949579297,-0.7903361344537492,4.919079411733205,1.431230428535243,3.7839915966386557,1.1663163109623909,1.1592124629087361
Geranium robertianum,55925,42.5738972222,-0.038875,305742801,305742801,"c(-0.038875, 42.5738972222)",1,1.2808098793029785,17.850000000000023,-2.849999999999966,2.927,1.2808098793029785,17.850000000000023,-2.849999999999966,2.927,Geranium_robertianum,0.7747697234153748,5.067353248596191,4.292583525180817,0.11788708429762886,12.950000000000045,19.950000000000045,7,0.6999999999999967,-11.449999999999989,9.750000000000057,21.200000000000045,0.40566037735849075,1.631,6.042,4.411,0.2938109272273861,1.784053506470528,0.7845166812772009,-0.6414696324216638,16.243277310924405,1.4682937804937999,1.0942787543070998,-0.7903361344537492,4.919079411733205,-0.41870921226305385,3.7839915966386557,1.1663163109623909,-0.734784885183939
Geranium robertianum,55925,48.6424611111,-2.8667777778,305953354,305953354,"c(-2.8667777778, 48.6424611111)",1,1.5145286321640015,16.450000000000045,4.850000000000023,4.597,1.5145286321640015,16.450000000000045,4.850000000000023,4.597,Geranium_robertianum,0.7747697234153748,5.067353248596191,4.292583525180817,0.17233419091535693,12.950000000000045,19.950000000000045,7,0.5,-11.449999999999989,9.750000000000057,21.200000000000045,0.7688679245283008,1.631,6.042,4.411,0.6724098843799593,1.784053506470528,0.7845166812772009,-0.34355531340358175,16.243277310924405,1.4682937804937999,0.1407910949579297,-0.7903361344537492,4.919079411733205,1.1466243299508836,3.7839915966386557,1.1663163109623909,0.6970736803727691
Geranium robertianum,55925,48.7361722222,-3.4841333333,305970709,305970709,"c(-3.4841333333, 48.7361722222)",1,2.4234817028045654,16.150000000000034,5.850000000000023,4.516,2.4234817028045654,16.150000000000034,5.850000000000023,4.516,Geranium_robertianum,0.7747697234153748,5.067353248596191,4.292583525180817,0.38408384361484077,12.950000000000045,19.950000000000045,7,0.4571428571428555,-11.449999999999989,9.750000000000057,21.200000000000045,0.8160377358490554,1.631,6.042,4.411,0.6540467014282476,1.784053506470528,0.7845166812772009,0.8150600383576828,16.243277310924405,1.4682937804937999,-0.06352768918833207,-0.7903361344537492,4.919079411733205,1.3499144003682781,3.7839915966386557,1.1663163109623909,0.6276242529415751
Geranium robertianum,55925,42.5955851586,0.1277160645,306504534,306504534,"c(0.1277160645, 42.5955851586)",1,1.4151345491409302,18.05000000000001,-2.749999999999943,2.617,1.4151345491409302,18.05000000000001,-2.749999999999943,2.617,Geranium_robertianum,0.7747697234153748,5.067353248596191,4.292583525180817,0.14917935130885573,12.950000000000045,19.950000000000045,7,0.7285714285714237,-11.449999999999989,9.750000000000057,21.200000000000045,0.4103773584905673,1.631,6.042,4.411,0.22353207889367493,1.784053506470528,0.7845166812772009,-0.47024998465168927,16.243277310924405,1.4682937804937999,1.2304912770712613,-0.7903361344537492,4.919079411733205,-0.3983802052213098,3.7839915966386557,1.1663163109623909,-1.0005789901675195
Geranium robertianum,55925,42.5954694444,0.1276805556,306505654,306505654,"c(0.1276805556, 42.5954694444)",1,1.4151345491409302,18.05000000000001,-2.749999999999943,2.617,1.4151345491409302,18.05000000000001,-2.749999999999943,2.617,Geranium_robertianum,0.7747697234153748,5.067353248596191,4.292583525180817,0.14917935130885573,12.950000000000045,19.950000000000045,7,0.7285714285714237,-11.449999999999989,9.750000000000057,21.200000000000045,0.4103773584905673,1.631,6.042,4.411,0.22353207889367493,1.784053506470528,0.7845166812772009,-0.47024998465168927,16.243277310924405,1.4682937804937999,1.2304912770712613,-0.7903361344537492,4.919079411733205,-0.3983802052213098,3.7839915966386557,1.1663163109623909,-1.0005789901675195
Geranium robertianum,55925,42.6350361111,-0.0133611111,306776671,306776671,"c(-0.0133611111, 42.6350361111)",1,2.0641698837280273,12.950000000000045,-7.349999999999966,5.955,2.0641698837280273,12.950000000000045,-7.349999999999966,5.955,Geranium_robertianum,0.7747697234153748,5.067353248596191,4.292583525180817,0.3003785838409141,12.950000000000045,19.950000000000045,7,0,-11.449999999999989,9.750000000000057,21.200000000000045,0.193396226415095,1.631,6.042,4.411,0.9802765812740876,1.784053506470528,0.7845166812772009,0.35705598611551137,16.243277310924405,1.4682937804937999,-2.242928053415034,-0.7903361344537492,4.919079411733205,-1.3335145291413302,3.7839915966386557,1.1663163109623909,1.8614233402685825
Geranium robertianum,55925,42.635075,-0.0137027778,306779318,306779318,"c(-0.0137027778, 42.635075)",1,2.0641698837280273,12.950000000000045,-7.349999999999966,5.955,2.0641698837280273,12.950000000000045,-7.349999999999966,5.955,Geranium_robertianum,0.7747697234153748,5.067353248596191,4.292583525180817,0.3003785838409141,12.950000000000045,19.950000000000045,7,0,-11.449999999999989,9.750000000000057,21.200000000000045,0.193396226415095,1.631,6.042,4.411,0.9802765812740876,1.784053506470528,0.7845166812772009,0.35705598611551137,16.243277310924405,1.4682937804937999,-2.242928053415034,-0.7903361344537492,4.919079411733205,-1.3335145291413302,3.7839915966386557,1.1663163109623909,1.8614233402685825
Geranium robertianum,55925,51.8064944444,10.3207861111,311087793,311087793,"c(10.3207861111, 51.8064944444)",1,2.421539306640625,14.350000000000023,-4.0499999999999545,3.476,2.421539306640625,14.350000000000023,-4.0499999999999545,3.476,Geranium_robertianum,0.7747697234153748,5.067353248596191,4.292583525180817,0.38363134312124614,12.950000000000045,19.950000000000045,7,0.19999999999999676,-11.449999999999989,9.750000000000057,21.200000000000045,0.34905660377358577,1.631,6.042,4.411,0.41827250056676496,1.784053506470528,0.7845166812772009,0.8125841239376373,16.243277310924405,1.4682937804937999,-1.289440394065864,-0.7903361344537492,4.919079411733205,-0.6626572967639253,3.7839915966386557,1.1663163109623909,-0.2640720992614046
Geranium robertianum,55925,52.7368583333,-3.9630944444,312641937,312641937,"c(-3.9630944444, 52.7368583333)",1,3.4458045959472656,15.150000000000034,2.150000000000034,3.559,3.4458045959472656,15.150000000000034,2.150000000000034,3.559,Geranium_robertianum,0.7747697234153748,5.067353248596191,4.292583525180817,0.6222441233497905,12.950000000000045,19.950000000000045,7,0.31428571428571267,-11.449999999999989,9.750000000000057,21.200000000000045,0.6415094339622639,1.631,6.042,4.411,0.43708909544321023,1.784053506470528,0.7845166812772009,2.1181845193799966,16.243277310924405,1.4682937804937999,-0.7445903030091788,-0.7903361344537492,4.919079411733205,0.59774113982392,3.7839915966386557,1.1663163109623909,-0.19290787115289743
Geranium robertianum,55925,47.7458083333,-3.3603694444,312661419,312661419,"c(-3.3603694444, 47.7458083333)",1,1.6468957662582397,17.150000000000034,5.550000000000011,3.008,1.6468957662582397,17.150000000000034,5.550000000000011,3.008,Geranium_robertianum,0.7747697234153748,5.067353248596191,4.292583525180817,0.20317043051739533,12.950000000000045,19.950000000000045,7,0.5999999999999984,-11.449999999999989,9.750000000000057,21.200000000000045,0.8018867924528285,1.631,6.042,4.411,0.31217411017909774,1.784053506470528,0.7845166812772009,-0.1748308780241539,16.243277310924405,1.4682937804937999,0.6175349246325147,-0.7903361344537492,4.919079411733205,1.2889273792430576,3.7839915966386557,1.1663163109623909,-0.6653354577527454
Geranium robertianum,55925,51.3886083333,-1.69275,313636735,313636735,"c(-1.69275, 51.3886083333)",1,1.3538683652877808,15.550000000000011,1.150000000000034,4.307,1.3538683652877808,15.550000000000011,1.150000000000034,4.307,Geranium_robertianum,0.7747697234153748,5.067353248596191,4.292583525180817,0.13490678480112106,12.950000000000045,19.950000000000045,7,0.37142857142856656,-11.449999999999989,9.750000000000057,21.200000000000045,0.5943396226415092,1.631,6.042,4.411,0.6066651552935843,1.784053506470528,0.7845166812772009,-0.5483441607416195,16.243277310924405,1.4682937804937999,-0.47216525748085564,-0.7903361344537492,4.919079411733205,0.39445106940652513,3.7839915966386557,1.1663163109623909,0.44842758216232276
Geranium robertianum,55925,52.8119527778,-3.8924138889,313772004,313772004,"c(-3.8924138889, 52.8119527778)",1,3.4705650806427,14.450000000000045,1.3500000000000227,2.824,3.4705650806427,14.450000000000045,1.3500000000000227,2.824,Geranium_robertianum,0.7747697234153748,5.067353248596191,4.292583525180817,0.6280123243760924,12.950000000000045,19.950000000000045,7,0.21428571428571427,-11.449999999999989,9.750000000000057,21.200000000000045,0.6037735849056596,1.631,6.042,4.411,0.27046021310360463,1.784053506470528,0.7845166812772009,2.149745970253322,16.243277310924405,1.4682937804937999,-1.221334132683764,-0.7903361344537492,4.919079411733205,0.4351090834900018,3.7839915966386557,1.1663163109623909,-0.8230971200655804
Geranium robertianum,55925,52.8015722222,-3.8982277778,313772497,313772497,"c(-3.8982277778, 52.8015722222)",1,3.5632002353668213,14.550000000000011,1.4500000000000455,3.107,3.5632002353668213,14.550000000000011,1.4500000000000455,3.107,Geranium_robertianum,0.7747697234153748,5.067353248596191,4.292583525180817,0.6495926044523477,12.950000000000045,19.950000000000045,7,0.2285714285714237,-11.449999999999989,9.750000000000057,21.200000000000045,0.6084905660377361,1.631,6.042,4.411,0.334618000453412,1.784053506470528,0.7845166812772009,2.267825237316592,16.243277310924405,1.4682937804937999,-1.1532278713017023,-0.7903361344537492,4.919079411733205,0.45543809053174594,3.7839915966386557,1.1663163109623909,-0.5804528242257309
Geranium robertianum,55925,52.8015722222,-3.8982277778,313772698,313772698,"c(-3.8982277778, 52.8015722222)",1,3.5632002353668213,14.550000000000011,1.4500000000000455,3.107,3.5632002353668213,14.550000000000011,1.4500000000000455,3.107,Geranium_robertianum,0.7747697234153748,5.067353248596191,4.292583525180817,0.6495926044523477,12.950000000000045,19.950000000000045,7,0.2285714285714237,-11.449999999999989,9.750000000000057,21.200000000000045,0.6084905660377361,1.631,6.042,4.411,0.334618000453412,1.784053506470528,0.7845166812772009,2.267825237316592,16.243277310924405,1.4682937804937999,-1.1532278713017023,-0.7903361344537492,4.919079411733205,0.45543809053174594,3.7839915966386557,1.1663163109623909,-0.5804528242257309
Geranium robertianum,55925,52.8015722222,-3.8982277778,313772790,313772790,"c(-3.8982277778, 52.8015722222)",1,3.5632002353668213,14.550000000000011,1.4500000000000455,3.107,3.5632002353668213,14.550000000000011,1.4500000000000455,3.107,Geranium_robertianum,0.7747697234153748,5.067353248596191,4.292583525180817,0.6495926044523477,12.950000000000045,19.950000000000045,7,0.2285714285714237,-11.449999999999989,9.750000000000057,21.200000000000045,0.6084905660377361,1.631,6.042,4.411,0.334618000453412,1.784053506470528,0.7845166812772009,2.267825237316592,16.243277310924405,1.4682937804937999,-1.1532278713017023,-0.7903361344537492,4.919079411733205,0.45543809053174594,3.7839915966386557,1.1663163109623909,-0.5804528242257309
Geranium robertianum,55925,52.8015722222,-3.8982277778,313774563,313774563,"c(-3.8982277778, 52.8015722222)",1,3.5632002353668213,14.550000000000011,1.4500000000000455,3.107,3.5632002353668213,14.550000000000011,1.4500000000000455,3.107,Geranium_robertianum,0.7747697234153748,5.067353248596191,4.292583525180817,0.6495926044523477,12.950000000000045,19.950000000000045,7,0.2285714285714237,-11.449999999999989,9.750000000000057,21.200000000000045,0.6084905660377361,1.631,6.042,4.411,0.334618000453412,1.784053506470528,0.7845166812772009,2.267825237316592,16.243277310924405,1.4682937804937999,-1.1532278713017023,-0.7903361344537492,4.919079411733205,0.45543809053174594,3.7839915966386557,1.1663163109623909,-0.5804528242257309
Geranium robertianum,55925,55.0304166667,-8.2703972222,314597398,314597398,"c(-8.2703972222, 55.0304166667)",1,5.067353248596191,13.950000000000045,4.750000000000057,5.477,5.067353248596191,13.950000000000045,4.750000000000057,5.477,Geranium_robertianum,0.7747697234153748,5.067353248596191,4.292583525180817,1,12.950000000000045,19.950000000000045,7,0.14285714285714285,-11.449999999999989,9.750000000000057,21.200000000000045,0.7641509433962269,1.631,6.042,4.411,0.8719111312627523,1.784053506470528,0.7845166812772009,4.1851241923631495,16.243277310924405,1.4682937804937999,-1.5618654395941873,-0.7903361344537492,4.919079411733205,1.126295322909151,3.7839915966386557,1.1663163109623909,1.4515859783906748
Geranium robertianum,55925,55.0402638889,-7.9514194444,315081886,315081886,"c(-7.9514194444, 55.0402638889)",1,3.632769823074341,13.850000000000023,3.250000000000057,5.039,3.632769823074341,13.850000000000023,3.250000000000057,5.039,Geranium_robertianum,0.7747697234153748,5.067353248596191,4.292583525180817,0.665799531422881,12.950000000000045,19.950000000000045,7,0.1285714285714253,-11.449999999999989,9.750000000000057,21.200000000000045,0.693396226415095,1.631,6.042,4.411,0.7726139197460893,1.784053506470528,0.7845166812772009,2.356503514487524,16.243277310924405,1.4682937804937999,-1.6299717009762873,-0.7903361344537492,4.919079411733205,0.8213602172830589,3.7839915966386557,1.1663163109623909,1.0760446300590347
Geranium robertianum,55925,54.167175,-7.4456083333,316078686,316078686,"c(-7.4456083333, 54.167175)",1,2.081620693206787,14.650000000000034,2.4500000000000455,4.667,2.081620693206787,14.650000000000034,2.4500000000000455,4.667,Geranium_robertianum,0.7747697234153748,5.067353248596191,4.292583525180817,0.3044439233681222,12.950000000000045,19.950000000000045,7,0.24285714285714124,-11.449999999999989,9.750000000000057,21.200000000000045,0.6556603773584908,1.631,6.042,4.411,0.6882793017456359,1.784053506470528,0.7845166812772009,0.3793000121448237,16.243277310924405,1.4682937804937999,-1.0851216099196022,-0.7903361344537492,4.919079411733205,0.6587281609491407,3.7839915966386557,1.1663163109623909,0.7570917040787383
Geranium robertianum,55925,42.8647472222,-0.896375,320810104,320810104,"c(-0.896375, 42.8647472222)",1,2.204378604888916,16.850000000000023,-1.349999999999966,4.804,2.204378604888916,16.850000000000023,-1.349999999999966,4.804,Geranium_robertianum,0.7747697234153748,5.067353248596191,4.292583525180817,0.33304159909464354,12.950000000000045,19.950000000000045,7,0.5571428571428539,-11.449999999999989,9.750000000000057,21.200000000000045,0.4764150943396227,1.631,6.042,4.411,0.719338018589889,1.784053506470528,0.7845166812772009,0.5357758584993942,16.243277310924405,1.4682937804937999,0.41321614048625294,-0.7903361344537492,4.919079411733205,-0.11377410663696175,3.7839915966386557,1.1663163109623909,0.8745555504747081
Geranium robertianum,55925,43.3231222222,-1.7663388889,320810728,320810728,"c(-1.7663388889, 43.3231222222)",1,2.694167137145996,19.150000000000034,5.150000000000034,3.656,2.694167137145996,19.150000000000034,5.150000000000034,3.656,Geranium_robertianum,0.7747697234153748,5.067353248596191,4.292583525180817,0.44714270612818663,12.950000000000045,19.950000000000045,7,0.8857142857142841,-11.449999999999989,9.750000000000057,21.200000000000045,0.7830188679245277,1.631,6.042,4.411,0.45907957379279085,1.784053506470528,0.7845166812772009,1.1600946830012513,16.243277310924405,1.4682937804937999,1.9796601522742083,-0.7903361344537492,4.919079411733205,1.2076113510761042,3.7839915966386557,1.1663163109623909,-0.10974003830319645
Geranium robertianum,55925,-35.0493890333,173.7440867218,322656357,322656357,"c(173.7440867218, -35.0493890333)",1,1.6893833875656128,19.750000000000057,9.750000000000057,4.69,1.6893833875656128,19.750000000000057,9.750000000000057,4.69,Geranium_robertianum,0.7747697234153748,5.067353248596191,4.292583525180817,0.21306834422324064,12.950000000000045,19.950000000000045,7,0.9714285714285731,-11.449999999999989,9.750000000000057,21.200000000000045,1,1.631,6.042,4.411,0.6934935388800727,1.784053506470528,0.7845166812772009,-0.12067317517173937,16.243277310924405,1.4682937804937999,2.3882977205667317,-0.7903361344537492,4.919079411733205,2.142745674996125,3.7839915966386557,1.1663163109623909,0.7768119118678432
Geranium robertianum,55925,50.133225,1.7391944444,322910758,322910758,"c(1.7391944444, 50.133225)",1,1.1803523302078247,17.250000000000057,1.9500000000000455,4.25,1.1803523302078247,17.250000000000057,1.9500000000000455,4.25,Geranium_robertianum,0.7747697234153748,5.067353248596191,4.292583525180817,0.09448449969889999,12.950000000000045,19.950000000000045,7,0.6142857142857159,-11.449999999999989,9.750000000000057,21.200000000000045,0.6320754716981135,1.631,6.042,4.411,0.5937429154386761,1.784053506470528,0.7845166812772009,-0.7695198721330845,16.243277310924405,1.4682937804937999,0.6856411860146149,-0.7903361344537492,4.919079411733205,0.5570831257404433,3.7839915966386557,1.1663163109623909,0.3995557628588899
Geranium robertianum,55925,50.1304027778,1.7366444444,322913887,322913887,"c(1.7366444444, 50.1304027778)",1,1.1835459470748901,17.250000000000057,1.9500000000000455,4.106,1.1835459470748901,17.250000000000057,1.9500000000000455,4.106,Geranium_robertianum,0.7747697234153748,5.067353248596191,4.292583525180817,0.09522848449228405,12.950000000000045,19.950000000000045,7,0.6142857142857159,-11.449999999999989,9.750000000000057,21.200000000000045,0.6320754716981135,1.631,6.042,4.411,0.5610972568578554,1.784053506470528,0.7845166812772009,-0.7654490640250068,16.243277310924405,1.4682937804937999,0.6856411860146149,-0.7903361344537492,4.919079411733205,0.5570831257404433,3.7839915966386557,1.1663163109623909,0.27609011409232337
Geranium robertianum,55925,50.1340111111,1.740125,322915356,322915356,"c(1.740125, 50.1340111111)",1,1.1803523302078247,17.250000000000057,1.9500000000000455,4.25,1.1803523302078247,17.250000000000057,1.9500000000000455,4.25,Geranium_robertianum,0.7747697234153748,5.067353248596191,4.292583525180817,0.09448449969889999,12.950000000000045,19.950000000000045,7,0.6142857142857159,-11.449999999999989,9.750000000000057,21.200000000000045,0.6320754716981135,1.631,6.042,4.411,0.5937429154386761,1.784053506470528,0.7845166812772009,-0.7695198721330845,16.243277310924405,1.4682937804937999,0.6856411860146149,-0.7903361344537492,4.919079411733205,0.5570831257404433,3.7839915966386557,1.1663163109623909,0.3995557628588899
Geranium robertianum,55925,50.1348805556,1.7417638889,322915836,322915836,"c(1.7417638889, 50.1348805556)",1,1.1759096384048462,17.250000000000057,1.9500000000000455,4.237,1.1759096384048462,17.250000000000057,1.9500000000000455,4.237,Geranium_robertianum,0.7747697234153748,5.067353248596191,4.292583525180817,0.09344953048352722,12.950000000000045,19.950000000000045,7,0.6142857142857159,-11.449999999999989,9.750000000000057,21.200000000000045,0.6320754716981135,1.631,6.042,4.411,0.5907957379279075,1.784053506470528,0.7845166812772009,-0.775182838783769,16.243277310924405,1.4682937804937999,0.6856411860146149,-0.7903361344537492,4.919079411733205,0.5570831257404433,3.7839915966386557,1.1663163109623909,0.3884095584563527
Geranium robertianum,55925,50.8114083333,3.7185527778,352016880,352016880,"c(3.7185527778, 50.8114083333)",1,1.2470582723617554,16.950000000000045,0.5500000000000114,4.757,1.2470582723617554,16.950000000000045,0.5500000000000114,4.757,Geranium_robertianum,0.7747697234153748,5.067353248596191,4.292583525180817,0.11002431197340216,12.950000000000045,19.950000000000045,7,0.5714285714285714,-11.449999999999989,9.750000000000057,21.200000000000045,0.5660377358490554,1.631,6.042,4.411,0.7086828383586488,1.784053506470528,0.7845166812772009,-0.6844917984848189,16.243277310924405,1.4682937804937999,0.4813224018683531,-0.7903361344537492,4.919079411733205,0.2724770271560837,3.7839915966386557,1.1663163109623909,0.8342577345578421
Geranium robertianum,55925,50.8112694444,3.7191472222,352217981,352217981,"c(3.7191472222, 50.8112694444)",1,1.2470582723617554,16.950000000000045,0.5500000000000114,4.757,1.2470582723617554,16.950000000000045,0.5500000000000114,4.757,Geranium_robertianum,0.7747697234153748,5.067353248596191,4.292583525180817,0.11002431197340216,12.950000000000045,19.950000000000045,7,0.5714285714285714,-11.449999999999989,9.750000000000057,21.200000000000045,0.5660377358490554,1.631,6.042,4.411,0.7086828383586488,1.784053506470528,0.7845166812772009,-0.6844917984848189,16.243277310924405,1.4682937804937999,0.4813224018683531,-0.7903361344537492,4.919079411733205,0.2724770271560837,3.7839915966386557,1.1663163109623909,0.8342577345578421
Geranium robertianum,55925,53.1611624304,8.1526241693,357566867,357566867,"c(8.1526241693, 53.1611624304)",1,1.296850562095642,16.650000000000034,-0.3499999999999659,4.5040000000000004,1.296850562095642,16.650000000000034,-0.3499999999999659,4.5040000000000004,Geranium_robertianum,0.7747697234153748,5.067353248596191,4.292583525180817,0.12162392079680633,12.950000000000045,19.950000000000045,7,0.5285714285714269,-11.449999999999989,9.750000000000057,21.200000000000045,0.5235849056603773,1.631,6.042,4.411,0.6513262298798459,1.784053506470528,0.7845166812772009,-0.621023052794384,16.243277310924405,1.4682937804937999,0.2770036177220913,-0.7903361344537492,4.919079411733205,0.08951596378043301,3.7839915966386557,1.1663163109623909,0.6173354488776949
Geranium robertianum,55925,51.6215972222,0.2089361111,363204040,363204040,"c(0.2089361111, 51.6215972222)",1,0.9947952032089233,16.350000000000023,1.650000000000034,4.597,0.9947952032089233,16.350000000000023,1.650000000000034,4.597,Geranium_robertianum,0.7747697234153748,5.067353248596191,4.292583525180817,0.051257122547028466,12.950000000000045,19.950000000000045,7,0.4857142857142825,-11.449999999999989,9.750000000000057,21.200000000000045,0.6179245283018865,1.631,6.042,4.411,0.6724098843799593,1.784053506470528,0.7845166812772009,-1.0060440040314815,16.243277310924405,1.4682937804937999,0.07268483357582954,-0.7903361344537492,4.919079411733205,0.4960961046152226,3.7839915966386557,1.1663163109623909,0.6970736803727691
Geranium robertianum,55925,52.5893489865,17.0025905892,46488737,46488737,"c(17.0025905892, 52.5893489865)",1,0.7747697234153748,17.850000000000023,-3.249999999999943,4.14,0.7747697234153748,17.850000000000023,-3.249999999999943,4.14,Geranium_robertianum,0.7747697234153748,5.067353248596191,4.292583525180817,0,12.950000000000045,19.950000000000045,7,0.6999999999999967,-11.449999999999989,9.750000000000057,21.200000000000045,0.38679245283019,1.631,6.042,4.411,0.5688052595783268,1.784053506470528,0.7845166812772009,-1.2865039165413659,16.243277310924405,1.4682937804937999,1.0942787543070998,-0.7903361344537492,4.919079411733205,-0.5000252404300072,3.7839915966386557,1.1663163109623909,0.30524172560665136
Geranium robertianum,55925,-41.2880572,174.0052179,59839228,59839228,"c(174.0052179, -41.2880572)",1,1.5154023170471191,16.750000000000057,5.750000000000057,2.352,1.5154023170471191,16.750000000000057,5.750000000000057,2.352,Geranium_robertianum,0.7747697234153748,5.067353248596191,4.292583525180817,0.17253772449321103,12.950000000000045,19.950000000000045,7,0.5428571428571445,-11.449999999999989,9.750000000000057,21.200000000000045,0.8113207547169815,1.631,6.042,4.411,0.16345499886647016,1.784053506470528,0.7845166812772009,-0.3424416533578893,16.243277310924405,1.4682937804937999,0.3451098791041915,-0.7903361344537492,4.919079411733205,1.3295853933265458,3.7839915966386557,1.1663163109623909,-1.227790079911548
Geranium robertianum,55925,50.421617544,22.9938476288,63078839,63078839,"c(22.9938476288, 50.421617544)",1,0.8773177862167358,18.350000000000023,-5.349999999999966,2.182,0.8773177862167358,18.350000000000023,-5.349999999999966,2.182,Geranium_robertianum,0.7747697234153748,5.067353248596191,4.292583525180817,0.02388959054606665,12.950000000000045,19.950000000000045,7,0.7714285714285681,-11.449999999999989,9.750000000000057,21.200000000000045,0.2877358490566042,1.631,6.042,4.411,0.12491498526411245,1.784053506470528,0.7845166812772009,-1.155788961399288,16.243277310924405,1.4682937804937999,1.4348100612175232,-0.7903361344537492,4.919079411733205,-0.9269343883065407,3.7839915966386557,1.1663163109623909,-1.3735481374831888
Geranium robertianum,55925,48.4131912603,11.847310178,76598549,76598549,"c(11.847310178, 48.4131912603)",1,1.1309893131256104,18.250000000000057,-3.1499999999999773,2.604,1.1309893131256104,18.250000000000057,-3.1499999999999773,2.604,Geranium_robertianum,0.7747697234153748,5.067353248596191,4.292583525180817,0.08298489420662596,12.950000000000045,19.950000000000045,7,0.7571428571428588,-11.449999999999989,9.750000000000057,21.200000000000045,0.39150943396226384,1.631,6.042,4.411,0.2205849013829064,1.784053506470528,0.7845166812772009,-0.8324414367859237,16.243277310924405,1.4682937804937999,1.3667037998354616,-0.7903361344537492,4.919079411733205,-0.4796962333882746,3.7839915966386557,1.1663163109623909,-1.0117251945700567
Hedera helix,55882,-38.8829333333,175.261995,104623322,104623322,"c(175.261995, -38.8829333333)",1,1.7622909545898438,17.05000000000001,4.550000000000011,2.731,1.7622909545898438,17.05000000000001,4.550000000000011,2.731,Hedera_helix,0.6962844729423523,2.7374749183654785,2.041190445423126,0.5222474385169459,14.550000000000011,24.05000000000001,9.5,0.2631578947368421,-5.249999999999943,7.250000000000057,12.5,0.7839999999999964,1.7750000000000001,6.2330000000000005,4.458,0.2144459398833557,1.4907969037691753,0.5721235354000523,0.47453746266674496,17.591666666666704,1.9645619221850146,-0.2757188055768907,1.8104166666666994,3.3913996096090937,0.8078031634995344,3.645916666666667,1.0516627732559913,-0.8699715250298794
Hedera helix,55882,-44.3905,171.249132,1165068,1165068,"c(171.249132, -44.3905)",1,0.863625705242157,15.450000000000045,1.8500000000000227,2.94,0.863625705242157,15.450000000000045,1.8500000000000227,2.94,Hedera_helix,0.6962844729423523,2.7374749183654785,2.041190445423126,0.08198217499745149,14.550000000000011,24.05000000000001,9.5,0.09473684210526674,-5.249999999999943,7.250000000000057,12.5,0.5679999999999973,1.7750000000000001,6.2330000000000005,4.458,0.2613279497532525,1.4907969037691753,0.5721235354000523,-1.096216393350213,17.591666666666704,1.9645619221850146,-1.0901497389731882,1.8104166666666994,3.3913996096090937,0.011671680689344021,3.645916666666667,1.0516627732559913,-0.6712386181371809
Hedera helix,55882,-43.8053833333,172.9669133333,124676720,124676720,"c(172.9669133333, -43.8053833333)",1,1.2520381212234497,15.550000000000011,5.550000000000011,3.2920000000000003,1.2520381212234497,15.550000000000011,5.550000000000011,3.2920000000000003,Hedera_helix,0.6962844729423523,2.7374749183654785,2.041190445423126,0.2722693757102577,14.550000000000011,24.05000000000001,9.5,0.10526315789473684,-5.249999999999943,7.250000000000057,12.5,0.8639999999999963,1.7750000000000001,6.2330000000000005,4.458,0.3402871242709735,1.4907969037691753,0.5721235354000523,-0.4173203299157683,17.591666666666704,1.9645619221850146,-1.039247805635936,1.8104166666666994,3.3913996096090937,1.102666675651458,3.645916666666667,1.0516627732559913,-0.33653056442316204
Hedera helix,55882,49.7699319722,11.4082489722,163248917,163248917,"c(11.4082489722, 49.7699319722)",1,1.181883692741394,17.250000000000057,-3.249999999999943,3.465,1.181883692741394,17.250000000000057,-3.249999999999943,3.465,Hedera_helix,0.6962844729423523,2.7374749183654785,2.041190445423126,0.2379000062869587,14.550000000000011,24.05000000000001,9.5,0.28421052631579424,-5.249999999999943,7.250000000000057,12.5,0.16,1.7750000000000001,6.2330000000000005,4.458,0.3790937640197397,1.4907969037691753,0.5721235354000523,-0.5399414495538563,17.591666666666704,1.9645619221850146,-0.1739149389023282,1.8104166666666994,3.3913996096090937,-1.4921322312854564,3.645916666666667,1.0516627732559913,-0.1720291630239431
Hedera helix,55882,53.137711,8.204731,167943750,167943750,"c(8.204731, 53.137711)",1,1.2778558731079102,16.750000000000057,-0.3499999999999659,3.218,1.2778558731079102,16.750000000000057,-0.3499999999999659,3.218,Hedera_helix,0.6962844729423523,2.7374749183654785,2.041190445423126,0.2849177554547105,14.550000000000011,24.05000000000001,9.5,0.23157894736842585,-5.249999999999943,7.250000000000057,12.5,0.3919999999999982,1.7750000000000001,6.2330000000000005,4.458,0.3236877523553162,1.4907969037691753,0.5721235354000523,-0.3721941459939556,17.591666666666704,1.9645619221850146,-0.4284246055886766,1.8104166666666994,3.3913996096090937,-0.6370280460448846,3.645916666666667,1.0516627732559913,-0.40689532571531395
Hedera helix,55882,53.1377540224,8.2252373546,167945693,167945693,"c(8.2252373546, 53.1377540224)",1,1.2783904075622559,16.750000000000057,-0.3499999999999659,3.168,1.2783904075622559,16.750000000000057,-0.3499999999999659,3.168,Hedera_helix,0.6962844729423523,2.7374749183654785,2.041190445423126,0.2851796293310772,14.550000000000011,24.05000000000001,9.5,0.23157894736842585,-5.249999999999943,7.250000000000057,12.5,0.3919999999999982,1.7750000000000001,6.2330000000000005,4.458,0.3124719605204127,1.4907969037691753,0.5721235354000523,-0.3712598469811176,17.591666666666704,1.9645619221850146,-0.4284246055886766,1.8104166666666994,3.3913996096090937,-0.6370280460448846,3.645916666666667,1.0516627732559913,-0.45443908334514593
Hedera helix,55882,53.1377299722,8.2255979722,167945839,167945839,"c(8.2255979722, 53.1377299722)",1,1.2783904075622559,16.750000000000057,-0.3499999999999659,3.168,1.2783904075622559,16.750000000000057,-0.3499999999999659,3.168,Hedera_helix,0.6962844729423523,2.7374749183654785,2.041190445423126,0.2851796293310772,14.550000000000011,24.05000000000001,9.5,0.23157894736842585,-5.249999999999943,7.250000000000057,12.5,0.3919999999999982,1.7750000000000001,6.2330000000000005,4.458,0.3124719605204127,1.4907969037691753,0.5721235354000523,-0.3712598469811176,17.591666666666704,1.9645619221850146,-0.4284246055886766,1.8104166666666994,3.3913996096090937,-0.6370280460448846,3.645916666666667,1.0516627732559913,-0.45443908334514593
Hedera helix,55882,48.130535,11.586522,176576206,176576206,"c(11.586522, 48.130535)",1,1.3152987957000732,17.55000000000001,-3.849999999999966,2.3930000000000002,1.3152987957000732,17.55000000000001,-3.849999999999966,2.3930000000000002,Hedera_helix,0.6962844729423523,2.7374749183654785,2.041190445423126,0.3032614247953738,14.550000000000011,24.05000000000001,9.5,0.3157894736842105,-5.249999999999943,7.250000000000057,12.5,0.11199999999999818,1.7750000000000001,6.2330000000000005,4.458,0.13862718707940783,1.4907969037691753,0.5721235354000523,-0.30674862544570297,17.591666666666704,1.9645619221850146,-0.021209138890542295,1.8104166666666994,3.3913996096090937,-1.6690503385766173,3.645916666666667,1.0516627732559913,-1.1913673266075446
Hedera helix,55882,48.1301410701,11.586002335,176606982,176606982,"c(11.586002335, 48.1301410701)",1,1.3152987957000732,17.55000000000001,-3.849999999999966,2.3930000000000002,1.3152987957000732,17.55000000000001,-3.849999999999966,2.3930000000000002,Hedera_helix,0.6962844729423523,2.7374749183654785,2.041190445423126,0.3032614247953738,14.550000000000011,24.05000000000001,9.5,0.3157894736842105,-5.249999999999943,7.250000000000057,12.5,0.11199999999999818,1.7750000000000001,6.2330000000000005,4.458,0.13862718707940783,1.4907969037691753,0.5721235354000523,-0.30674862544570297,17.591666666666704,1.9645619221850146,-0.021209138890542295,1.8104166666666994,3.3913996096090937,-1.6690503385766173,3.645916666666667,1.0516627732559913,-1.1913673266075446
Hedera helix,55882,46.308168,-0.6017789722,182314031,182314031,"c(-0.6017789722, 46.308168)",1,0.997538149356842,19.650000000000034,2.8500000000000227,3.415,0.997538149356842,19.650000000000034,2.8500000000000227,3.415,Hedera_helix,0.6962844729423523,2.7374749183654785,2.041190445423126,0.14758724600635767,14.550000000000011,24.05000000000001,9.5,0.5368421052631603,-5.249999999999943,7.250000000000057,12.5,0.6479999999999972,1.7750000000000001,6.2330000000000005,4.458,0.3678779721848362,1.4907969037691753,0.5721235354000523,-0.8621542794379651,17.591666666666704,1.9645619221850146,1.0477314611921327,1.8104166666666994,3.3913996096090937,0.3065351928412676,3.645916666666667,1.0516627732559913,-0.21957292065377512
Hedera helix,55882,45.398673,-1.041768,182800703,182800703,"c(-1.041768, 45.398673)",1,1.0324654579162598,20.55000000000001,4.150000000000034,3.678,1.0324654579162598,20.55000000000001,4.150000000000034,3.678,Hedera_helix,0.6962844729423523,2.7374749183654785,2.041190445423126,0.1646984903969699,14.550000000000011,24.05000000000001,9.5,0.631578947368421,-5.249999999999943,7.250000000000057,12.5,0.7519999999999982,1.7750000000000001,6.2330000000000005,4.458,0.42687303723642883,1.4907969037691753,0.5721235354000523,-0.8011057359009559,17.591666666666704,1.9645619221850146,1.5058488612275482,1.8104166666666994,3.3913996096090937,0.6898577586387716,3.645916666666667,1.0516627732559913,0.030507244479142014
Hedera helix,55882,45.8318325169,-1.2034397945,183472974,183472974,"c(-1.2034397945, 45.8318325169)",1,1.1007683277130127,19.750000000000057,4.650000000000034,3.93,1.1007683277130127,19.750000000000057,4.650000000000034,3.93,Hedera_helix,0.6962844729423523,2.7374749183654785,2.041190445423126,0.19816076235199767,14.550000000000011,24.05000000000001,9.5,0.5473684210526364,-5.249999999999943,7.250000000000057,12.5,0.79199999999999815,1.7750000000000001,6.2330000000000005,4.458,0.4834006280843428,1.4907969037691753,0.5721235354000523,-0.6817209080263383,17.591666666666704,1.9645619221850146,1.0986333945294138,1.8104166666666994,3.3913996096090937,0.8372895147147335,3.645916666666667,1.0516627732559913,0.2701277829334964
Hedera helix,55882,50.68548315,7.1498642496,190837762,190837762,"c(7.1498642496, 50.68548315)",1,1.059287190437317,18.150000000000034,-0.14999999999997726,2.524,1.059287190437317,18.150000000000034,-0.14999999999997726,2.524,Hedera_helix,0.6962844729423523,2.7374749183654785,2.041190445423126,0.17783873048637378,14.550000000000011,24.05000000000001,9.5,0.37894736842105503,-5.249999999999943,7.250000000000057,12.5,0.40799999999999725,1.7750000000000001,6.2330000000000005,4.458,0.16801256168685505,1.4907969037691753,0.5721235354000523,-0.7542247200687681,17.591666666666704,1.9645619221850146,0.2842024611330874,1.8104166666666994,3.3913996096090937,-0.5780553436145032,3.645916666666667,1.0516627732559913,-1.0668026816173843
Hedera helix,55882,48.0276483333,16.7971183333,204318692,204318692,"c(16.7971183333, 48.0276483333)",1,0.6962844729423523,20.450000000000045,-3.349999999999966,3.6510000000000002,0.6962844729423523,20.450000000000045,-3.349999999999966,3.6510000000000002,Hedera_helix,0.6962844729423523,2.7374749183654785,2.041190445423126,0,14.550000000000011,24.05000000000001,9.5,0.621052631578951,-5.249999999999943,7.250000000000057,12.5,0.1519999999999982,1.7750000000000001,6.2330000000000005,4.458,0.420816509645581,1.4907969037691753,0.5721235354000523,-1.388707825611941,17.591666666666704,1.9645619221850146,1.4549469278902958,1.8104166666666994,3.3913996096090937,-1.5216185825006554,3.645916666666667,1.0516627732559913,0.004833615359032933
Hedera helix,55882,51.8365068,10.7942114997,215469871,215469871,"c(10.7942114997, 51.8365068)",1,1.1431858539581299,16.55000000000001,-3.0499999999999545,2.93,1.1431858539581299,16.55000000000001,-3.0499999999999545,2.93,Hedera_helix,0.6962844729423523,2.7374749183654785,2.041190445423126,0.2189415407160294,14.550000000000011,24.05000000000001,9.5,0.21052631578947367,-5.249999999999943,7.250000000000057,12.5,0.1759999999999991,1.7750000000000001,6.2330000000000005,4.458,0.2590847913862719,1.4907969037691753,0.5721235354000523,-0.6075804058086536,17.591666666666704,1.9645619221850146,-0.5302284722632391,1.8104166666666994,3.3913996096090937,-1.4331595288550751,3.645916666666667,1.0516627732559913,-0.6807473696631471
Hedera helix,55882,53.1453388889,8.1582194444,218062409,218062409,"c(8.1582194444, 53.1453388889)",1,1.2860842943191528,16.750000000000057,-0.3499999999999659,3.793,1.2860842943191528,16.750000000000057,-0.3499999999999659,3.793,Hedera_helix,0.6962844729423523,2.7374749183654785,2.041190445423126,0.2889489428579697,14.550000000000011,24.05000000000001,9.5,0.23157894736842585,-5.249999999999943,7.250000000000057,12.5,0.3919999999999982,1.7750000000000001,6.2330000000000005,4.458,0.45266935845670697,1.4907969037691753,0.5721235354000523,-0.3578119003737173,17.591666666666704,1.9645619221850146,-0.4284246055886766,1.8104166666666994,3.3913996096090937,-0.6370280460448846,3.645916666666667,1.0516627732559913,0.1398578870277562
Hedera helix,55882,53.1391318,8.2015347997,224864823,224864823,"c(8.2015347997, 53.1391318)",1,1.2778558731079102,16.750000000000057,-0.3499999999999659,3.218,1.2778558731079102,16.750000000000057,-0.3499999999999659,3.218,Hedera_helix,0.6962844729423523,2.7374749183654785,2.041190445423126,0.2849177554547105,14.550000000000011,24.05000000000001,9.5,0.23157894736842585,-5.249999999999943,7.250000000000057,12.5,0.3919999999999982,1.7750000000000001,6.2330000000000005,4.458,0.3236877523553162,1.4907969037691753,0.5721235354000523,-0.3721941459939556,17.591666666666704,1.9645619221850146,-0.4284246055886766,1.8104166666666994,3.3913996096090937,-0.6370280460448846,3.645916666666667,1.0516627732559913,-0.40689532571531395
Hedera helix,55882,45.488682,13.491762,225473433,225473433,"c(13.491762, 45.488682)",1,2.0812442302703857,23.05000000000001,5.850000000000023,2.969,2.0812442302703857,23.05000000000001,5.850000000000023,2.969,Hedera_helix,0.6962844729423523,2.7374749183654785,2.041190445423126,0.6785058985718209,14.550000000000011,24.05000000000001,9.5,0.8947368421052632,-5.249999999999943,7.250000000000057,12.5,0.8879999999999972,1.7750000000000001,6.2330000000000005,4.458,0.2678331090174966,1.4907969037691753,0.5721235354000523,1.0320276827771915,17.591666666666704,1.9645619221850146,2.77839719465929,1.8104166666666994,3.3913996096090937,1.1911257292970383,3.645916666666667,1.0516627732559913,-0.6436632387118782
Hedera helix,55882,53.1529652997,8.1650173,228208026,228208026,"c(8.1650173, 53.1529652997)",1,1.29326331615448,16.750000000000057,-0.3499999999999659,4.553,1.29326331615448,16.750000000000057,-0.3499999999999659,4.553,Hedera_helix,0.6962844729423523,2.7374749183654785,2.041190445423126,0.29246601881304496,14.550000000000011,24.05000000000001,9.5,0.23157894736842585,-5.249999999999943,7.250000000000057,12.5,0.3919999999999982,1.7750000000000001,6.2330000000000005,4.458,0.6231493943472408,1.4907969037691753,0.5721235354000523,-0.3452638729091466,17.591666666666704,1.9645619221850146,-0.4284246055886766,1.8104166666666994,3.3913996096090937,-0.6370280460448846,3.645916666666667,1.0516627732559913,0.862523003001205
Hedera helix,55882,53.1403216,8.1960615,228815675,228815675,"c(8.1960615, 53.1403216)",1,1.2777043581008911,16.750000000000057,-0.3499999999999659,3.368,1.2777043581008911,16.750000000000057,-0.3499999999999659,3.368,Hedera_helix,0.6962844729423523,2.7374749183654785,2.041190445423126,0.2848435267087555,14.550000000000011,24.05000000000001,9.5,0.23157894736842585,-5.249999999999943,7.250000000000057,12.5,0.3919999999999982,1.7750000000000001,6.2330000000000005,4.458,0.35733512786002686,1.4907969037691753,0.5721235354000523,-0.37245897517444565,17.591666666666704,1.9645619221850146,-0.4284246055886766,1.8104166666666994,3.3913996096090937,-0.6370280460448846,3.645916666666667,1.0516627732559913,-0.2642640528258175
Hedera helix,55882,52.4525111111,13.3095555556,235971335,235971335,"c(13.3095555556, 52.4525111111)",1,0.8690674901008606,18.150000000000034,-1.9499999999999886,2.724,0.8690674901008606,18.150000000000034,-1.9499999999999886,2.724,Hedera_helix,0.6962844729423523,2.7374749183654785,2.041190445423126,0.08464816085433491,14.550000000000011,24.05000000000001,9.5,0.37894736842105503,-5.249999999999943,7.250000000000057,12.5,0.26399999999999635,1.7750000000000001,6.2330000000000005,4.458,0.21287572902646928,1.4907969037691753,0.5721235354000523,-1.086704837677366,17.591666666666704,1.9645619221850146,0.2842024611330874,1.8104166666666994,3.3913996096090937,-1.108809665487969,3.645916666666667,1.0516627732559913,-0.8766276510980556
Hedera helix,55882,53.162287791,8.2349605544,242215733,242215733,"c(8.2349605544, 53.162287791)",1,1.302878499031067,16.750000000000057,-0.3499999999999659,3.428,1.302878499031067,16.750000000000057,-0.3499999999999659,3.428,Hedera_helix,0.6962844729423523,2.7374749183654785,2.041190445423126,0.2971765948879755,14.550000000000011,24.05000000000001,9.5,0.23157894736842585,-5.249999999999943,7.250000000000057,12.5,0.3919999999999982,1.7750000000000001,6.2330000000000005,4.458,0.3707940780619111,1.4907969037691753,0.5721235354000523,-0.32845774227188207,17.591666666666704,1.9645619221850146,-0.4284246055886766,1.8104166666666994,3.3913996096090937,-0.6370280460448846,3.645916666666667,1.0516627732559913,-0.20721154367001884
Hedera helix,55882,53.1282200889,8.232892459,243381133,243381133,"c(8.232892459, 53.1282200889)",1,1.274537444114685,16.850000000000023,-0.3499999999999659,3.267,1.274537444114685,16.850000000000023,-0.3499999999999659,3.267,Hedera_helix,0.6962844729423523,2.7374749183654785,2.041190445423126,0.2832920232744204,14.550000000000011,24.05000000000001,9.5,0.24210526315789593,-5.249999999999943,7.250000000000057,12.5,0.3919999999999982,1.7750000000000001,6.2330000000000005,4.458,0.3346792283535217,1.4907969037691753,0.5721235354000523,-0.37799434260866877,17.591666666666704,1.9645619221850146,-0.3775226722514243,1.8104166666666994,3.3913996096090937,-0.6370280460448846,3.645916666666667,1.0516627732559913,-0.3603024432380785
Hedera helix,55882,53.1391078618,8.2015729175,243733475,243733475,"c(8.2015729175, 53.1391078618)",1,1.2778558731079102,16.750000000000057,-0.3499999999999659,3.218,1.2778558731079102,16.750000000000057,-0.3499999999999659,3.218,Hedera_helix,0.6962844729423523,2.7374749183654785,2.041190445423126,0.2849177554547105,14.550000000000011,24.05000000000001,9.5,0.23157894736842585,-5.249999999999943,7.250000000000057,12.5,0.3919999999999982,1.7750000000000001,6.2330000000000005,4.458,0.3236877523553162,1.4907969037691753,0.5721235354000523,-0.3721941459939556,17.591666666666704,1.9645619221850146,-0.4284246055886766,1.8104166666666994,3.3913996096090937,-0.6370280460448846,3.645916666666667,1.0516627732559913,-0.40689532571531395
Hedera helix,55882,53.1387683353,8.1991463618,243738892,243738892,"c(8.1991463618, 53.1387683353)",1,1.2777043581008911,16.750000000000057,-0.3499999999999659,3.368,1.2777043581008911,16.750000000000057,-0.3499999999999659,3.368,Hedera_helix,0.6962844729423523,2.7374749183654785,2.041190445423126,0.2848435267087555,14.550000000000011,24.05000000000001,9.5,0.23157894736842585,-5.249999999999943,7.250000000000057,12.5,0.3919999999999982,1.7750000000000001,6.2330000000000005,4.458,0.35733512786002686,1.4907969037691753,0.5721235354000523,-0.37245897517444565,17.591666666666704,1.9645619221850146,-0.4284246055886766,1.8104166666666994,3.3913996096090937,-0.6370280460448846,3.645916666666667,1.0516627732559913,-0.2642640528258175
Hedera helix,55882,53.1401236055,8.2079541175,243746907,243746907,"c(8.2079541175, 53.1401236055)",1,1.2778558731079102,16.750000000000057,-0.3499999999999659,3.218,1.2778558731079102,16.750000000000057,-0.3499999999999659,3.218,Hedera_helix,0.6962844729423523,2.7374749183654785,2.041190445423126,0.2849177554547105,14.550000000000011,24.05000000000001,9.5,0.23157894736842585,-5.249999999999943,7.250000000000057,12.5,0.3919999999999982,1.7750000000000001,6.2330000000000005,4.458,0.3236877523553162,1.4907969037691753,0.5721235354000523,-0.3721941459939556,17.591666666666704,1.9645619221850146,-0.4284246055886766,1.8104166666666994,3.3913996096090937,-0.6370280460448846,3.645916666666667,1.0516627732559913,-0.40689532571531395
Hedera helix,55882,47.875788,10.626002,281186233,281186233,"c(10.626002, 47.875788)",1,1.6749681234359741,16.55000000000001,-5.249999999999943,2.461,1.6749681234359741,16.55000000000001,-5.249999999999943,2.461,Hedera_helix,0.6962844729423523,2.7374749183654785,2.041190445423126,0.47946709366981516,14.550000000000011,24.05000000000001,9.5,0.21052631578947367,-5.249999999999943,7.250000000000057,12.5,0,1.7750000000000001,6.2330000000000005,4.458,0.15388066397487657,1.4907969037691753,0.5721235354000523,0.3219081339452654,17.591666666666704,1.9645619221850146,-0.5302284722632391,1.8104166666666994,3.3913996096090937,-2.0818592555893036,3.645916666666667,1.0516627732559913,-1.1267078162309732
Hedera helix,55882,53.142012,8.192713,292288284,292288284,"c(8.192713, 53.142012)",1,1.2839415073394775,16.750000000000057,-0.3499999999999659,3.2840000000000003,1.2839415073394775,16.750000000000057,-0.3499999999999659,3.2840000000000003,Hedera_helix,0.6962844729423523,2.7374749183654785,2.041190445423126,0.28789916968051826,14.550000000000011,24.05000000000001,9.5,0.23157894736842585,-5.249999999999943,7.250000000000057,12.5,0.3919999999999982,1.7750000000000001,6.2330000000000005,4.458,0.338492597577389,1.4907969037691753,0.5721235354000523,-0.3615572225761626,17.591666666666704,1.9645619221850146,-0.4284246055886766,1.8104166666666994,3.3913996096090937,-0.6370280460448846,3.645916666666667,1.0516627732559913,-0.3441375656439352
Hedera helix,55882,49.4251666667,-2.3553555556,303918392,303918392,"c(-2.3553555556, 49.4251666667)",1,2.7374749183654785,15.850000000000023,6.350000000000023,6.2330000000000005,2.7374749183654785,15.850000000000023,6.350000000000023,6.2330000000000005,Hedera_helix,0.6962844729423523,2.7374749183654785,2.041190445423126,1,14.550000000000011,24.05000000000001,9.5,0.1368421052631591,-5.249999999999943,7.250000000000057,12.5,0.9279999999999973,1.7750000000000001,6.2330000000000005,4.458,1,1.4907969037691753,0.5721235354000523,2.179036409898038,17.591666666666704,1.9645619221850146,-0.8865420056241211,1.8104166666666994,3.3913996096090937,1.3385574853730002,3.645916666666667,1.0516627732559913,2.4599932593635665
Hedera helix,55882,49.4250833333,-2.3555194444,303918396,303918396,"c(-2.3555194444, 49.4250833333)",1,2.7374749183654785,15.850000000000023,6.350000000000023,6.2330000000000005,2.7374749183654785,15.850000000000023,6.350000000000023,6.2330000000000005,Hedera_helix,0.6962844729423523,2.7374749183654785,2.041190445423126,1,14.550000000000011,24.05000000000001,9.5,0.1368421052631591,-5.249999999999943,7.250000000000057,12.5,0.9279999999999973,1.7750000000000001,6.2330000000000005,4.458,1,1.4907969037691753,0.5721235354000523,2.179036409898038,17.591666666666704,1.9645619221850146,-0.8865420056241211,1.8104166666666994,3.3913996096090937,1.3385574853730002,3.645916666666667,1.0516627732559913,2.4599932593635665
Hedera helix,55882,49.7196777778,-2.1775222222,303927791,303927791,"c(-2.1775222222, 49.7196777778)",1,2.704892158508301,15.950000000000045,6.4500000000000455,5.93,2.704892158508301,15.950000000000045,6.4500000000000455,5.93,Hedera_helix,0.6962844729423523,2.7374749183654785,2.041190445423126,0.98403737391078006,14.550000000000011,24.05000000000001,9.5,0.14736842105263517,-5.249999999999943,7.250000000000057,12.5,0.935999999999999,1.7750000000000001,6.2330000000000005,4.458,0.9320323014804843,1.4907969037691753,0.5721235354000523,2.1220858426846223,17.591666666666704,1.9645619221850146,-0.8356400722868399,1.8104166666666994,3.3913996096090937,1.3680438365881993,3.645916666666667,1.0516627732559913,2.1718780881267827
Hedera helix,55882,49.4319527778,-2.3516388889,304176003,304176003,"c(-2.3516388889, 49.4319527778)",1,2.7374749183654785,15.850000000000023,6.350000000000023,6.2330000000000005,2.7374749183654785,15.850000000000023,6.350000000000023,6.2330000000000005,Hedera_helix,0.6962844729423523,2.7374749183654785,2.041190445423126,1,14.550000000000011,24.05000000000001,9.5,0.1368421052631591,-5.249999999999943,7.250000000000057,12.5,0.9279999999999973,1.7750000000000001,6.2330000000000005,4.458,1,1.4907969037691753,0.5721235354000523,2.179036409898038,17.591666666666704,1.9645619221850146,-0.8865420056241211,1.8104166666666994,3.3913996096090937,1.3385574853730002,3.645916666666667,1.0516627732559913,2.4599932593635665
Hedera helix,55882,48.2742613741,-4.5994910584,308135648,308135648,"c(-4.5994910584, 48.2742613741)",1,2.4421863555908203,16.150000000000034,7.250000000000057,4.244,2.4421863555908203,16.150000000000034,7.250000000000057,4.244,Hedera_helix,0.6962844729423523,2.7374749183654785,2.041190445423126,0.8553351239533915,14.550000000000011,24.05000000000001,9.5,0.16842105263158133,-5.249999999999943,7.250000000000057,12.5,1,1.7750000000000001,6.2330000000000005,4.458,0.5538358008075368,1.4907969037691753,0.5721235354000523,1.662909132301985,17.591666666666704,1.9645619221850146,-0.7338362056123062,1.8104166666666994,3.3913996096090937,1.6039346463097415,3.645916666666667,1.0516627732559913,0.5687025808488421
Hedera helix,55882,46.5709611111,-1.8272138889,312924061,312924061,"c(-1.8272138889, 46.5709611111)",1,1.4158174991607666,18.450000000000045,5.4500000000000455,3.083,1.4158174991607666,18.450000000000045,5.4500000000000455,3.083,Hedera_helix,0.6962844729423523,2.7374749183654785,2.041190445423126,0.35250656195838675,14.550000000000011,24.05000000000001,9.5,0.4105263157894773,-5.249999999999943,7.250000000000057,12.5,0.8559999999999991,1.7750000000000001,6.2330000000000005,4.458,0.2934051144010767,1.4907969037691753,0.5721235354000523,-0.13105457120546526,17.591666666666704,1.9645619221850146,0.4369082611449022,1.8104166666666994,3.3913996096090937,1.0731803244362756,3.645916666666667,1.0516627732559913,-0.5352634713158606
Hedera helix,55882,46.1853833333,-1.3563416667,312926161,312926161,"c(-1.3563416667, 46.1853833333)",1,1.2908680438995361,18.850000000000023,5.350000000000023,3.286,1.2908680438995361,18.850000000000023,5.350000000000023,3.286,Hedera_helix,0.6962844729423523,2.7374749183654785,2.041190445423126,0.29129255052628383,14.550000000000011,24.05000000000001,9.5,0.4526315789473696,-5.249999999999943,7.250000000000057,12.5,0.8479999999999973,1.7750000000000001,6.2330000000000005,4.458,0.33894122925078507,1.4907969037691753,0.5721235354000523,-0.34945050762479235,17.591666666666704,1.9645619221850146,0.6405159944939693,1.8104166666666994,3.3913996096090937,1.0436939732210766,3.645916666666667,1.0516627732559913,-0.34223581533874214
Hedera helix,55882,53.2274083333,-4.1273444444,313402638,313402638,"c(-4.1273444444, 53.2274083333)",1,2.3463404178619385,15.250000000000057,2.250000000000057,4.631,2.3463404178619385,15.250000000000057,2.250000000000057,4.631,Hedera_helix,0.6962844729423523,2.7374749183654785,2.041190445423126,0.8083792223402946,14.550000000000011,24.05000000000001,9.5,0.07368421052632057,-5.249999999999943,7.250000000000057,12.5,0.6,1.7750000000000001,6.2330000000000005,4.458,0.6406460296096904,1.4907969037691753,0.5721235354000523,1.4953824849986845,17.591666666666704,1.9645619221850146,-1.1919536056477218,1.8104166666666994,3.3913996096090937,0.12961708555012352,3.645916666666667,1.0516627732559913,0.9366912649037435
Hedera helix,55882,54.7169361111,-6.2308888889,313880018,313880018,"c(-6.2308888889, 54.7169361111)",1,1.9601640701293945,14.850000000000023,2.5500000000000114,4.91,1.9601640701293945,14.850000000000023,2.5500000000000114,4.91,Hedera_helix,0.6962844729423523,2.7374749183654785,2.041190445423126,0.6191874942492432,14.550000000000011,24.05000000000001,9.5,0.03157894736842225,-5.249999999999943,7.250000000000057,12.5,0.6239999999999963,1.7750000000000001,6.2330000000000005,4.458,0.7032301480484522,1.4907969037691753,0.5721235354000523,0.8203947876956651,17.591666666666704,1.9645619221850146,-1.395561338996818,1.8104166666666994,3.3913996096090937,0.2180761391956872,3.645916666666667,1.0516627732559913,1.2019854324782069
Hedera helix,55882,45.9671527778,-1.2422,315598009,315598009,"c(-1.2422, 45.9671527778)",1,1.095029592514038,19.55000000000001,4.850000000000023,4.146,1.095029592514038,19.55000000000001,4.850000000000023,4.146,Hedera_helix,0.6962844729423523,2.7374749183654785,2.041190445423126,0.19534929749733781,14.550000000000011,24.05000000000001,9.5,0.5263157894736842,-5.249999999999943,7.250000000000057,12.5,0.8079999999999973,1.7750000000000001,6.2330000000000005,4.458,0.5318528488111259,1.4907969037691753,0.5721235354000523,-0.6917514955548899,17.591666666666704,1.9645619221850146,0.9968295278548513,1.8104166666666994,3.3913996096090937,0.8962622171451148,3.645916666666667,1.0516627732559913,0.4755168158943711
Hedera helix,55882,45.6199277778,-1.0354,315737024,315737024,"c(-1.0354, 45.6199277778)",1,1.019468069076538,20.250000000000057,3.8500000000000227,4.176,1.019468069076538,20.250000000000057,3.8500000000000227,4.176,Hedera_helix,0.6962844729423523,2.7374749183654785,2.041190445423126,0.15833093715427018,14.550000000000011,24.05000000000001,9.5,0.6000000000000048,-5.249999999999943,7.250000000000057,12.5,0.7279999999999973,1.7750000000000001,6.2330000000000005,4.458,0.5385823239120682,1.4907969037691753,0.5721235354000523,-0.8238235372769006,17.591666666666704,1.9645619221850146,1.3531430612157622,1.8104166666666994,3.3913996096090937,0.6013987049931911,3.645916666666667,1.0516627732559913,0.5040430704722707
Hedera helix,55882,43.5188333333,-1.5165527778,316690680,316690680,"c(-1.5165527778, 43.5188333333)",1,2.2551472187042236,20.250000000000057,6.550000000000011,2.642,2.2551472187042236,20.250000000000057,6.550000000000011,2.642,Hedera_helix,0.6962844729423523,2.7374749183654785,2.041190445423126,0.7637027447670267,14.550000000000011,24.05000000000001,9.5,0.6000000000000048,-5.249999999999943,7.250000000000057,12.5,0.9439999999999964,1.7750000000000001,6.2330000000000005,4.458,0.19448183041722739,1.4907969037691753,0.5721235354000523,1.3359882396737675,17.591666666666704,1.9645619221850146,1.3531430612157622,1.8104166666666994,3.3913996096090937,1.3975301878033817,3.645916666666667,1.0516627732559913,-0.9545994136109807
Hedera helix,55882,53.9854611111,-8.2308888889,317191793,317191793,"c(-8.2308888889, 53.9854611111)",1,2.2559642791748047,14.550000000000011,2.4500000000000455,5.41,2.2559642791748047,14.550000000000011,2.4500000000000455,5.41,Hedera_helix,0.6962844729423523,2.7374749183654785,2.041190445423126,0.7641030310178335,14.550000000000011,24.05000000000001,9.5,0,-5.249999999999943,7.250000000000057,12.5,0.6159999999999991,1.7750000000000001,6.2330000000000005,4.458,0.8153880663974876,1.4907969037691753,0.5721235354000523,1.3374163586376373,17.591666666666704,1.9645619221850146,-1.5482671390086327,1.8104166666666994,3.3913996096090937,0.18858978798050488,3.645916666666667,1.0516627732559913,1.6774230087765287
Hedera helix,55882,43.371475,-1.7741277778,320797846,320797846,"c(-1.7741277778, 43.371475)",1,2.628161668777466,19.850000000000023,6.650000000000034,3.17,2.628161668777466,19.850000000000023,6.650000000000034,3.17,Hedera_helix,0.6962844729423523,2.7374749183654785,2.041190445423126,0.946446325068236,14.550000000000011,24.05000000000001,9.5,0.5578947368421064,-5.249999999999943,7.250000000000057,12.5,0.9519999999999982,1.7750000000000001,6.2330000000000005,4.458,0.3129205921938088,1.4907969037691753,0.5721235354000523,1.9879705948698618,17.591666666666704,1.9645619221850146,1.1495353278666662,1.8104166666666994,3.3913996096090937,1.4270165390185807,3.645916666666667,1.0516627732559913,-0.45253733303995286
Hedera helix,55882,50.133175,1.7391555556,322910755,322910755,"c(1.7391555556, 50.133175)",1,1.1835459470748901,17.250000000000057,1.9500000000000455,4.106,1.1835459470748901,17.250000000000057,1.9500000000000455,4.106,Hedera_helix,0.6962844729423523,2.7374749183654785,2.041190445423126,0.2387143616241705,14.550000000000011,24.05000000000001,9.5,0.28421052631579424,-5.249999999999943,7.250000000000057,12.5,0.5759999999999991,1.7750000000000001,6.2330000000000005,4.458,0.5228802153432031,1.4907969037691753,0.5721235354000523,-0.537036037993862,17.591666666666704,1.9645619221850146,-0.1739149389023282,1.8104166666666994,3.3913996096090937,0.041158031904543084,3.645916666666667,1.0516627732559913,0.4374818097905053
Hedera helix,55882,41.911520675,12.4777923694,322999053,322999053,"c(12.4777923694, 41.911520675)",1,0.7498718500137329,24.05000000000001,3.650000000000034,1.7750000000000001,0.7498718500137329,24.05000000000001,3.650000000000034,1.7750000000000001,Hedera_helix,0.6962844729423523,2.7374749183654785,2.041190445423126,0.026253002110379897,14.550000000000011,24.05000000000001,9.5,1,-5.249999999999943,7.250000000000057,12.5,0.7119999999999982,1.7750000000000001,6.2330000000000005,4.458,0,1.4907969037691753,0.5721235354000523,-1.2950438286678017,17.591666666666704,1.9645619221850146,3.287416528031987,1.8104166666666994,3.3913996096090937,0.5424260025628099,3.645916666666667,1.0516627732559913,-1.7790081709122703
Hedera helix,55882,50.8156972222,3.5820333333,352015772,352015772,"c(3.5820333333, 50.8156972222)",1,1.1740831136703491,17.150000000000034,0.8500000000000227,4.714,1.1740831136703491,17.150000000000034,0.8500000000000227,4.714,Hedera_helix,0.6962844729423523,2.7374749183654785,2.041190445423126,0.23407842310811527,14.550000000000011,24.05000000000001,9.5,0.2736842105263182,-5.249999999999943,7.250000000000057,12.5,0.48799999999999727,1.7750000000000001,6.2330000000000005,4.458,0.6592642440556303,1.4907969037691753,0.5721235354000523,-0.5535758809106968,17.591666666666704,1.9645619221850146,-0.22481687223960944,1.8104166666666994,3.3913996096090937,-0.2831918314625796,3.645916666666667,1.0516627732559913,1.015613902569265
Hedera helix,55882,51.0403833333,3.7138083333,352223880,352223880,"c(3.7138083333, 51.0403833333)",1,1.1853410005569458,17.350000000000023,0.9500000000000455,3.0540000000000003,1.1853410005569458,17.350000000000023,0.9500000000000455,3.0540000000000003,Hedera_helix,0.6962844729423523,2.7374749183654785,2.041190445423126,0.23959377661755374,14.550000000000011,24.05000000000001,9.5,0.29473684210526435,-5.249999999999943,7.250000000000057,12.5,0.4959999999999991,1.7750000000000001,6.2330000000000005,4.458,0.2868999551368327,1.4907969037691753,0.5721235354000523,-0.533898510220598,17.591666666666704,1.9645619221850146,-0.12301300556507587,1.8104166666666994,3.3913996096090937,-0.25370548024738054,3.645916666666667,1.0516627732559913,-0.5628388507411631
Hedera helix,55882,50.9101861111,3.5894472222,361357752,361357752,"c(3.5894472222, 50.9101861111)",1,1.17087721824646,17.350000000000023,0.9500000000000455,4.489,1.17087721824646,17.350000000000023,0.9500000000000455,4.489,Hedera_helix,0.6962844729423523,2.7374749183654785,2.041190445423126,0.23250782227021816,14.550000000000011,24.05000000000001,9.5,0.29473684210526435,-5.249999999999943,7.250000000000057,12.5,0.4959999999999991,1.7750000000000001,6.2330000000000005,4.458,0.6087931807985643,1.4907969037691753,0.5721235354000523,-0.5591793829963914,17.591666666666704,1.9645619221850146,-0.12301300556507587,1.8104166666666994,3.3913996096090937,-0.25370548024738054,3.645916666666667,1.0516627732559913,0.8016669932350198
Hedera helix,55882,-37.77623,175.281355,97519297,97519297,"c(175.281355, -37.77623)",1,1.4585046768188477,18.650000000000034,5.650000000000034,2.774,1.4585046768188477,18.650000000000034,5.650000000000034,2.774,Hedera_helix,0.6962844729423523,2.7374749183654785,2.041190445423126,0.37341944529751697,14.550000000000011,24.05000000000001,9.5,0.43157894736842345,-5.249999999999943,7.250000000000057,12.5,0.8719999999999982,1.7750000000000001,6.2330000000000005,4.458,0.22409152086137277,1.4907969037691753,0.5721235354000523,-0.056442752224390796,17.591666666666704,1.9645619221850146,0.5387121278194358,1.8104166666666994,3.3913996096090937,1.132153026866657,3.645916666666667,1.0516627732559913,-0.8290838934682235
Ilex aquifolium,53856,-43.5228761075,172.5749550299,1007830,1007830,"c(172.5749550299, -43.5228761075)",1,0.7540488243103027,16.55000000000001,2.3500000000000227,2.541,0.7540488243103027,16.55000000000001,2.3500000000000227,2.541,Ilex_aquifolium,0.6906266808509827,4.428325653076172,3.737698972225189,0.01696823204078485,13.350000000000023,20.350000000000023,7,0.4571428571428555,-5.249999999999943,7.350000000000023,12.599999999999966,0.6031746031746021,1.714,7.604,5.890000000000001,0.14040747028862477,1.9449446991998323,0.9983705509438211,-1.1928395461621963,16.119387755102082,1.542617375549409,0.27914390938619194,1.966326530612279,2.3727925652747492,0.1616970126266885,3.7817142857142856,1.0765858070771694,-1.152452760902273
Ilex aquifolium,53856,52.0084002576,-9.5600447861,133884394,133884394,"c(-9.5600447861, 52.0084002576)",1,3.846757650375366,14.250000000000057,2.750000000000057,5.449,3.846757650375366,14.250000000000057,2.750000000000057,5.449,Ilex_aquifolium,0.6906266808509827,4.428325653076172,3.737698972225189,0.8444048043937105,13.350000000000023,20.350000000000023,7,0.12857142857143344,-5.249999999999943,7.350000000000023,12.599999999999966,0.6349206349206367,1.714,7.604,5.890000000000001,0.6341256366723259,1.9449446991998323,0.9983705509438211,1.9049169162468116,16.119387755102082,1.542617375549409,-1.2118285355344423,1.966326530612279,2.3727925652747492,0.3302747491949576,3.7817142857142856,1.0765858070771694,1.5486788914784602
Ilex aquifolium,53856,53.1380218992,8.2029155788,136132912,136132912,"c(8.2029155788, 53.1380218992)",1,1.2778558731079102,16.750000000000057,-0.3499999999999659,3.218,1.2778558731079102,16.750000000000057,-0.3499999999999659,3.218,Ilex_aquifolium,0.6906266808509827,4.428325653076172,3.737698972225189,0.15710981451974138,13.350000000000023,20.350000000000023,7,0.4857142857142906,-5.249999999999943,7.350000000000023,12.599999999999966,0.3888888888888881,1.714,7.604,5.890000000000001,0.25534804753820034,1.9449446991998323,0.9983705509438211,-0.6681775874311217,16.119387755102082,1.542617375549409,0.4087936872054096,1.966326530612279,2.3727925652747492,-0.976202709209026,3.7817142857142856,1.0765858070771694,-0.5236129642510499
Ilex aquifolium,53856,52.019352707,-9.5210594865,142236777,142236777,"c(-9.5210594865, 52.019352707)",1,3.1881096363067627,14.550000000000011,3.0500000000000114,5.296,3.1881096363067627,14.550000000000011,3.0500000000000114,5.296,Ilex_aquifolium,0.6906266808509827,4.428325653076172,3.737698972225189,0.6681872922390368,13.350000000000023,20.350000000000023,7,0.1714285714285698,-5.249999999999943,7.350000000000023,12.599999999999966,0.658730158730157,1.714,7.604,5.890000000000001,0.6081494057724958,1.9449446991998323,0.9983705509438211,1.2451939171600066,16.119387755102082,1.542617375549409,-1.0173538688056896,1.966326530612279,2.3727925652747492,0.45670805162112943,3.7817142857142856,1.0765858070771694,1.4065629551599421
Ilex aquifolium,53856,-33.6259383333,150.28247,150194790,150194790,"c(150.28247, -33.6259383333)",1,1.0698055028915405,16.55000000000001,1.0500000000000114,3.349,1.0698055028915405,16.55000000000001,1.0500000000000114,3.349,Ilex_aquifolium,0.6906266808509827,4.428325653076172,3.737698972225189,0.10144712692440794,13.350000000000023,20.350000000000023,7,0.4571428571428555,-5.249999999999943,7.350000000000023,12.599999999999966,0.4999999999999977,1.714,7.604,5.890000000000001,0.2775891341256367,1.9449446991998323,0.9983705509438211,-0.8765675184238646,16.119387755102082,1.542617375549409,0.27914390938619194,1.966326530612279,2.3727925652747492,-0.3861806312201441,3.7817142857142856,1.0765858070771694,-0.4019319991678736
Ilex aquifolium,53856,53.137951,8.20276,167945985,167945985,"c(8.20276, 53.137951)",1,1.2778558731079102,16.750000000000057,-0.3499999999999659,3.218,1.2778558731079102,16.750000000000057,-0.3499999999999659,3.218,Ilex_aquifolium,0.6906266808509827,4.428325653076172,3.737698972225189,0.15710981451974138,13.350000000000023,20.350000000000023,7,0.4857142857142906,-5.249999999999943,7.350000000000023,12.599999999999966,0.3888888888888881,1.714,7.604,5.890000000000001,0.25534804753820034,1.9449446991998323,0.9983705509438211,-0.6681775874311217,16.119387755102082,1.542617375549409,0.4087936872054096,1.966326530612279,2.3727925652747492,-0.976202709209026,3.7817142857142856,1.0765858070771694,-0.5236129642510499
Ilex aquifolium,53856,53.138061,8.202697,167946158,167946158,"c(8.202697, 53.138061)",1,1.2778558731079102,16.750000000000057,-0.3499999999999659,3.218,1.2778558731079102,16.750000000000057,-0.3499999999999659,3.218,Ilex_aquifolium,0.6906266808509827,4.428325653076172,3.737698972225189,0.15710981451974138,13.350000000000023,20.350000000000023,7,0.4857142857142906,-5.249999999999943,7.350000000000023,12.599999999999966,0.3888888888888881,1.714,7.604,5.890000000000001,0.25534804753820034,1.9449446991998323,0.9983705509438211,-0.6681775874311217,16.119387755102082,1.542617375549409,0.4087936872054096,1.966326530612279,2.3727925652747492,-0.976202709209026,3.7817142857142856,1.0765858070771694,-0.5236129642510499
Ilex aquifolium,53856,48.377977,2.675542,182043861,182043861,"c(2.675542, 48.377977)",1,0.932773768901825,18.650000000000034,0.8500000000000227,2.5420000000000003,0.932773768901825,18.650000000000034,0.8500000000000227,2.5420000000000003,Ilex_aquifolium,0.6906266808509827,4.428325653076172,3.737698972225189,0.06478506959769509,13.350000000000023,20.350000000000023,7,0.7571428571428588,-5.249999999999943,7.350000000000023,12.599999999999966,0.48412698412698274,1.714,7.604,5.890000000000001,0.14057724957555182,1.9449446991998323,0.9983705509438211,-1.0138229030705481,16.119387755102082,1.542617375549409,1.6404665764876822,1.966326530612279,2.3727925652747492,-0.4704694995042667,3.7817142857142856,1.0765858070771694,-1.1515238985733933
Ilex aquifolium,53856,53.1339555556,8.1874138889,206075499,206075499,"c(8.1874138889, 53.1339555556)",1,1.2774274349212646,16.750000000000057,-0.3499999999999659,3.271,1.2774274349212646,16.750000000000057,-0.3499999999999659,3.271,Ilex_aquifolium,0.6906266808509827,4.428325653076172,3.737698972225189,0.15699518833132192,13.350000000000023,20.350000000000023,7,0.4857142857142906,-5.249999999999943,7.350000000000023,12.599999999999966,0.3888888888888881,1.714,7.604,5.890000000000001,0.26434634974533106,1.9449446991998323,0.9983705509438211,-0.6686067248753707,16.119387755102082,1.542617375549409,0.4087936872054096,1.966326530612279,2.3727925652747492,-0.976202709209026,3.7817142857142856,1.0765858070771694,-0.474383260820452
Ilex aquifolium,53856,43.5969845329,-7.9048234042,210279627,210279627,"c(-7.9048234042, 43.5969845329)",1,2.444343090057373,18.250000000000057,7.050000000000011,3.192,2.444343090057373,18.250000000000057,7.050000000000011,3.192,Ilex_aquifolium,0.6906266808509827,4.428325653076172,3.737698972225189,0.4691968032306087,13.350000000000023,20.350000000000023,7,0.7000000000000048,-5.249999999999943,7.350000000000023,12.599999999999966,0.9761904761904753,1.714,7.604,5.890000000000001,0.25093378607809846,1.9449446991998323,0.9983705509438211,0.5002134632130613,16.119387755102082,1.542617375549409,1.3811670208493207,1.966326530612279,2.3727925652747492,2.1424854173036767,3.7817142857142856,1.0765858070771694,-0.5477633848019091
Ilex aquifolium,53856,53.5736,7.9031805556,214587094,214587094,"c(7.9031805556, 53.5736)",1,1.499376893043518,16.350000000000023,0.1500000000000341,3.821,1.499376893043518,16.350000000000023,0.1500000000000341,3.821,Ilex_aquifolium,0.6906266808509827,4.428325653076172,3.737698972225189,0.21637649746604842,13.350000000000023,20.350000000000023,7,0.42857142857142855,-5.249999999999943,7.350000000000023,12.599999999999966,0.42857142857142794,1.714,7.604,5.890000000000001,0.35772495755517825,1.9449446991998323,0.9983705509438211,-0.44629502115731634,16.119387755102082,1.542617375549409,0.1494941315670112,1.966326530612279,2.3727925652747492,-0.7654805384987077,3.7817142857142856,1.0765858070771694,0.03649102006311198
Ilex aquifolium,53856,53.1393095997,8.1982152997,224158123,224158123,"c(8.1982152997, 53.1393095997)",1,1.2777043581008911,16.750000000000057,-0.3499999999999659,3.368,1.2777043581008911,16.750000000000057,-0.3499999999999659,3.368,Ilex_aquifolium,0.6906266808509827,4.428325653076172,3.737698972225189,0.15706927754548397,13.350000000000023,20.350000000000023,7,0.4857142857142906,-5.249999999999943,7.350000000000023,12.599999999999966,0.3888888888888881,1.714,7.604,5.890000000000001,0.28081494057724954,1.9449446991998323,0.9983705509438211,-0.6683293497270706,16.119387755102082,1.542617375549409,0.4087936872054096,1.966326530612279,2.3727925652747492,-0.976202709209026,3.7817142857142856,1.0765858070771694,-0.38428361491916896
Ilex aquifolium,53856,53.1400005444,8.1990181333,224841119,224841119,"c(8.1990181333, 53.1400005444)",1,1.2777043581008911,16.750000000000057,-0.3499999999999659,3.368,1.2777043581008911,16.750000000000057,-0.3499999999999659,3.368,Ilex_aquifolium,0.6906266808509827,4.428325653076172,3.737698972225189,0.15706927754548397,13.350000000000023,20.350000000000023,7,0.4857142857142906,-5.249999999999943,7.350000000000023,12.599999999999966,0.3888888888888881,1.714,7.604,5.890000000000001,0.28081494057724954,1.9449446991998323,0.9983705509438211,-0.6683293497270706,16.119387755102082,1.542617375549409,0.4087936872054096,1.966326530612279,2.3727925652747492,-0.976202709209026,3.7817142857142856,1.0765858070771694,-0.38428361491916896
Ilex aquifolium,53856,51.3654472222,-0.2322361111,234381862,234381862,"c(-0.2322361111, 51.3654472222)",1,1.0054712295532227,16.55000000000001,1.650000000000034,3.58,1.0054712295532227,16.55000000000001,1.650000000000034,3.58,Ilex_aquifolium,0.6906266808509827,4.428325653076172,3.737698972225189,0.08423485974709234,13.350000000000023,20.350000000000023,7,0.4571428571428555,-5.249999999999943,7.350000000000023,12.599999999999966,0.5476190476190473,1.714,7.604,5.890000000000001,0.3168081494057725,1.9449446991998323,0.9983705509438211,-0.9410067922761419,16.119387755102082,1.542617375549409,0.27914390938619194,1.966326530612279,2.3727925652747492,-0.13331402636775247,3.7817142857142856,1.0765858070771694,-0.18736480119677695
Ilex aquifolium,53856,-43.6439976997,172.467668,239519138,239519138,"c(172.467668, -43.6439976997)",1,0.6906266808509827,17.05000000000001,1.9500000000000455,4.218,0.6906266808509827,17.05000000000001,1.9500000000000455,4.218,Ilex_aquifolium,0.6906266808509827,4.428325653076172,3.737698972225189,0,13.350000000000023,20.350000000000023,7,0.5285714285714269,-5.249999999999943,7.350000000000023,12.599999999999966,0.5714285714285721,1.714,7.604,5.890000000000001,0.4251273344651952,1.9449446991998323,0.9983705509438211,-1.2563652014405529,16.119387755102082,1.542617375549409,0.6032683539341623,1.966326530612279,2.3727925652747492,-0.006880723941556633,3.7817142857142856,1.0765858070771694,0.40524936462815686
Ilex aquifolium,53856,53.1401593266,8.1989828449,243734433,243734433,"c(8.1989828449, 53.1401593266)",1,1.2777043581008911,16.750000000000057,-0.3499999999999659,3.368,1.2777043581008911,16.750000000000057,-0.3499999999999659,3.368,Ilex_aquifolium,0.6906266808509827,4.428325653076172,3.737698972225189,0.15706927754548397,13.350000000000023,20.350000000000023,7,0.4857142857142906,-5.249999999999943,7.350000000000023,12.599999999999966,0.3888888888888881,1.714,7.604,5.890000000000001,0.28081494057724954,1.9449446991998323,0.9983705509438211,-0.6683293497270706,16.119387755102082,1.542617375549409,0.4087936872054096,1.966326530612279,2.3727925652747492,-0.976202709209026,3.7817142857142856,1.0765858070771694,-0.38428361491916896
Ilex aquifolium,53856,53.1553758677,8.1992792339,243751162,243751162,"c(8.1992792339, 53.1553758677)",1,1.2916765213012695,16.750000000000057,-0.3499999999999659,3.303,1.2916765213012695,16.750000000000057,-0.3499999999999659,3.303,Ilex_aquifolium,0.6906266808509827,4.428325653076172,3.737698972225189,0.16080744996231194,13.350000000000023,20.350000000000023,7,0.4857142857142906,-5.249999999999943,7.350000000000023,12.599999999999966,0.3888888888888881,1.714,7.604,5.890000000000001,0.2697792869269949,1.9449446991998323,0.9983705509438211,-0.6543343824404557,16.119387755102082,1.542617375549409,0.4087936872054096,1.966326530612279,2.3727925652747492,-0.976202709209026,3.7817142857142856,1.0765858070771694,-0.44465966629631737
Ilex aquifolium,53856,53.1535332588,8.2065443119,243754288,243754288,"c(8.2065443119, 53.1535332588)",1,1.2931945323944092,16.750000000000057,-0.3499999999999659,3.247,1.2931945323944092,16.750000000000057,-0.3499999999999659,3.247,Ilex_aquifolium,0.6906266808509827,4.428325653076172,3.737698972225189,0.16121358515522607,13.350000000000023,20.350000000000023,7,0.4857142857142906,-5.249999999999943,7.350000000000023,12.599999999999966,0.3888888888888881,1.714,7.604,5.890000000000001,0.26027164685908316,1.9449446991998323,0.9983705509438211,-0.6528138937885173,16.119387755102082,1.542617375549409,0.4087936872054096,1.966326530612279,2.3727925652747492,-0.976202709209026,3.7817142857142856,1.0765858070771694,-0.49667595671355297
Ilex aquifolium,53856,49.2664279,-123.2568757,244595846,244595846,"c(-123.2568757, 49.2664279)",1,3.6128838062286377,16.750000000000057,3.3500000000000227,2.6710000000000003,3.6128838062286377,16.750000000000057,3.3500000000000227,2.6710000000000003,Ilex_aquifolium,0.6906266808509827,4.428325653076172,3.737698972225189,0.7818331939230323,13.350000000000023,20.350000000000023,7,0.4857142857142906,-5.249999999999943,7.350000000000023,12.599999999999966,0.6825396825396817,1.714,7.604,5.890000000000001,0.16247877758913415,1.9449446991998323,0.9983705509438211,1.6706613646125679,16.119387755102082,1.542617375549409,0.4087936872054096,1.966326530612279,2.3727925652747492,0.5831413540473253,3.7817142857142856,1.0765858070771694,-1.0317006581479757
Ilex aquifolium,53856,51.15345,-3.2680616667,2505495,2505495,"c(-3.2680616667, 51.15345)",1,2.136955738067627,15.550000000000011,3.250000000000057,4.759,2.136955738067627,15.550000000000011,3.250000000000057,4.759,Ilex_aquifolium,0.6906266808509827,4.428325653076172,3.737698972225189,0.3869570738479219,13.350000000000023,20.350000000000023,7,0.31428571428571267,-5.249999999999943,7.350000000000023,12.599999999999966,0.6746031746031764,1.714,7.604,5.890000000000001,0.5169779286926995,1.9449446991998323,0.9983705509438211,0.19232442171523875,16.119387755102082,1.542617375549409,-0.36910497970974876,1.966326530612279,2.3727925652747492,0.540996919905276,3.7817142857142856,1.0765858070771694,0.9077638845518081
Ilex aquifolium,53856,54.0059997568,-1.9076681882,257365625,257365625,"c(-1.9076681882, 54.0059997568)",1,1.971238136291504,14.350000000000023,0.6500000000000341,4.853,1.971238136291504,14.350000000000023,0.6500000000000341,4.853,Ilex_aquifolium,0.6906266808509827,4.428325653076172,3.737698972225189,0.3426202765275467,13.350000000000023,20.350000000000023,7,0.14285714285714285,-5.249999999999943,7.350000000000023,12.599999999999966,0.4682539682539677,1.714,7.604,5.890000000000001,0.532937181663837,1.9449446991998323,0.9983705509438211,0.026336350833680782,16.119387755102082,1.542617375549409,-1.1470036466248703,1.966326530612279,2.3727925652747492,-0.5547583677883893,3.7817142857142856,1.0765858070771694,0.9950769434664529
Ilex aquifolium,53856,53.5648583333,-2.8807716667,260533920,260533920,"c(-2.8807716667, 53.5648583333)",1,1.909050464630127,15.150000000000034,2.5500000000000114,3.779,1.909050464630127,15.150000000000034,2.5500000000000114,3.779,Ilex_aquifolium,0.6906266808509827,4.428325653076172,3.737698972225189,0.3259823203616026,13.350000000000023,20.350000000000023,7,0.2571428571428588,-5.249999999999943,7.350000000000023,12.599999999999966,0.6190476190476171,1.714,7.604,5.890000000000001,0.35059422750424446,1.9449446991998323,0.9983705509438211,-0.035952817854825826,16.119387755102082,1.542617375549409,-0.6284045353481104,1.966326530612279,2.3727925652747492,0.24598588091081106,3.7817142857142856,1.0765858070771694,-0.0025211977498149477
Ilex aquifolium,53856,49.2586166667,-123.064575,269225834,269225834,"c(-123.064575, 49.2586166667)",1,3.161107301712036,17.150000000000034,1.3500000000000227,1.714,3.161107301712036,17.150000000000034,1.3500000000000227,1.714,Ilex_aquifolium,0.6906266808509827,4.428325653076172,3.737698972225189,0.6609629719298357,13.350000000000023,20.350000000000023,7,0.5428571428571445,-5.249999999999943,7.350000000000023,12.599999999999966,0.5238095238095225,1.714,7.604,5.890000000000001,0,1.9449446991998323,0.9983705509438211,1.2181475118256349,16.119387755102082,1.542617375549409,0.6680932428437711,1.966326530612279,2.3727925652747492,-0.2597473287939483,3.7817142857142856,1.0765858070771694,-1.920621906885377
Ilex aquifolium,53856,51.4770269208,-0.1534813643,271904312,271904312,"c(-0.1534813643, 51.4770269208)",1,0.945720374584198,16.850000000000023,1.8500000000000227,2.819,0.945720374584198,16.850000000000023,1.8500000000000227,2.819,Ilex_aquifolium,0.6906266808509827,4.428325653076172,3.737698972225189,0.06824885996138653,13.350000000000023,20.350000000000023,7,0.5,-5.249999999999943,7.350000000000023,12.599999999999966,0.5634920634920623,1.714,7.604,5.890000000000001,0.18760611205432934,1.9449446991998323,0.9983705509438211,-1.0008551671230748,16.119387755102082,1.542617375549409,0.47361857611498154,1.966326530612279,2.3727925652747492,-0.049025158083629894,3.7817142857142856,1.0765858070771694,-0.8942290334738534
Ilex aquifolium,53856,49.7559888889,0.3771861111,291880245,291880245,"c(0.3771861111, 49.7559888889)",1,1.7591583728790283,16.650000000000034,4.050000000000011,3.125,1.7591583728790283,16.650000000000034,4.050000000000011,3.125,Ilex_aquifolium,0.6906266808509827,4.428325653076172,3.737698972225189,0.28587954780957375,13.350000000000023,20.350000000000023,7,0.47142857142857303,-5.249999999999943,7.350000000000023,12.599999999999966,0.7380952380952365,1.714,7.604,5.890000000000001,0.2395585738539898,1.9449446991998323,0.9983705509438211,-0.18608954976202843,16.119387755102082,1.542617375549409,0.3439687982958008,1.966326530612279,2.3727925652747492,0.8781523930417662,3.7817142857142856,1.0765858070771694,-0.6099971608368161
Ilex aquifolium,53856,49.4046388889,0.1861166667,292031602,292031602,"c(0.1861166667, 49.4046388889)",1,1.3975297212600708,16.650000000000034,2.5500000000000114,4.316,1.3975297212600708,16.650000000000034,2.5500000000000114,4.316,Ilex_aquifolium,0.6906266808509827,4.428325653076172,3.737698972225189,0.18912786868661144,13.350000000000023,20.350000000000023,7,0.47142857142857303,-5.249999999999943,7.350000000000023,12.599999999999966,0.6190476190476171,1.714,7.604,5.890000000000001,0.4417657045840407,1.9449446991998323,0.9983705509438211,-0.5483084185749033,16.119387755102082,1.542617375549409,0.3439687982958008,1.966326530612279,2.3727925652747492,0.24598588091081106,3.7817142857142856,1.0765858070771694,0.496277872858319
Ilex aquifolium,53856,49.2715638889,-0.0858222222,292362781,292362781,"c(-0.0858222222, 49.2715638889)",1,1.086832880973816,17.650000000000034,2.750000000000057,4.306,1.086832880973816,17.650000000000034,2.750000000000057,4.306,Ilex_aquifolium,0.6906266808509827,4.428325653076172,3.737698972225189,0.1060027046230952,13.350000000000023,20.350000000000023,7,0.6142857142857159,-5.249999999999943,7.350000000000023,12.599999999999966,0.6349206349206367,1.714,7.604,5.890000000000001,0.4400679117147708,1.9449446991998323,0.9983705509438211,-0.8595123498131936,16.119387755102082,1.542617375549409,0.9922176873917415,1.966326530612279,2.3727925652747492,0.3302747491949576,3.7817142857142856,1.0765858070771694,0.48698924956952716
Ilex aquifolium,53856,53.4502664778,-2.0011259889,296098653,296098653,"c(-2.0011259889, 53.4502664778)",1,2.55610728263855,14.350000000000023,0.5500000000000114,5.045,2.55610728263855,14.350000000000023,0.5500000000000114,5.045,Ilex_aquifolium,0.6906266808509827,4.428325653076172,3.737698972225189,0.4990986742511739,13.350000000000023,20.350000000000023,7,0.14285714285714285,-5.249999999999943,7.350000000000023,12.599999999999966,0.46031746031745796,1.714,7.604,5.890000000000001,0.56553480475382,1.9449446991998323,0.9983705509438211,0.6121600670822551,16.119387755102082,1.542617375549409,-1.1470036466248703,1.966326530612279,2.3727925652747492,-0.5969028019304625,3.7817142857142856,1.0765858070771694,1.173418510611261
Ilex aquifolium,53856,-42.9280513834,147.2520214567,297516332,297516332,"c(147.2520214567, -42.9280513834)",1,1.077183723449707,13.950000000000045,2.5500000000000114,2.327,1.077183723449707,13.950000000000045,2.5500000000000114,2.327,Ilex_aquifolium,0.6906266808509827,4.428325653076172,3.737698972225189,0.10342112767005225,13.350000000000023,20.350000000000023,7,0.08571428571428896,-5.249999999999943,7.350000000000023,12.599999999999966,0.6190476190476171,1.714,7.604,5.890000000000001,0.10407470288624787,1.9449446991998323,0.9983705509438211,-0.8691772558092558,16.119387755102082,1.542617375549409,-1.4063032022632318,1.966326530612279,2.3727925652747492,0.24598588091081106,3.7817142857142856,1.0765858070771694,-1.351229299282423
Ilex aquifolium,53856,49.4521638889,-2.5408472222,305712960,305712960,"c(-2.5408472222, 49.4521638889)",1,2.8415491580963135,15.950000000000045,6.750000000000057,4.003,2.8415491580963135,15.950000000000045,6.750000000000057,4.003,Ilex_aquifolium,0.6906266808509827,4.428325653076172,3.737698972225189,0.5754670168006623,13.350000000000023,20.350000000000023,7,0.37142857142857466,-5.249999999999943,7.350000000000023,12.599999999999966,0.952380952380955,1.714,7.604,5.890000000000001,0.3886247877758913,1.9449446991998323,0.9983705509438211,0.8980678146494464,16.119387755102082,1.542617375549409,-0.10980542407135037,1.966326530612279,2.3727925652747492,2.0160521148775046,3.7817142857142856,1.0765858070771694,0.20554396391912755
Ilex aquifolium,53856,48.73315,-3.5165416667,305960344,305960344,"c(-3.5165416667, 48.73315)",1,2.494706869125366,15.950000000000045,5.750000000000057,4.898,2.494706869125366,15.950000000000045,5.750000000000057,4.898,Ilex_aquifolium,0.6906266808509827,4.428325653076172,3.737698972225189,0.4826713445037947,13.350000000000023,20.350000000000023,7,0.37142857142857466,-5.249999999999943,7.350000000000023,12.599999999999966,0.8730158730158754,1.714,7.604,5.890000000000001,0.5405772495755516,1.9449446991998323,0.9983705509438211,0.5506594414326524,16.119387755102082,1.542617375549409,-0.10980542407135037,1.966326530612279,2.3727925652747492,1.594607773456868,3.7817142857142856,1.0765858070771694,1.0368757482660171
Ilex aquifolium,53856,42.6132138889,0.0995277778,306511294,306511294,"c(0.0995277778, 42.6132138889)",1,1.7491474151611328,15.450000000000045,-5.249999999999943,2.61,1.7491474151611328,15.450000000000045,-5.249999999999943,2.61,Ilex_aquifolium,0.6906266808509827,4.428325653076172,3.737698972225189,0.28320117328228117,13.350000000000023,20.350000000000023,7,0.30000000000000326,-5.249999999999943,7.350000000000023,12.599999999999966,0,1.714,7.604,5.890000000000001,0.1521222410865874,1.9449446991998323,0.9983705509438211,-0.19611684644904662,16.119387755102082,1.542617375549409,-0.43392986861932076,1.966326530612279,2.3727925652747492,-3.0412799821701366,3.7817142857142856,1.0765858070771694,-1.0883612602096078
Ilex aquifolium,53856,48.0354777778,-4.5459472222,308631669,308631669,"c(-4.5459472222, 48.0354777778)",1,2.6794357299804688,16.250000000000057,7.350000000000023,4.24,2.6794357299804688,16.250000000000057,7.350000000000023,4.24,Ilex_aquifolium,0.6906266808509827,4.428325653076172,3.737698972225189,0.5320944955461395,13.350000000000023,20.350000000000023,7,0.41428571428571914,-5.249999999999943,7.350000000000023,12.599999999999966,1,1.714,7.604,5.890000000000001,0.42886247877758915,1.9449446991998323,0.9983705509438211,0.7356897998306109,16.119387755102082,1.542617375549409,0.08466924265743922,1.966326530612279,2.3727925652747492,2.2689187197298724,3.7817142857142856,1.0765858070771694,0.42568433586349963
Ilex aquifolium,53856,51.9675083333,7.6300194444,310511075,310511075,"c(7.6300194444, 51.9675083333)",1,1.194319486618042,17.450000000000045,-0.3499999999999659,3.125,1.194319486618042,17.450000000000045,-0.3499999999999659,3.125,Ilex_aquifolium,0.6906266808509827,4.428325653076172,3.737698972225189,0.13476013170402337,13.350000000000023,20.350000000000023,7,0.585714285714289,-5.249999999999943,7.350000000000023,12.599999999999966,0.3888888888888881,1.714,7.604,5.890000000000001,0.2395585738539898,1.9449446991998323,0.9983705509438211,-0.7518503143669233,16.119387755102082,1.542617375549409,0.8625679095725607,1.966326530612279,2.3727925652747492,-0.976202709209026,3.7817142857142856,1.0765858070771694,-0.6099971608368161
Ilex aquifolium,53856,52.7368583333,-3.9630944444,312641607,312641607,"c(-3.9630944444, 52.7368583333)",1,3.4458045959472656,15.150000000000034,2.150000000000034,3.559,3.4458045959472656,15.150000000000034,2.150000000000034,3.559,Ilex_aquifolium,0.6906266808509827,4.428325653076172,3.737698972225189,0.7371321060283312,13.350000000000023,20.350000000000023,7,0.2571428571428588,-5.249999999999943,7.350000000000023,12.599999999999966,0.5873015873015871,1.714,7.604,5.890000000000001,0.3132427843803056,1.9449446991998323,0.9983705509438211,1.5033094629329542,16.119387755102082,1.542617375549409,-0.6284045353481104,1.966326530612279,2.3727925652747492,0.07740814434256593,3.7817142857142856,1.0765858070771694,-0.2068709101032402
Ilex aquifolium,53856,53.3385833333,-6.2607472222,313628937,313628937,"c(-6.2607472222, 53.3385833333)",1,1.6939281225204468,15.250000000000057,3.250000000000057,3.19,1.6939281225204468,15.250000000000057,3.250000000000057,3.19,Ilex_aquifolium,0.6906266808509827,4.428325653076172,3.737698972225189,0.26842756710077215,13.350000000000023,20.350000000000023,7,0.2714285714285763,-5.249999999999943,7.350000000000023,12.599999999999966,0.6746031746031764,1.714,7.604,5.890000000000001,0.2505942275042444,1.9449446991998323,0.9983705509438211,-0.25142626296627446,16.119387755102082,1.542617375549409,-0.5635796464385016,1.966326530612279,2.3727925652747492,0.540996919905276,3.7817142857142856,1.0765858070771694,-0.5496211094596677
Ilex aquifolium,53856,53.3378166667,-6.2615944444,313629359,313629359,"c(-6.2615944444, 53.3378166667)",1,1.6939281225204468,15.250000000000057,3.250000000000057,3.19,1.6939281225204468,15.250000000000057,3.250000000000057,3.19,Ilex_aquifolium,0.6906266808509827,4.428325653076172,3.737698972225189,0.26842756710077215,13.350000000000023,20.350000000000023,7,0.2714285714285763,-5.249999999999943,7.350000000000023,12.599999999999966,0.6746031746031764,1.714,7.604,5.890000000000001,0.2505942275042444,1.9449446991998323,0.9983705509438211,-0.25142626296627446,16.119387755102082,1.542617375549409,-0.5635796464385016,1.966326530612279,2.3727925652747492,0.540996919905276,3.7817142857142856,1.0765858070771694,-0.5496211094596677
Ilex aquifolium,53856,55.0156555556,-8.0011944444,314991013,314991013,"c(-8.0011944444, 55.0156555556)",1,4.428325653076172,13.350000000000023,2.750000000000057,7.604,4.428325653076172,13.350000000000023,2.750000000000057,7.604,Ilex_aquifolium,0.6906266808509827,4.428325653076172,3.737698972225189,1,13.350000000000023,20.350000000000023,7,0,-5.249999999999943,7.350000000000023,12.599999999999966,0.6349206349206367,1.714,7.604,5.890000000000001,1,1.9449446991998323,0.9983705509438211,2.487434101024561,16.119387755102082,1.542617375549409,-1.795252535720811,1.966326530612279,2.3727925652747492,0.3302747491949576,3.7817142857142856,1.0765858070771694,3.550377210213151
Ilex aquifolium,53856,55.0224083333,-7.9848666667,315074785,315074785,"c(-7.9848666667, 55.0224083333)",1,4.1356120109558105,13.750000000000057,3.150000000000034,4.666,4.1356120109558105,13.750000000000057,3.150000000000034,4.666,Ilex_aquifolium,0.6906266808509827,4.428325653076172,3.737698972225189,0.9216861378362693,13.350000000000023,20.350000000000023,7,0.05714285714286201,-5.249999999999943,7.350000000000023,12.599999999999966,0.6666666666666666,1.714,7.604,5.890000000000001,0.501188455008489,1.9449446991998323,0.9983705509438211,2.1942427184826374,16.119387755102082,1.542617375549409,-1.5359529800824125,1.966326530612279,2.3727925652747492,0.49885248576320274,3.7817142857142856,1.0765858070771694,0.8213796879660419
Ilex aquifolium,53856,55.0368638889,-7.9667138889,315075541,315075541,"c(-7.9667138889, 55.0368638889)",1,3.74727725982666,13.850000000000023,3.250000000000057,5.434,3.74727725982666,13.850000000000023,3.250000000000057,5.434,Ilex_aquifolium,0.6906266808509827,4.428325653076172,3.737698972225189,0.8177893944080631,13.350000000000023,20.350000000000023,7,0.07142857142857142,-5.249999999999943,7.350000000000023,12.599999999999966,0.6746031746031764,1.714,7.604,5.890000000000001,0.631578947368421,1.9449446991998323,0.9983705509438211,1.805274162907722,16.119387755102082,1.542617375549409,-1.4711280911728406,1.966326530612279,2.3727925652747492,0.540996919905276,3.7817142857142856,1.0765858070771694,1.5347459565452726
Ilex aquifolium,53856,55.0402638889,-7.9514194444,315078229,315078229,"c(-7.9514194444, 55.0402638889)",1,3.632769823074341,13.850000000000023,3.250000000000057,5.039,3.632769823074341,13.850000000000023,3.250000000000057,5.039,Ilex_aquifolium,0.6906266808509827,4.428325653076172,3.737698972225189,0.7871535840864661,13.350000000000023,20.350000000000023,7,0.07142857142857142,-5.249999999999943,7.350000000000023,12.599999999999966,0.6746031746031764,1.714,7.604,5.890000000000001,0.564516129032258,1.9449446991998323,0.9983705509438211,1.6905798375952732,16.119387755102082,1.542617375549409,-1.4711280911728406,1.966326530612279,2.3727925652747492,0.540996919905276,3.7817142857142856,1.0765858070771694,1.1678453366379853
Ilex aquifolium,53856,45.6240277778,-1.02855,315738330,315738330,"c(-1.02855, 45.6240277778)",1,1.0183578729629517,20.350000000000023,3.8500000000000227,4.178,1.0183578729629517,20.350000000000023,3.8500000000000227,4.178,Ilex_aquifolium,0.6906266808509827,4.428325653076172,3.737698972225189,0.08768260754740732,13.350000000000023,20.350000000000023,7,1,-5.249999999999943,7.350000000000023,12.599999999999966,0.7222222222222214,1.714,7.604,5.890000000000001,0.4183361629881154,1.9449446991998323,0.9983705509438211,-0.928099116466247,16.119387755102082,1.542617375549409,2.742489687950774,1.966326530612279,2.3727925652747492,0.7938635247576437,3.7817142857142856,1.0765858070771694,0.3680948714729886
Ilex aquifolium,53856,43.5187222222,-1.516775,316689360,316689360,"c(-1.516775, 43.5187222222)",1,2.2551472187042236,20.250000000000057,6.550000000000011,2.642,2.2551472187042236,20.250000000000057,6.550000000000011,2.642,Ilex_aquifolium,0.6906266808509827,4.428325653076172,3.737698972225189,0.41857852905736403,13.350000000000023,20.350000000000023,7,0.9857142857142905,-5.249999999999943,7.350000000000023,12.599999999999966,0.9365079365079354,1.714,7.604,5.890000000000001,0.15755517826825124,1.9449446991998323,0.9983705509438211,0.31070880367128,16.119387755102082,1.542617375549409,2.677664799041202,1.966326530612279,2.3727925652747492,1.931763246593358,3.7817142857142856,1.0765858070771694,-1.058637665685473
Ilex aquifolium,53856,-46.5390350089,169.4752770177,34476809,34476809,"c(169.4752770177, -46.5390350089)",1,1.6078146696090698,13.450000000000045,3.250000000000057,3.561,1.6078146696090698,13.450000000000045,3.250000000000057,3.561,Ilex_aquifolium,0.6906266808509827,4.428325653076172,3.737698972225189,0.2453884048912723,13.350000000000023,20.350000000000023,7,0.014285714285717534,-5.249999999999943,7.350000000000023,12.599999999999966,0.6746031746031764,1.714,7.604,5.890000000000001,0.31358234295415954,1.9449446991998323,0.9983705509438211,-0.3376802623755806,16.119387755102082,1.542617375549409,-1.730427646811202,1.966326530612279,2.3727925652747492,0.540996919905276,3.7817142857142856,1.0765858070771694,-0.205013185445482
Ilex aquifolium,53856,51.4741826183,-0.2989570216,35737423,35737423,"c(-0.2989570216, 51.4741826183)",1,0.9765162467956543,16.750000000000057,1.9500000000000455,3.189,0.9765162467956543,16.750000000000057,1.9500000000000455,3.189,Ilex_aquifolium,0.6906266808509827,4.428325653076172,3.737698972225189,0.0764881195808209,13.350000000000023,20.350000000000023,7,0.4857142857142906,-5.249999999999943,7.350000000000023,12.599999999999966,0.5714285714285721,1.714,7.604,5.890000000000001,0.25042444821731746,1.9449446991998323,0.9983705509438211,-0.9700090327070074,16.119387755102082,1.542617375549409,0.4087936872054096,1.966326530612279,2.3727925652747492,-0.006880723941556633,3.7817142857142856,1.0765858070771694,-0.5505499717885468
Ilex aquifolium,53856,51.6560583333,0.0478805,361822442,361822442,"c(0.0478805, 51.6560583333)",1,0.978614091873169,16.450000000000045,1.4500000000000455,3.63,0.978614091873169,16.450000000000045,1.4500000000000455,3.63,Ilex_aquifolium,0.6906266808509827,4.428325653076172,3.737698972225189,0.07704938604264773,13.350000000000023,20.350000000000023,7,0.4428571428571461,-5.249999999999943,7.350000000000023,12.599999999999966,0.5317460317460323,1.714,7.604,5.890000000000001,0.3252971137521222,1.9449446991998323,0.9983705509438211,-0.967907763718723,16.119387755102082,1.542617375549409,0.21431902047662,1.966326530612279,2.3727925652747492,-0.21760289465187502,3.7817142857142856,1.0765858070771694,-0.14092168475281677
Ilex aquifolium,53856,43.295871,-5.506684,57818177,57818177,"c(-5.506684, 43.295871)",1,2.3881728649139404,14.650000000000034,-1.0499999999999545,4.839,2.3881728649139404,14.650000000000034,-1.0499999999999545,4.839,Ilex_aquifolium,0.6906266808509827,4.428325653076172,3.737698972225189,0.4541687804923322,13.350000000000023,20.350000000000023,7,0.18571428571428733,-5.249999999999943,7.350000000000023,12.599999999999966,0.3333333333333333,1.714,7.604,5.890000000000001,0.5305602716468591,1.9449446991998323,0.9983705509438211,0.4439515621680721,16.119387755102082,1.542617375549409,-0.9525289798960807,1.966326530612279,2.3727925652747492,-1.2712137482034669,3.7817142857142856,1.0765858070771694,0.9820728708621447
Ilex aquifolium,53856,43.3096241415,-5.516716719,58056999,58056999,"c(-5.516716719, 43.3096241415)",1,2.252340078353882,14.950000000000045,-0.6499999999999773,5.6450000000000005,2.252340078353882,14.950000000000045,-0.6499999999999773,5.6450000000000005,Ilex_aquifolium,0.6906266808509827,4.428325653076172,3.737698972225189,0.41782749469873814,13.350000000000023,20.350000000000023,7,0.2285714285714318,-5.249999999999943,7.350000000000023,12.599999999999966,0.36507936507936334,1.714,7.604,5.890000000000001,0.667402376910017,1.9449446991998323,0.9983705509438211,0.3078970817633291,16.119387755102082,1.542617375549409,-0.7580543131672911,1.966326530612279,2.3727925652747492,-1.1026360116352218,3.7817142857142856,1.0765858070771694,1.7307359079387854
Ilex aquifolium,53856,47.6126138889,-122.2883083333,78155890,78155890,"c(-122.2883083333, 47.6126138889)",1,1.5144627094268799,16.950000000000045,2.5500000000000114,2.781,1.5144627094268799,16.950000000000045,2.5500000000000114,2.781,Ilex_aquifolium,0.6906266808509827,4.428325653076172,3.737698972225189,0.22041262142773296,13.350000000000023,20.350000000000023,7,0.5142857142857176,-5.249999999999943,7.350000000000023,12.599999999999966,0.6190476190476171,1.714,7.604,5.890000000000001,0.18115449915110357,1.9449446991998323,0.9983705509438211,-0.431184583084899,16.119387755102082,1.542617375549409,0.5384434650245904,1.966326530612279,2.3727925652747492,0.24598588091081106,3.7817142857142856,1.0765858070771694,-0.9295258019712631
Polypodium cambricum,346413,41.5208141324,-8.3162602859,146055569,146055569,"c(-8.3162602859, 41.5208141324)",1,1.709177851676941,20.650000000000034,3.8500000000000227,2.152,1.709177851676941,20.650000000000034,3.8500000000000227,2.152,Polypodium_cambricum,0.8793618679046631,3.299516439437866,2.420154571533203,0.34287726640806143,16.350000000000023,22.750000000000057,6.400000000000034,0.6718749999999982,1.3500000000000227,9.650000000000034,8.300000000000011,0.301204819277108,1.341,4.541,3.2,0.25343750000000004,1.6102615468429797,0.6026902667226923,0.16412460976323381,19.495454545454578,1.4538936749920264,0.7941058375893877,5.0318181818182115,2.063591309079656,-0.5726997281963111,2.8873939393939394,0.800853526690194,-0.9182627220650581
Polypodium cambricum,346413,41.5410363089,-8.2554014368,146055998,146055998,"c(-8.2554014368, 41.5410363089)",1,1.7902222871780396,20.850000000000023,3.9500000000000455,1.875,1.7902222871780396,20.850000000000023,3.9500000000000455,1.875,Polypodium_cambricum,0.8793618679046631,3.299516439437866,2.420154571533203,0.37636456364699594,16.350000000000023,22.750000000000057,6.400000000000034,0.7031249999999962,1.3500000000000227,9.650000000000034,8.300000000000011,0.31325301204819506,1.341,4.541,3.2,0.166875,1.6102615468429797,0.6026902667226923,0.29859573029717223,19.495454545454578,1.4538936749920264,0.9316674787465964,5.0318181818182115,2.063591309079656,-0.5242405204258433,2.8873939393939394,0.800853526690194,-1.2641436987585104
Polypodium cambricum,346413,41.5485802675,-8.2091030774,146820025,146820025,"c(-8.2091030774, 41.5485802675)",1,1.7959482669830322,20.850000000000023,3.8500000000000227,2.183,1.7959482669830322,20.850000000000023,3.8500000000000227,2.183,Polypodium_cambricum,0.8793618679046631,3.299516439437866,2.420154571533203,0.3787305198848098,16.350000000000023,22.750000000000057,6.400000000000034,0.7031249999999962,1.3500000000000227,9.650000000000034,8.300000000000011,0.301204819277108,1.341,4.541,3.2,0.26312499999999994,1.6102615468429797,0.6026902667226923,0.3080964309408534,19.495454545454578,1.4538936749920264,0.9316674787465964,5.0318181818182115,2.063591309079656,-0.5726997281963111,2.8873939393939394,0.800853526690194,-0.8795540207022534
Polypodium cambricum,346413,41.5701873137,-8.3188659389,146847903,146847903,"c(-8.3188659389, 41.5701873137)",1,2.057467460632324,19.350000000000023,2.650000000000034,2.431,2.057467460632324,19.350000000000023,2.650000000000034,2.431,Polypodium_cambricum,0.8793618679046631,3.299516439437866,2.420154571533203,0.48678940038995694,16.350000000000023,22.750000000000057,6.400000000000034,0.4687499999999975,1.3500000000000227,9.650000000000034,8.300000000000011,0.15662650602409753,1.341,4.541,3.2,0.340625,1.6102615468429797,0.6026902667226923,0.7420161540373958,19.495454545454578,1.4538936749920264,-0.1000448299325279,5.0318181818182115,2.063591309079656,-1.1542102214417873,2.8873939393939394,0.800853526690194,-0.5698844097998121
Polypodium cambricum,346413,43.5321627337,39.8770313735,186447072,186447072,"c(39.8770313735, 43.5321627337)",1,3.299516439437866,22.750000000000057,3.4500000000000455,1.341,3.299516439437866,22.750000000000057,3.4500000000000455,1.341,Polypodium_cambricum,0.8793618679046631,3.299516439437866,2.420154571533203,1,16.350000000000023,22.750000000000057,6.400000000000034,1,1.3500000000000227,9.650000000000034,8.300000000000011,0.25301204819277345,1.341,4.541,3.2,0,1.6102615468429797,0.6026902667226923,2.802857430866957,19.495454545454578,1.4538936749920264,2.2385030697401773,5.0318181818182115,2.063591309079656,-0.7665365592781274,2.8873939393939394,0.800853526690194,-1.9309322964274762
Polypodium cambricum,346413,42.8765015997,-8.5494032997,189203597,189203597,"c(-8.5494032997, 42.8765015997)",1,2.138216018676758,18.05000000000001,4.150000000000034,2.7520000000000002,2.138216018676758,18.05000000000001,4.150000000000034,2.7520000000000002,Polypodium_cambricum,0.8793618679046631,3.299516439437866,2.420154571533203,0.5201544420258216,16.350000000000023,22.750000000000057,6.400000000000034,0.26562499999999684,1.3500000000000227,9.650000000000034,8.300000000000011,0.33734939759036237,1.341,4.541,3.2,0.44093750000000004,1.6102615468429797,0.6026902667226923,0.87599634668847,19.495454545454578,1.4538936749920264,-0.9941954974544435,5.0318181818182115,2.063591309079656,-0.42732210488493516,2.8873939393939394,0.800853526690194,-0.16906205052689444
Polypodium cambricum,346413,41.8178037714,16.0191835463,194187870,194187870,"c(16.0191835463, 41.8178037714)",1,1.013970136642456,20.450000000000045,3.250000000000057,2.5380000000000003,1.013970136642456,20.450000000000045,3.250000000000057,2.5380000000000003,Polypodium_cambricum,0.8793618679046631,3.299516439437866,2.420154571533203,0.055619698973407586,16.350000000000023,22.750000000000057,6.400000000000034,0.6406250000000001,1.3500000000000227,9.650000000000034,8.300000000000011,0.2289156626506062,1.341,4.541,3.2,0.3740625000000001,1.6102615468429797,0.6026902667226923,-0.989382844098405,19.495454545454578,1.4538936749920264,0.6565441964321789,5.0318181818182115,2.063591309079656,-0.8634549748190354,2.8873939393939394,0.800853526690194,-0.43627695670883937
Polypodium cambricum,346413,40.2100101273,-8.4200390276,251684893,251684893,"c(-8.4200390276, 40.2100101273)",1,0.9061974287033081,21.05000000000001,4.650000000000034,2.544,0.9061974287033081,21.05000000000001,4.650000000000034,2.544,Polypodium_cambricum,0.8793618679046631,3.299516439437866,2.420154571533203,0.011088366468115424,16.350000000000023,22.750000000000057,6.400000000000034,0.7343749999999943,1.3500000000000227,9.650000000000034,8.300000000000011,0.39759036144578397,1.341,4.541,3.2,0.3759375,1.6102615468429797,0.6026902667226923,-1.1682022375576593,19.495454545454578,1.4538936749920264,1.069229119903805,5.0318181818182115,2.063591309079656,-0.18502606603265112,2.8873939393939394,0.800853526690194,-0.428784949993458
Polypodium cambricum,346413,36.5978306648,-5.2942829867,252002150,252002150,"c(-5.2942829867, 36.5978306648)",1,1.2909051179885864,22.450000000000045,4.650000000000034,2.974,1.2909051179885864,22.450000000000045,4.650000000000034,2.974,Polypodium_cambricum,0.8793618679046631,3.299516439437866,2.420154571533203,0.1700483328315698,16.350000000000023,22.750000000000057,6.400000000000034,0.9531249999999984,1.3500000000000227,9.650000000000034,8.300000000000011,0.39759036144578397,1.341,4.541,3.2,0.5103125000000001,1.6102615468429797,0.6026902667226923,-0.5298848288872972,19.495454545454578,1.4538936749920264,2.032160608004345,5.0318181818182115,2.063591309079656,-0.18502606603265112,2.8873939393939394,0.800853526690194,0.10814219794222607
Polypodium cambricum,346413,38.699849209999996,-9.20331459,256164874,256164874,"c(-9.20331459, 38.69984921)",1,0.8793618679046631,20.750000000000057,9.650000000000034,2.999,0.8793618679046631,20.750000000000057,9.650000000000034,2.999,Polypodium_cambricum,0.8793618679046631,3.299516439437866,2.420154571533203,0,16.350000000000023,22.750000000000057,6.400000000000034,0.6875000000000017,1.3500000000000227,9.650000000000034,8.300000000000011,1,1.341,4.541,3.2,0.5181250000000001,1.6102615468429797,0.6026902667226923,-1.2127285262342151,19.495454545454578,1.4538936749920264,0.8628866581680116,5.0318181818182115,2.063591309079656,2.2379343224901893,2.8873939393939394,0.800853526690194,0.13935889258964945
Polypodium cambricum,346413,43.5318827071,-5.6607478112,260971824,260971824,"c(-5.6607478112, 43.5318827071)",1,1.4692927598953247,18.850000000000023,6.4500000000000455,2.048,1.4692927598953247,18.850000000000023,6.4500000000000455,2.048,Polypodium_cambricum,0.8793618679046631,3.299516439437866,2.420154571533203,0.24375752645292065,16.350000000000023,22.750000000000057,6.400000000000034,0.39062499999999795,1.3500000000000227,9.650000000000034,8.300000000000011,0.6144578313253031,1.341,4.541,3.2,0.2209375,1.6102615468429797,0.6026902667226923,-0.23389922607214939,19.495454545454578,1.4538936749920264,-0.44394893282556935,5.0318181818182115,2.063591309079656,0.6872396738355769,2.8873939393939394,0.800853526690194,-1.0481241717983398
Polypodium cambricum,346413,38.69971601,-9.2032969,261112070,261112070,"c(-9.2032969, 38.69971601)",1,0.8793618679046631,20.750000000000057,9.650000000000034,2.999,0.8793618679046631,20.750000000000057,9.650000000000034,2.999,Polypodium_cambricum,0.8793618679046631,3.299516439437866,2.420154571533203,0,16.350000000000023,22.750000000000057,6.400000000000034,0.6875000000000017,1.3500000000000227,9.650000000000034,8.300000000000011,1,1.341,4.541,3.2,0.5181250000000001,1.6102615468429797,0.6026902667226923,-1.2127285262342151,19.495454545454578,1.4538936749920264,0.8628866581680116,5.0318181818182115,2.063591309079656,2.2379343224901893,2.8873939393939394,0.800853526690194,0.13935889258964945
Polypodium cambricum,346413,43.5359189624,-5.6476022679,261115216,261115216,"c(-5.6476022679, 43.5359189624)",1,1.486356258392334,18.850000000000023,6.650000000000034,2.487,1.486356258392334,18.850000000000023,6.650000000000034,2.487,Polypodium_cambricum,0.8793618679046631,3.299516439437866,2.420154571533203,0.2508081085511539,16.350000000000023,22.750000000000057,6.400000000000034,0.39062499999999795,1.3500000000000227,9.650000000000034,8.300000000000011,0.6385542168674704,1.341,4.541,3.2,0.358125,1.6102615468429797,0.6026902667226923,-0.20558700760909518,19.495454545454578,1.4538936749920264,-0.44394893282556935,5.0318181818182115,2.063591309079656,0.7841580893764851,2.8873939393939394,0.800853526690194,-0.4999590137895835
Polypodium cambricum,346413,43.5358567153,-5.6477684882,261121429,261121429,"c(-5.6477684882, 43.5358567153)",1,1.486356258392334,18.850000000000023,6.650000000000034,2.487,1.486356258392334,18.850000000000023,6.650000000000034,2.487,Polypodium_cambricum,0.8793618679046631,3.299516439437866,2.420154571533203,0.2508081085511539,16.350000000000023,22.750000000000057,6.400000000000034,0.39062499999999795,1.3500000000000227,9.650000000000034,8.300000000000011,0.6385542168674704,1.341,4.541,3.2,0.358125,1.6102615468429797,0.6026902667226923,-0.20558700760909518,19.495454545454578,1.4538936749920264,-0.44394893282556935,5.0318181818182115,2.063591309079656,0.7841580893764851,2.8873939393939394,0.800853526690194,-0.4999590137895835
Polypodium cambricum,346413,43.5352571655,-5.6443933148,261121550,261121550,"c(-5.6443933148, 43.5352571655)",1,1.486356258392334,18.850000000000023,6.650000000000034,2.487,1.486356258392334,18.850000000000023,6.650000000000034,2.487,Polypodium_cambricum,0.8793618679046631,3.299516439437866,2.420154571533203,0.2508081085511539,16.350000000000023,22.750000000000057,6.400000000000034,0.39062499999999795,1.3500000000000227,9.650000000000034,8.300000000000011,0.6385542168674704,1.341,4.541,3.2,0.358125,1.6102615468429797,0.6026902667226923,-0.20558700760909518,19.495454545454578,1.4538936749920264,-0.44394893282556935,5.0318181818182115,2.063591309079656,0.7841580893764851,2.8873939393939394,0.800853526690194,-0.4999590137895835
Polypodium cambricum,346413,43.3993619001,-4.6530172644,261837125,261837125,"c(-4.6530172644, 43.3993619001)",1,2.5937108993530273,19.05000000000001,8.050000000000011,2.458,2.5937108993530273,19.05000000000001,8.050000000000011,2.458,Polypodium_cambricum,0.8793618679046631,3.299516439437866,2.420154571533203,0.7083634457126015,16.350000000000023,22.750000000000057,6.400000000000034,0.421874999999996,1.3500000000000227,9.650000000000034,8.300000000000011,0.8072289156626481,1.341,4.541,3.2,0.34906250000000005,1.6102615468429797,0.6026902667226923,1.6317657788931057,19.495454545454578,1.4538936749920264,-0.3063872916683606,5.0318181818182115,2.063591309079656,1.4625869981628694,2.8873939393939394,0.800853526690194,-0.5361703795805947
Polypodium cambricum,346413,43.5339721199,-5.6557069346,263360400,263360400,"c(-5.6557069346, 43.5339721199)",1,1.4736762046813965,18.850000000000023,6.550000000000011,2.541,1.4736762046813965,18.850000000000023,6.550000000000011,2.541,Polypodium_cambricum,0.8793618679046631,3.299516439437866,2.420154571533203,0.2455687515860719,16.350000000000023,22.750000000000057,6.400000000000034,0.39062499999999795,1.3500000000000227,9.650000000000034,8.300000000000011,0.6265060240963833,1.341,4.541,3.2,0.37499999999999994,1.6102615468429797,0.6026902667226923,-0.2266260958623186,19.495454545454578,1.4538936749920264,-0.44394893282556935,5.0318181818182115,2.063591309079656,0.7356988816060173,2.8873939393939394,0.800853526690194,-0.432530953351149
Polypodium cambricum,346413,43.5201382991,-5.618393804,263368797,263368797,"c(-5.618393804, 43.5201382991)",1,1.5217735767364502,18.850000000000023,6.350000000000023,3.015,1.5217735767364502,18.850000000000023,6.350000000000023,3.015,Polypodium_cambricum,0.8793618679046631,3.299516439437866,2.420154571533203,0.2654424293340941,16.350000000000023,22.750000000000057,6.400000000000034,0.39062499999999795,1.3500000000000227,9.650000000000034,8.300000000000011,0.602409638554216,1.341,4.541,3.2,0.5231250000000001,1.6102615468429797,0.6026902667226923,-0.14682163458140648,19.495454545454578,1.4538936749920264,-0.44394893282556935,5.0318181818182115,2.063591309079656,0.6387804660651092,2.8873939393939394,0.800853526690194,0.1593375771640005
Polypodium cambricum,346413,43.2935358865,-5.9824264169,269752730,269752730,"c(-5.9824264169, 43.2935358865)",1,1.311363935470581,17.750000000000057,2.8500000000000227,3.232,1.311363935470581,17.750000000000057,2.8500000000000227,3.232,Polypodium_cambricum,0.8793618679046631,3.299516439437866,2.420154571533203,0.1785018496947649,16.350000000000023,22.750000000000057,6.400000000000034,0.21875000000000416,1.3500000000000227,9.650000000000034,8.300000000000011,0.1807228915662648,1.341,4.541,3.2,0.5909375,1.6102615468429797,0.6026902667226923,-0.495939005283333,19.495454545454578,1.4538936749920264,-1.200537959190237,5.0318181818182115,2.063591309079656,-1.0572918059008793,2.8873939393939394,0.800853526690194,0.4302984867036364
Polypodium cambricum,346413,43.2929384,-5.9827809,269754172,269754172,"c(-5.9827809, 43.2929384)",1,1.311363935470581,17.750000000000057,2.8500000000000227,3.232,1.311363935470581,17.750000000000057,2.8500000000000227,3.232,Polypodium_cambricum,0.8793618679046631,3.299516439437866,2.420154571533203,0.1785018496947649,16.350000000000023,22.750000000000057,6.400000000000034,0.21875000000000416,1.3500000000000227,9.650000000000034,8.300000000000011,0.1807228915662648,1.341,4.541,3.2,0.5909375,1.6102615468429797,0.6026902667226923,-0.495939005283333,19.495454545454578,1.4538936749920264,-1.200537959190237,5.0318181818182115,2.063591309079656,-1.0572918059008793,2.8873939393939394,0.800853526690194,0.4302984867036364
Polypodium cambricum,346413,43.2931999926,-5.9831746595,269754645,269754645,"c(-5.9831746595, 43.2931999926)",1,1.311363935470581,17.750000000000057,2.8500000000000227,3.232,1.311363935470581,17.750000000000057,2.8500000000000227,3.232,Polypodium_cambricum,0.8793618679046631,3.299516439437866,2.420154571533203,0.1785018496947649,16.350000000000023,22.750000000000057,6.400000000000034,0.21875000000000416,1.3500000000000227,9.650000000000034,8.300000000000011,0.1807228915662648,1.341,4.541,3.2,0.5909375,1.6102615468429797,0.6026902667226923,-0.495939005283333,19.495454545454578,1.4538936749920264,-1.200537959190237,5.0318181818182115,2.063591309079656,-1.0572918059008793,2.8873939393939394,0.800853526690194,0.4302984867036364
Polypodium cambricum,346413,43.2917299,-5.9824981,269756429,269756429,"c(-5.9824981, 43.2917299)",1,1.311363935470581,17.750000000000057,2.8500000000000227,3.232,1.311363935470581,17.750000000000057,2.8500000000000227,3.232,Polypodium_cambricum,0.8793618679046631,3.299516439437866,2.420154571533203,0.1785018496947649,16.350000000000023,22.750000000000057,6.400000000000034,0.21875000000000416,1.3500000000000227,9.650000000000034,8.300000000000011,0.1807228915662648,1.341,4.541,3.2,0.5909375,1.6102615468429797,0.6026902667226923,-0.495939005283333,19.495454545454578,1.4538936749920264,-1.200537959190237,5.0318181818182115,2.063591309079656,-1.0572918059008793,2.8873939393939394,0.800853526690194,0.4302984867036364
Polypodium cambricum,346413,49.6322972222,-1.6161305556,295337009,295337009,"c(-1.6161305556, 49.6322972222)",1,1.6895004510879517,16.350000000000023,4.550000000000011,4.311,1.6895004510879517,16.350000000000023,4.550000000000011,4.311,Polypodium_cambricum,0.8793618679046631,3.299516439437866,2.420154571533203,0.33474662846433567,16.350000000000023,22.750000000000057,6.400000000000034,0,1.3500000000000227,9.650000000000034,8.300000000000011,0.3855421686746969,1.341,4.541,3.2,0.9281249999999999,1.6102615468429797,0.6026902667226923,0.13147533421413465,19.495454545454578,1.4538936749920264,-2.1634694472907765,5.0318181818182115,2.063591309079656,-0.23348527380311895,2.8873939393939394,0.800853526690194,1.7776110276864336
Polypodium cambricum,346413,46.7183972222,-2.3558555556,312920834,312920834,"c(-2.3558555556, 46.7183972222)",1,1.799237847328186,18.150000000000034,6.650000000000034,4.417,1.799237847328186,18.150000000000034,6.650000000000034,4.417,Polypodium_cambricum,0.8793618679046631,3.299516439437866,2.420154571533203,0.38008976378759485,16.350000000000023,22.750000000000057,6.400000000000034,0.2812500000000003,1.3500000000000227,9.650000000000034,8.300000000000011,0.6385542168674704,1.341,4.541,3.2,0.9612499999999998,1.6102615468429797,0.6026902667226923,0.31355459166915234,19.495454545454578,1.4538936749920264,-0.9254146768758196,5.0318181818182115,2.063591309079656,0.7841580893764851,2.8873939393939394,0.800853526690194,1.909969812991509
Polypodium cambricum,346413,45.9809333333,-1.2829638889,315591647,315591647,"c(-1.2829638889, 45.9809333333)",1,1.1338633298873901,19.450000000000045,5.050000000000011,3.873,1.1338633298873901,19.450000000000045,5.050000000000011,3.873,Polypodium_cambricum,0.8793618679046631,3.299516439437866,2.420154571533203,0.10515917659816938,16.350000000000023,22.750000000000057,6.400000000000034,0.48437500000000094,1.3500000000000227,9.650000000000034,8.300000000000011,0.4457831325301185,1.341,4.541,3.2,0.79125,1.6102615468429797,0.6026902667226923,-0.7904528134262839,19.495454545454578,1.4538936749920264,-0.03126400935390397,5.0318181818182115,2.063591309079656,0.008810765049165092,2.8873939393939394,0.800853526690194,1.2306945374635745
Polypodium cambricum,346413,45.9734805556,-1.240725,315599145,315599145,"c(-1.240725, 45.9734805556)",1,1.0868557691574097,19.55000000000001,4.850000000000023,4.541,1.0868557691574097,19.55000000000001,4.850000000000023,4.541,Polypodium_cambricum,0.8793618679046631,3.299516439437866,2.420154571533203,0.08573580534622471,16.350000000000023,22.750000000000057,6.400000000000034,0.49999999999999556,1.3500000000000227,9.650000000000034,8.300000000000011,0.4216867469879512,1.341,4.541,3.2,1,1.6102615468429797,0.6026902667226923,-0.8684490302651555,19.495454545454578,1.4538936749920264,0.03751681122468086,5.0318181818182115,2.063591309079656,-0.08810765049174302,2.8873939393939394,0.800853526690194,2.06480461844273
Polypodium cambricum,346413,45.9742805556,-1.2401305556,315599716,315599716,"c(-1.2401305556, 45.9742805556)",1,1.0868557691574097,19.55000000000001,4.850000000000023,4.541,1.0868557691574097,19.55000000000001,4.850000000000023,4.541,Polypodium_cambricum,0.8793618679046631,3.299516439437866,2.420154571533203,0.08573580534622471,16.350000000000023,22.750000000000057,6.400000000000034,0.49999999999999556,1.3500000000000227,9.650000000000034,8.300000000000011,0.4216867469879512,1.341,4.541,3.2,1,1.6102615468429797,0.6026902667226923,-0.8684490302651555,19.495454545454578,1.4538936749920264,0.03751681122468086,5.0318181818182115,2.063591309079656,-0.08810765049174302,2.8873939393939394,0.800853526690194,2.06480461844273
Polypodium cambricum,346413,43.5112,-1.5125694444,316694153,316694153,"c(-1.5125694444, 43.5112)",1,2.2612743377685547,20.250000000000057,6.4500000000000455,2.563,2.2612743377685547,20.250000000000057,6.4500000000000455,2.563,Polypodium_cambricum,0.8793618679046631,3.299516439437866,2.420154571533203,0.5710017393593294,16.350000000000023,22.750000000000057,6.400000000000034,0.6093750000000021,1.3500000000000227,9.650000000000034,8.300000000000011,0.6144578313253031,1.341,4.541,3.2,0.381875,1.6102615468429797,0.6026902667226923,1.0801780398174516,19.495454545454578,1.4538936749920264,0.5189825552749702,5.0318181818182115,2.063591309079656,0.6872396738355769,2.8873939393939394,0.800853526690194,-0.40506026206141604
Polypodium cambricum,346413,43.3194638889,-1.7738166667,324910428,324910428,"c(-1.7738166667, 43.3194638889)",1,2.6560287475585938,19.55000000000001,5.650000000000034,2.621,2.6560287475585938,19.55000000000001,5.650000000000034,2.621,Polypodium_cambricum,0.8793618679046631,3.299516439437866,2.420154571533203,0.734112977969166,16.350000000000023,22.750000000000057,6.400000000000034,0.49999999999999556,1.3500000000000227,9.650000000000034,8.300000000000011,0.5180722891566272,1.341,4.541,3.2,0.39999999999999997,1.6102615468429797,0.6026902667226923,1.7351652390244898,19.495454545454578,1.4538936749920264,0.03751681122468086,5.0318181818182115,2.063591309079656,0.299566011671917,2.8873939393939394,0.800853526690194,-0.33263753047939376
Polypodium cambricum,346413,43.5329648466,-5.65228425,328459771,328459771,"c(-5.65228425, 43.5329648466)",1,1.4842894077301025,18.750000000000057,6.350000000000023,2.557,1.4842894077301025,18.750000000000057,6.350000000000023,2.557,Polypodium_cambricum,0.8793618679046631,3.299516439437866,2.420154571533203,0.24995409257773527,16.350000000000023,22.750000000000057,6.400000000000034,0.37500000000000333,1.3500000000000227,9.650000000000034,8.300000000000011,0.602409638554216,1.341,4.541,3.2,0.37999999999999995,1.6102615468429797,0.6026902667226923,-0.20901638215909507,19.495454545454578,1.4538936749920264,-0.5127297534041542,5.0318181818182115,2.063591309079656,0.6387804660651092,2.8873939393939394,0.800853526690194,-0.41255226877679796
Polypodium cambricum,346413,43.5203519849,-5.6163240584,328896704,328896704,"c(-5.6163240584, 43.5203519849)",1,1.5338658094406128,18.850000000000023,6.350000000000023,2.7960000000000003,1.5338658094406128,18.850000000000023,6.350000000000023,2.7960000000000003,Polypodium_cambricum,0.8793618679046631,3.299516439437866,2.420154571533203,0.2704389005704342,16.350000000000023,22.750000000000057,6.400000000000034,0.39062499999999795,1.3500000000000227,9.650000000000034,8.300000000000011,0.602409638554216,1.341,4.541,3.2,0.4546875000000001,1.6102615468429797,0.6026902667226923,-0.12675787484969933,19.495454545454578,1.4538936749920264,-0.44394893282556935,5.0318181818182115,2.063591309079656,0.6387804660651092,2.8873939393939394,0.800853526690194,-0.11412066794742905
Polypodium cambricum,346413,39.9923652674,9.4169002549,358579366,358579366,"c(9.4169002549, 39.9923652674)",1,0.8929253220558167,19.750000000000057,1.4500000000000455,4.0280000000000005,0.8929253220558167,19.750000000000057,1.4500000000000455,4.0280000000000005,Polypodium_cambricum,0.8793618679046631,3.299516439437866,2.420154571533203,0.005604375154666637,16.350000000000023,22.750000000000057,6.400000000000034,0.5312500000000024,1.3500000000000227,9.650000000000034,8.300000000000011,0.01204819277108706,1.341,4.541,3.2,0.8396875,1.6102615468429797,0.6026902667226923,-1.190223676064809,19.495454545454578,1.4538936749920264,0.1750784523819287,5.0318181818182115,2.063591309079656,-1.7357207146872635,2.8873939393939394,0.800853526690194,1.4242380442776004
Polypodium cambricum,346413,43.6701610358,39.7454066496,75352080,75352080,"c(39.7454066496, 43.6701610358)",1,2.9906115531921387,22.05000000000001,1.3500000000000227,1.797,2.9906115531921387,22.05000000000001,1.3500000000000227,1.797,Polypodium_cambricum,0.8793618679046631,3.299516439437866,2.420154571533203,0.8723615053851573,16.350000000000023,22.750000000000057,6.400000000000034,0.8906249999999934,1.3500000000000227,9.650000000000034,8.300000000000011,0,1.341,4.541,3.2,0.1425,1.6102615468429797,0.6026902667226923,2.290314084306061,19.495454545454578,1.4538936749920264,1.7570373256898881,5.0318181818182115,2.063591309079656,-1.7841799224577315,2.8873939393939394,0.800853526690194,-1.361539786058472
Polypodium vulgare,127079,53.2455266991,-1.9252463832,101698151,101698151,"c(-1.9252463832, 53.2455266991)",1,2.319936752319336,13.350000000000023,-0.44999999999998863,5.73,2.319936752319336,13.350000000000023,-0.44999999999998863,5.73,Polypodium_vulgare,0.8812539577484131,11.247353553771973,10.36609959602356,0.13878728264609788,12.750000000000057,20.450000000000045,7.699999999999989,0.0779220779220736,-10.049999999999955,6.650000000000034,16.69999999999999,0.5748502994011959,1.272,7.604,6.332,0.7040429564118762,3.3092164883919812,2.5182542982959717,-0.3928434617354021,15.671100917431227,1.9817721864484352,-1.1712248932057552,-0.4995412844036331,3.7242106758348203,0.013302492451649309,3.6469541284403673,1.1191162385041709,1.8613311110058295
Polypodium vulgare,127079,47.23076,15.360035,1100166,1100166,"c(15.360035, 47.23076)",1,1.1221462488174438,16.750000000000057,-7.349999999999966,2.748,1.1221462488174438,16.750000000000057,-7.349999999999966,2.748,Polypodium_vulgare,0.8812539577484131,11.247353553771973,10.36609959602356,0.023238469671026232,12.750000000000057,20.450000000000045,7.699999999999989,0.5194805194805202,-10.049999999999955,6.650000000000034,16.69999999999999,0.16167664670658627,1.272,7.604,6.332,0.2331017056222363,3.3092164883919812,2.5182542982959717,-0.8684866500791693,15.671100917431227,1.9817721864484352,0.5444112547075058,-0.4995412844036331,3.7242106758348203,-1.8394390951206678,3.6469541284403673,1.1191162385041709,-0.8032714543056974
Polypodium vulgare,127079,53.1891333333,-1.7170383333,110754795,110754795,"c(-1.7170383333, 53.1891333333)",1,1.950353741645813,14.150000000000034,0.1500000000000341,6.1850000000000005,1.950353741645813,14.150000000000034,0.1500000000000341,6.1850000000000005,Polypodium_vulgare,0.8812539577484131,11.247353553771973,10.36609959602356,0.10313423809930468,12.750000000000057,20.450000000000045,7.699999999999989,0.18181818181817913,-10.049999999999955,6.650000000000034,16.69999999999999,0.6107784431137722,1.272,7.604,6.332,0.7759001895135819,3.3092164883919812,2.5182542982959717,-0.5396050540510029,15.671100917431227,1.9817721864484352,-0.7675457995791037,-0.4995412844036331,3.7242106758348203,0.17441045658837917,3.6469541284403673,1.1191162385041709,2.2679019249618135
Polypodium vulgare,127079,49.5258333333,22.5783333333,127551687,127551687,"c(22.5783333333, 49.5258333333)",1,1.6679216623306274,16.150000000000034,-6.449999999999989,3.052,1.6679216623306274,16.150000000000034,-6.449999999999989,3.052,Polypodium_vulgare,0.8812539577484131,11.247353553771973,10.36609959602356,0.0758884956964894,12.750000000000057,20.450000000000045,7.699999999999989,0.44155844155843926,-10.049999999999955,6.650000000000034,16.69999999999999,0.2155688622754472,1.272,7.604,6.332,0.281111813013266,3.3092164883919812,2.5182542982959717,-0.6517589693669815,15.671100917431227,1.9817721864484352,0.24165193448751018,-0.4995412844036331,3.7242106758348203,-1.5977771489155883,3.6469541284403673,1.1191162385041709,-0.5316285368493917
Polypodium vulgare,127079,47.7722129,13.3578462,141919041,141919041,"c(13.3578462, 47.7722129)",1,2.0012848377227783,16.850000000000023,-7.0499999999999545,2.185,2.0012848377227783,16.850000000000023,-7.0499999999999545,2.185,Polypodium_vulgare,0.8812539577484131,11.247353553771973,10.36609959602356,0.1080474743271818,12.750000000000057,20.450000000000045,7.699999999999989,0.5324675324675289,-10.049999999999955,6.650000000000034,16.69999999999999,0.17964071856287436,1.272,7.604,6.332,0.144188250157928,3.3092164883919812,2.5182542982959717,-0.5193802911621125,15.671100917431227,1.9817721864484352,0.5948711414108193,-0.4995412844036331,3.7242106758348203,-1.7588851130523029,3.6469541284403673,1.1191162385041709,-1.3063469889369483
Polypodium vulgare,127079,52.02099,-9.50664,142235597,142235597,"c(-9.50664, 52.02099)",1,3.1466634273529053,14.550000000000011,3.0500000000000114,5.088,3.1466634273529053,14.550000000000011,3.0500000000000114,5.088,Polypodium_vulgare,0.8812539577484131,11.247353553771973,10.36609959602356,0.21854019909991065,12.750000000000057,20.450000000000045,7.699999999999989,0.2337662337662282,-10.049999999999955,6.650000000000034,16.69999999999999,0.7844311377245494,1.272,7.604,6.332,0.6026531901452937,3.3092164883919812,2.5182542982959717,-0.06454989916986177,15.671100917431227,1.9817721864484352,-0.56570625276579245,-0.4995412844036331,3.7242106758348203,0.9530989499158712,3.6469541284403673,1.1191162385041709,1.287664160325078
Polypodium vulgare,127079,60.3983439572,5.3258309503,142550820,142550820,"c(5.3258309503, 60.3983439572)",1,5.688604831695557,14.250000000000057,-2.249999999999943,2.7560000000000002,5.688604831695557,14.250000000000057,-2.249999999999943,2.7560000000000002,Polypodium_vulgare,0.8812539577484131,11.247353553771973,10.36609959602356,0.4637569636887577,12.750000000000057,20.450000000000045,7.699999999999989,0.1948051948051951,-10.049999999999955,6.650000000000034,16.69999999999999,0.46706586826347407,1.272,7.604,6.332,0.2343651295009476,3.3092164883919812,2.5182542982959717,0.9448562620993588,15.671100917431227,1.9817721864484352,-0.7170859128757616,-0.4995412844036331,3.7242106758348203,-0.4700213999585098,3.6469541284403673,1.1191162385041709,-0.7961229564778999
Polypodium vulgare,127079,58.1132401958,7.0045591047,142552377,142552377,"c(7.0045591047, 58.1132401958)",1,4.58493709564209,14.250000000000057,-0.7499999999999432,3.016,4.58493709564209,14.250000000000057,-0.7499999999999432,3.016,Polypodium_vulgare,0.8812539577484131,11.247353553771973,10.36609959602356,0.3572880140293473,12.750000000000057,20.450000000000045,7.699999999999989,0.1948051948051951,-10.049999999999955,6.650000000000034,16.69999999999999,0.5568862275449112,1.272,7.604,6.332,0.27542640555906506,3.3092164883919812,2.5182542982959717,0.5065892702390505,15.671100917431227,1.9817721864484352,-0.7170859128757616,-0.4995412844036331,3.7242106758348203,-0.06725148961670036,3.6469541284403673,1.1191162385041709,-0.5637967770744806
Polypodium vulgare,127079,58.1088893608,6.982545475,142552570,142552570,"c(6.982545475, 58.1088893608)",1,4.639280319213867,14.250000000000057,-0.6499999999999773,3.8160000000000003,4.639280319213867,14.250000000000057,-0.6499999999999773,3.8160000000000003,Polypodium_vulgare,0.8812539577484131,11.247353553771973,10.36609959602356,0.36253041239416944,12.750000000000057,20.450000000000045,7.699999999999989,0.1948051948051951,-10.049999999999955,6.650000000000034,16.69999999999999,0.562874251497005,1.272,7.604,6.332,0.4017687934301959,3.3092164883919812,2.5182542982959717,0.5281689906066678,15.671100917431227,1.9817721864484352,-0.7170859128757616,-0.4995412844036331,3.7242106758348203,-0.040400162260588894,3.6469541284403673,1.1191162385041709,0.15105300570527197
Polypodium vulgare,127079,58.1148776489,6.9976614113,142553266,142553266,"c(6.9976614113, 58.1148776489)",1,4.791981220245361,13.950000000000045,-0.9499999999999886,3.962,4.791981220245361,13.950000000000045,-0.9499999999999886,3.962,Polypodium_vulgare,0.8812539577484131,11.247353553771973,10.36609959602356,0.37726120864178314,12.750000000000057,20.450000000000045,7.699999999999989,0.1558441558441546,-10.049999999999955,6.650000000000034,16.69999999999999,0.5449101796407169,1.272,7.604,6.332,0.42482627921667726,3.3092164883919812,2.5182542982959717,0.5888065922717667,15.671100917431227,1.9817721864484352,-0.8684655729857594,-0.4995412844036331,3.7242106758348203,-0.12095414432895382,3.6469541284403673,1.1191162385041709,0.28151309106257666
Polypodium vulgare,127079,48.030474,-2.132627,143034093,143034093,"c(-2.132627, 48.030474)",1,1.1998913288116455,17.05000000000001,2.150000000000034,3.529,1.1998913288116455,17.05000000000001,2.150000000000034,3.529,Polypodium_vulgare,0.8812539577484131,11.247353553771973,10.36609959602356,0.030738405328988142,12.750000000000057,20.450000000000045,7.699999999999989,0.5584415584415534,-10.049999999999955,6.650000000000034,16.69999999999999,0.7305389221556884,1.272,7.604,6.332,0.3564434617814276,3.3092164883919812,2.5182542982959717,-0.837614041206106,15.671100917431227,1.9817721864484352,0.695790914817475,-0.4995412844036331,3.7242106758348203,0.7114370037107917,3.6469541284403673,1.1191162385041709,-0.1053993538669645
Polypodium vulgare,127079,46.8138831832,8.3916686085,143036452,143036452,"c(8.3916686085, 46.8138831832)",1,2.96435809135437,14.250000000000057,-7.5499999999999545,1.6300000000000001,2.96435809135437,14.250000000000057,-7.5499999999999545,1.6300000000000001,Polypodium_vulgare,0.8812539577484131,11.247353553771973,10.36609959602356,0.20095351335472764,12.750000000000057,20.450000000000045,7.699999999999989,0.1948051948051951,-10.049999999999955,6.650000000000034,16.69999999999999,0.1497005988023953,1.272,7.604,6.332,0.05653821857233103,3.3092164883919812,2.5182542982959717,-0.1369434362808262,15.671100917431227,1.9817721864484352,-0.7170859128757616,-0.4995412844036331,3.7242106758348203,-1.8931417498329062,3.6469541284403673,1.1191162385041709,-1.802274025740401
Polypodium vulgare,127079,45.787228,10.61723,143572169,143572169,"c(10.61723, 45.787228)",1,2.0403976440429688,16.650000000000034,-5.849999999999966,1.7610000000000001,2.0403976440429688,16.650000000000034,-5.849999999999966,1.7610000000000001,Polypodium_vulgare,0.8812539577484131,11.247353553771973,10.36609959602356,0.1118206202397673,12.750000000000057,20.450000000000045,7.699999999999989,0.5064935064935043,-10.049999999999955,6.650000000000034,16.69999999999999,0.25149700598802344,1.272,7.604,6.332,0.0772267845862287,3.3092164883919812,2.5182542982959717,-0.5038485768524588,15.671100917431227,1.9817721864484352,0.49395136800416367,-0.4995412844036331,3.7242106758348203,-1.4366691847788584,3.6469541284403673,1.1191162385041709,-1.685217373810217
Polypodium vulgare,127079,47.5745109166,-2.9577668162,143572632,143572632,"c(-2.9577668162, 47.5745109166)",1,1.3729654550552368,17.55000000000001,5.050000000000011,5.152,1.3729654550552368,17.55000000000001,5.050000000000011,5.152,Polypodium_vulgare,0.8812539577484131,11.247353553771973,10.36609959602356,0.04743457196720785,12.750000000000057,20.450000000000045,7.699999999999989,0.6233766233766184,-10.049999999999955,6.650000000000034,16.69999999999999,0.9041916167664656,1.272,7.604,6.332,0.6127605811749842,3.3092164883919812,2.5182542982959717,-0.7688862219542119,15.671100917431227,1.9817721864484352,0.9480903483341284,-0.4995412844036331,3.7242106758348203,1.4901254970382838,3.6469541284403673,1.1191162385041709,1.3448521429474583
Polypodium vulgare,127079,51.740597524,10.3087343118,146274662,146274662,"c(10.3087343118, 51.740597524)",1,2.1280858516693115,15.850000000000023,-3.349999999999966,3.08,2.1280858516693115,15.850000000000023,-3.349999999999966,3.08,Polypodium_vulgare,0.8812539577484131,11.247353553771973,10.36609959602356,0.12027975251165672,12.750000000000057,20.450000000000045,7.699999999999989,0.4025974025973988,-10.049999999999955,6.650000000000034,16.69999999999999,0.40119760479041877,1.272,7.604,6.332,0.28553379658875555,3.3092164883919812,2.5182542982959717,-0.4690275471869167,15.671100917431227,1.9817721864484352,0.09027227437751235,-0.4995412844036331,3.7242106758348203,-0.7653860008758429,3.6469541284403673,1.1191162385041709,-0.5066087944521004
Polypodium vulgare,127079,45.9656379,4.79430187,151310105,151310105,"c(4.79430187, 45.9656379)",1,1.0220258235931396,20.450000000000045,-0.44999999999998863,3.086,1.0220258235931396,20.450000000000045,-0.44999999999998863,3.086,Polypodium_vulgare,0.8812539577484131,11.247353553771973,10.36609959602356,0.013580022509018408,12.750000000000057,20.450000000000045,7.699999999999989,1,-10.049999999999955,6.650000000000034,16.69999999999999,0.5748502994011959,1.272,7.604,6.332,0.286481364497789,3.3092164883919812,2.5182542982959717,-0.9082445193666565,15.671100917431227,1.9817721864484352,2.411427062730736,-0.4995412844036331,3.7242106758348203,0.013302492451649309,3.6469541284403673,1.1191162385041709,-0.5012474210812524
Polypodium vulgare,127079,52.822788095,4.6950219346,153208668,153208668,"c(4.6950219346, 52.822788095)",1,2.1323370933532715,16.450000000000045,2.750000000000057,5.337,2.1323370933532715,16.450000000000045,2.750000000000057,5.337,Polypodium_vulgare,0.8812539577484131,11.247353553771973,10.36609959602356,0.12068986256747663,12.750000000000057,20.450000000000045,7.699999999999989,0.48051948051947974,-10.049999999999955,6.650000000000034,16.69999999999999,0.7664670658682646,1.272,7.604,6.332,0.6419772583701832,3.3092164883919812,2.5182542982959717,-0.4673393770577774,15.671100917431227,1.9817721864484352,0.393031594597508,-0.4995412844036331,3.7242106758348203,0.8725449678475216,3.6469541284403673,1.1191162385041709,1.5101611552152756
Polypodium vulgare,127079,55.8756727163,-4.278090857,154094026,154094026,"c(-4.278090857, 55.8756727163)",1,2.618184804916382,14.550000000000011,1.2500000000000568,2.951,2.618184804916382,14.550000000000011,1.2500000000000568,2.951,Polypodium_vulgare,0.8812539577484131,11.247353553771973,10.36609959602356,0.16755876509562537,12.750000000000057,20.450000000000045,7.699999999999989,0.2337662337662282,-10.049999999999955,6.650000000000034,16.69999999999999,0.6766467065868275,1.272,7.604,6.332,0.2651610865445357,3.3092164883919812,2.5182542982959717,-0.2744090157785892,15.671100917431227,1.9817721864484352,-0.56570625276579245,-0.4995412844036331,3.7242106758348203,0.4697750575057122,3.6469541284403673,1.1191162385041709,-0.6218783219253354
Polypodium vulgare,127079,52.0471811526,-3.951687752,160888686,160888686,"c(-3.951687752, 52.0471811526)",1,2.7139079570770264,14.750000000000057,1.2500000000000568,4.6290000000000004,2.7139079570770264,14.750000000000057,1.2500000000000568,4.6290000000000004,Polypodium_vulgare,0.8812539577484131,11.247353553771973,10.36609959602356,0.17679301480294674,12.750000000000057,20.450000000000045,7.699999999999989,0.2597402597402601,-10.049999999999955,6.650000000000034,16.69999999999999,0.6766467065868275,1.272,7.604,6.332,0.5301642451042325,3.3092164883919812,2.5182542982959717,-0.2363973057517593,15.671100917431227,1.9817721864484352,-0.4647864793591081,-0.4995412844036331,3.7242106758348203,0.4697750575057122,3.6469541284403673,1.1191162385041709,0.8775190974551954
Polypodium vulgare,127079,53.5532177831,8.0870760977,171755953,171755953,"c(8.0870760977, 53.5532177831)",1,1.4592896699905396,16.450000000000045,0.05000000000001137,3.813,1.4592896699905396,16.450000000000045,0.05000000000001137,3.813,Polypodium_vulgare,0.8812539577484131,11.247353553771973,10.36609959602356,0.055762122183724845,12.750000000000057,20.450000000000045,7.699999999999989,0.48051948051947974,-10.049999999999955,6.650000000000034,16.69999999999999,0.604790419161675,1.272,7.604,6.332,0.40129500947567914,3.3092164883919812,2.5182542982959717,-0.7346068344460813,15.671100917431227,1.9817721864484352,0.393031594597508,-0.4995412844036331,3.7242106758348203,0.14755912923225245,3.6469541284403673,1.1191162385041709,0.1483723190198478
Polypodium vulgare,127079,43.9835142,2.9296127,175697225,175697225,"c(2.9296127, 43.9835142)",1,1.4689686298370361,18.450000000000045,-0.24999999999994316,4.405,1.4689686298370361,18.450000000000045,-0.24999999999994316,4.405,Polypodium_vulgare,0.8812539577484131,11.247353553771973,10.36609959602356,0.05669583498060068,12.750000000000057,20.450000000000045,7.699999999999989,0.7402597402597398,-10.049999999999955,6.650000000000034,16.69999999999999,0.5868263473053903,1.272,7.604,6.332,0.4947883765003159,3.3092164883919812,2.5182542982959717,-0.730763314809067,15.671100917431227,1.9817721864484352,1.4022293286641219,-0.4995412844036331,3.7242106758348203,0.06700514716390277,3.6469541284403673,1.1191162385041709,0.6773611582768646
Polypodium vulgare,127079,49.2753843,-0.7029248,175822462,175822462,"c(-0.7029248, 49.2753843)",1,1.3302589654922485,17.150000000000034,3.250000000000057,3.283,1.3302589654922485,17.150000000000034,3.250000000000057,3.283,Polypodium_vulgare,0.8812539577484131,11.247353553771973,10.36609959602356,0.04331474954341303,12.750000000000057,20.450000000000045,7.699999999999989,0.5714285714285693,-10.049999999999955,6.650000000000034,16.69999999999999,0.7964071856287437,1.272,7.604,6.332,0.317593177511055,3.3092164883919812,2.5182542982959717,-0.7858449896179408,15.671100917431227,1.9817721864484352,0.7462508015208171,-0.4995412844036331,3.7242106758348203,1.0068016046281247,3.6469541284403673,1.1191162385041709,-0.32521566207173835
Polypodium vulgare,127079,42.5976813899,-0.1593384614,175936602,175936602,"c(-0.1593384614, 42.5976813899)",1,1.4850847721099854,17.150000000000034,-3.349999999999966,3.374,1.4850847721099854,17.150000000000034,-3.349999999999966,3.374,Polypodium_vulgare,0.8812539577484131,11.247353553771973,10.36609959602356,0.058250531819432065,12.750000000000057,20.450000000000045,7.699999999999989,0.5714285714285693,-10.049999999999955,6.650000000000034,16.69999999999999,0.40119760479041877,1.272,7.604,6.332,0.33196462413139616,3.3092164883919812,2.5182542982959717,-0.7243635869166716,15.671100917431227,1.9817721864484352,0.7462508015208171,-0.4995412844036331,3.7242106758348203,-0.7653860008758429,3.6469541284403673,1.1191162385041709,-0.24390149928054133
Polypodium vulgare,127079,47.4650063597,3.7499196468,176086926,176086926,"c(3.7499196468, 47.4650063597)",1,1.1130908727645874,19.05000000000001,0.5500000000000114,3.959,1.1130908727645874,19.05000000000001,0.5500000000000114,3.959,Polypodium_vulgare,0.8812539577484131,11.247353553771973,10.36609959602356,0.022364912942289986,12.750000000000057,20.450000000000045,7.699999999999989,0.8181818181818135,-10.049999999999955,6.650000000000034,16.69999999999999,0.634730538922154,1.272,7.604,6.332,0.4243524952621605,3.3092164883919812,2.5182542982959717,-0.872082544290085,15.671100917431227,1.9817721864484352,1.7049886488840889,-0.4995412844036331,3.7242106758348203,0.2818157660128556,3.6469541284403673,1.1191162385041709,0.2788324043771525
Polypodium vulgare,127079,47.4693152519,11.1194096133,177705037,177705037,"c(11.1194096133, 47.4693152519)",1,1.6504383087158203,15.550000000000011,-8.749999999999943,1.685,1.6504383087158203,15.550000000000011,-8.749999999999943,1.685,Polypodium_vulgare,0.8812539577484131,11.247353553771973,10.36609959602356,0.07420190630451463,12.750000000000057,20.450000000000045,7.699999999999989,0.36363636363635826,-10.049999999999955,6.650000000000034,16.69999999999999,0.07784431137724625,1.272,7.604,6.332,0.06522425773847126,3.3092164883919812,2.5182542982959717,-0.6587016175445852,15.671100917431227,1.9817721864484352,-0.061107385732485475,-0.4995412844036331,3.7242106758348203,-2.21535767810635,3.6469541284403673,1.1191162385041709,-1.7531281031742934
Polypodium vulgare,127079,53.398328,7.978799,179318667,179318667,"c(7.978799, 53.398328)",1,1.3485023975372314,16.450000000000045,-0.44999999999998863,3.6510000000000002,1.3485023975372314,16.450000000000045,-0.44999999999998863,3.6510000000000002,Polypodium_vulgare,0.8812539577484131,11.247353553771973,10.36609959602356,0.045074662408998566,12.750000000000057,20.450000000000045,7.699999999999989,0.48051948051947974,-10.049999999999955,6.650000000000034,16.69999999999999,0.5748502994011959,1.272,7.604,6.332,0.3757106759317752,3.3092164883919812,2.5182542982959717,-0.7786005139280442,15.671100917431227,1.9817721864484352,0.393031594597508,-0.4995412844036331,3.7242106758348203,0.013302492451649309,3.6469541284403673,1.1191162385041709,0.0036152380069480214
Polypodium vulgare,127079,48.4144879722,2.7270759722,182165208,182165208,"c(2.7270759722, 48.4144879722)",1,0.8812539577484131,18.950000000000045,1.0500000000000114,2.436,0.8812539577484131,18.950000000000045,1.0500000000000114,2.436,Polypodium_vulgare,0.8812539577484131,11.247353553771973,10.36609959602356,0,12.750000000000057,20.450000000000045,7.699999999999989,0.8051948051948049,-10.049999999999955,6.650000000000034,16.69999999999999,0.6646706586826331,1.272,7.604,6.332,0.18382817435249527,3.3092164883919812,2.5182542982959717,-0.9641450953886979,15.671100917431227,1.9817721864484352,1.6545287621807754,-0.4995412844036331,3.7242106758348203,0.4160724027934587,3.6469541284403673,1.1191162385041709,-1.0820628695898011
Polypodium vulgare,127079,48.41978,2.722192,182222354,182222354,"c(2.722192, 48.41978)",1,0.9012415409088135,18.55000000000001,0.7500000000000568,3.172,0.9012415409088135,18.55000000000001,0.7500000000000568,3.172,Polypodium_vulgare,0.8812539577484131,11.247353553771973,10.36609959602356,0.001928168157680796,12.750000000000057,20.450000000000045,7.699999999999989,0.7532467532467485,-10.049999999999955,6.650000000000034,16.69999999999999,0.6467065868263484,1.272,7.604,6.332,0.3000631711939356,3.3092164883919812,2.5182542982959717,-0.9562080164471767,15.671100917431227,1.9817721864484352,1.4526892153674353,-0.4995412844036331,3.7242106758348203,0.33551842072510907,3.6469541284403673,1.1191162385041709,-0.4244010694324287
Polypodium vulgare,127079,48.41978,2.722192,182226736,182226736,"c(2.722192, 48.41978)",1,0.9012415409088135,18.55000000000001,0.7500000000000568,3.172,0.9012415409088135,18.55000000000001,0.7500000000000568,3.172,Polypodium_vulgare,0.8812539577484131,11.247353553771973,10.36609959602356,0.001928168157680796,12.750000000000057,20.450000000000045,7.699999999999989,0.7532467532467485,-10.049999999999955,6.650000000000034,16.69999999999999,0.6467065868263484,1.272,7.604,6.332,0.3000631711939356,3.3092164883919812,2.5182542982959717,-0.9562080164471767,15.671100917431227,1.9817721864484352,1.4526892153674353,-0.4995412844036331,3.7242106758348203,0.33551842072510907,3.6469541284403673,1.1191162385041709,-0.4244010694324287
Polypodium vulgare,127079,48.41978,2.722192,182226900,182226900,"c(2.722192, 48.41978)",1,0.9012415409088135,18.55000000000001,0.7500000000000568,3.172,0.9012415409088135,18.55000000000001,0.7500000000000568,3.172,Polypodium_vulgare,0.8812539577484131,11.247353553771973,10.36609959602356,0.001928168157680796,12.750000000000057,20.450000000000045,7.699999999999989,0.7532467532467485,-10.049999999999955,6.650000000000034,16.69999999999999,0.6467065868263484,1.272,7.604,6.332,0.3000631711939356,3.3092164883919812,2.5182542982959717,-0.9562080164471767,15.671100917431227,1.9817721864484352,1.4526892153674353,-0.4995412844036331,3.7242106758348203,0.33551842072510907,3.6469541284403673,1.1191162385041709,-0.4244010694324287
Polypodium vulgare,127079,45.888553,-1.2654659722,183632758,183632758,"c(-1.2654659722, 45.888553)",1,1.1455726623535156,19.55000000000001,4.9500000000000455,3.825,1.1455726623535156,19.55000000000001,4.9500000000000455,3.825,Polypodium_vulgare,0.8812539577484131,11.247353553771973,10.36609959602356,0.025498375947159077,12.750000000000057,20.450000000000045,7.699999999999989,0.8831168831168785,-10.049999999999955,6.650000000000034,16.69999999999999,0.8982035928143719,1.272,7.604,6.332,0.403190145293746,3.3092164883919812,2.5182542982959717,-0.859184009932015,15.671100917431227,1.9817721864484352,1.9572880824007424,-0.4995412844036331,3.7242106758348203,1.4632741696821723,3.6469541284403673,1.1191162385041709,0.15909506576154409
Polypodium vulgare,127079,45.8829909722,-1.2548619722,183669687,183669687,"c(-1.2548619722, 45.8829909722)",1,1.1395916938781738,19.55000000000001,4.9500000000000455,3.469,1.1395916938781738,19.55000000000001,4.9500000000000455,3.469,Polypodium_vulgare,0.8812539577484131,11.247353553771973,10.36609959602356,0.0249214020892544,12.750000000000057,20.450000000000045,7.699999999999989,0.8831168831168785,-10.049999999999955,6.650000000000034,16.69999999999999,0.8982035928143719,1.272,7.604,6.332,0.3469677826910929,3.3092164883919812,2.5182542982959717,-0.861559055406727,15.671100917431227,1.9817721864484352,1.9572880824007424,-0.4995412844036331,3.7242106758348203,1.4632741696821723,3.6469541284403673,1.1191162385041709,-0.15901308757544597
Polypodium vulgare,127079,51.0836861667,-3.6440833333,185160807,185160807,"c(-3.6440833333, 51.0836861667)",1,3.0512566566467285,14.350000000000023,2.150000000000034,5.757000000000001,3.0512566566467285,14.350000000000023,2.150000000000034,5.757000000000001,Polypodium_vulgare,0.8812539577484131,11.247353553771973,10.36609959602356,0.20933647017348062,12.750000000000057,20.450000000000045,7.699999999999989,0.20779220779220367,-10.049999999999955,6.650000000000034,16.69999999999999,0.7305389221556884,1.272,7.604,6.332,0.7083070120025269,3.3092164883919812,2.5182542982959717,-0.1024359739680804,15.671100917431227,1.9817721864484352,-0.6666260261724481,-0.4995412844036331,3.7242106758348203,0.7114370037107917,3.6469541284403673,1.1191162385041709,1.8854572911746463
Polypodium vulgare,127079,56.7190368997,-5.5411200997,185702816,185702816,"c(-5.5411200997, 56.7190368997)",1,5.135194778442383,13.650000000000034,1.0500000000000114,3.367,5.135194778442383,13.650000000000034,1.0500000000000114,3.367,Polypodium_vulgare,0.8812539577484131,11.247353553771973,10.36609959602356,0.41037043695063313,12.750000000000057,20.450000000000045,7.699999999999989,0.1168831168831141,-10.049999999999955,6.650000000000034,16.69999999999999,0.6646706586826331,1.272,7.604,6.332,0.33085912823752367,3.3092164883919812,2.5182542982959717,0.7250968622533424,15.671100917431227,1.9817721864484352,-1.0198452330957573,-0.4995412844036331,3.7242106758348203,0.4160724027934587,3.6469541284403673,1.1191162385041709,-0.2501564348798643
Polypodium vulgare,127079,48.1128762346,16.0543265194,191286113,191286113,"c(16.0543265194, 48.1128762346)",1,1.0418460369110107,17.750000000000057,-4.449999999999989,3.104,1.0418460369110107,17.750000000000057,-4.449999999999989,3.104,Polypodium_vulgare,0.8812539577484131,11.247353553771973,10.36609959602356,0.015492044782610506,12.750000000000057,20.450000000000045,7.699999999999989,0.6493506493506503,-10.049999999999955,6.650000000000034,16.69999999999999,0.33532934131736347,1.272,7.604,6.332,0.2893240682248895,3.3092164883919812,2.5182542982959717,-0.9003739030705649,15.671100917431227,1.9817721864484352,1.0490101217408128,-0.4995412844036331,3.7242106758348203,-1.0607506017931758,3.6469541284403673,1.1191162385041709,-0.48516330096870774
Polypodium vulgare,127079,44.9531527279,15.6533432109,196386089,196386089,"c(15.6533432109, 44.9531527279)",1,1.7892223596572876,19.850000000000023,-3.749999999999943,2.475,1.7892223596572876,19.850000000000023,-3.749999999999943,2.475,Polypodium_vulgare,0.8812539577484131,11.247353553771973,10.36609959602356,0.08759016769018615,12.750000000000057,20.450000000000045,7.699999999999989,0.922077922077919,-10.049999999999955,6.650000000000034,16.69999999999999,0.37724550898203685,1.272,7.604,6.332,0.1899873657612129,3.3092164883919812,2.5182542982959717,-0.6035904037821871,15.671100917431227,1.9817721864484352,2.10866774251074,-0.4995412844036331,3.7242106758348203,-0.8727913103003192,3.6469541284403673,1.1191162385041709,-1.047213942679288
Polypodium vulgare,127079,50.631391,8.691878,197786713,197786713,"c(8.691878, 50.631391)",1,1.040233850479126,17.650000000000034,-1.7499999999999432,3.285,1.040233850479126,17.650000000000034,-1.7499999999999432,3.285,Polypodium_vulgare,0.8812539577484131,11.247353553771973,10.36609959602356,0.015336519899123643,12.750000000000057,20.450000000000045,7.699999999999989,0.6363636363636344,-10.049999999999955,6.650000000000034,16.69999999999999,0.4970059880239531,1.272,7.604,6.332,0.3179090334807328,3.3092164883919812,2.5182542982959717,-0.9010141030825238,15.671100917431227,1.9817721864484352,0.9985502350374706,-0.4995412844036331,3.7242106758348203,-0.33576476317790666,3.6469541284403673,1.1191162385041709,-0.32342853761478874
Polypodium vulgare,127079,57.3832253,16.4838604,200376856,200376856,"c(16.4838604, 57.3832253)",1,1.0691423416137695,16.55000000000001,-3.4499999999999886,2.787,1.0691423416137695,16.55000000000001,-3.4499999999999886,2.787,Polypodium_vulgare,0.8812539577484131,11.247353553771973,10.36609959602356,0.018125272878666002,12.750000000000057,20.450000000000045,7.699999999999989,0.49350649350648834,-10.049999999999955,6.650000000000034,16.69999999999999,0.3952095808383216,1.272,7.604,6.332,0.23926089703095388,3.3092164883919812,2.5182542982959717,-0.8895345272691498,15.671100917431227,1.9817721864484352,0.4434914813008215,-0.4995412844036331,3.7242106758348203,-0.7922373282319696,3.6469541284403673,1.1191162385041709,-0.7684225273951848
Polypodium vulgare,127079,53.5018103741,8.0125418594,214623577,214623577,"c(8.0125418594, 53.5018103741)",1,1.3782150745391846,16.450000000000045,-0.14999999999997726,4.102,1.3782150745391846,16.450000000000045,-0.14999999999997726,4.102,Polypodium_vulgare,0.8812539577484131,11.247353553771973,10.36609959602356,0.047940993831605286,12.750000000000057,20.450000000000045,7.699999999999989,0.48051948051947974,-10.049999999999955,6.650000000000034,16.69999999999999,0.592814371257484,1.272,7.604,6.332,0.4469361970941251,3.3092164883919812,2.5182542982959717,-0.7668015955177554,15.671100917431227,1.9817721864484352,0.393031594597508,-0.4995412844036331,3.7242106758348203,0.09385647452001425,3.6469541284403673,1.1191162385041709,0.40661180304903344
Polypodium vulgare,127079,49.7847783333,6.1744,219551712,219551712,"c(6.1744, 49.7847783333)",1,1.2388203144073486,16.950000000000045,-1.349999999999966,3.224,1.2388203144073486,16.950000000000045,-1.349999999999966,3.224,Polypodium_vulgare,0.8812539577484131,11.247353553771973,10.36609959602356,0.03449381836887793,12.750000000000057,20.450000000000045,7.699999999999989,0.5454545454545447,-10.049999999999955,6.650000000000034,16.69999999999999,0.520958083832335,1.272,7.604,6.332,0.3082754264055591,3.3092164883919812,2.5182542982959717,-0.8221553221950653,15.671100917431227,1.9817721864484352,0.6453310281141615,-0.4995412844036331,3.7242106758348203,-0.22835945375343022,3.6469541284403673,1.1191162385041709,-0.3779358335517448
Polypodium vulgare,127079,49.9250372124,5.9658915264,223129028,223129028,"c(5.9658915264, 49.9250372124)",1,1.3811219930648804,15.550000000000011,-2.1499999999999773,4.555,1.3811219930648804,15.550000000000011,-2.1499999999999773,4.555,Polypodium_vulgare,0.8812539577484131,11.247353553771973,10.36609959602356,0.048221419318430714,12.750000000000057,20.450000000000045,7.699999999999989,0.36363636363635826,-10.049999999999955,6.650000000000034,16.69999999999999,0.4730538922155678,1.272,7.604,6.332,0.5184775742261528,3.3092164883919812,2.5182542982959717,-0.7656472567650477,15.671100917431227,1.9817721864484352,-0.061107385732485475,-0.4995412844036331,3.7242106758348203,-0.4431700726023983,3.6469541284403673,1.1191162385041709,0.8113954925480676
Polypodium vulgare,127079,49.8899466667,5.9,226922624,226922624,"c(5.9, 49.8899466667)",1,1.4081474542617798,15.950000000000045,-1.9499999999999886,3.5140000000000002,1.4081474542617798,15.950000000000045,-1.9499999999999886,3.5140000000000002,Polypodium_vulgare,0.8812539577484131,11.247353553771973,10.36609959602356,0.050828519602057774,12.750000000000057,20.450000000000045,7.699999999999989,0.4155844155844147,-10.049999999999955,6.650000000000034,16.69999999999999,0.48502994011975875,1.272,7.604,6.332,0.354074542008844,3.3092164883919812,2.5182542982959717,-0.7549154330508236,15.671100917431227,1.9817721864484352,0.14073216108085454,-0.4995412844036331,3.7242106758348203,-0.3894674178901601,3.6469541284403673,1.1191162385041709,-0.11880278729408457
Polypodium vulgare,127079,50.26775,5.459625,235795577,235795577,"c(5.459625, 50.26775)",1,1.3597357273101807,16.850000000000023,-0.8499999999999659,3.795,1.3597357273101807,16.850000000000023,-0.8499999999999659,3.795,Polypodium_vulgare,0.8812539577484131,11.247353553771973,10.36609959602356,0.046158322629401845,12.750000000000057,20.450000000000045,7.699999999999989,0.5324675324675289,-10.049999999999955,6.650000000000034,16.69999999999999,0.550898203592814,1.272,7.604,6.332,0.3984523057485786,3.3092164883919812,2.5182542982959717,-0.7741397532413452,15.671100917431227,1.9817721864484352,0.5948711414108193,-0.4995412844036331,3.7242106758348203,-0.09410281697282709,3.6469541284403673,1.1191162385041709,0.13228819890730315
Polypodium vulgare,127079,53.141259,8.195895,244872080,244872080,"c(8.195895, 53.141259)",1,1.2777043581008911,16.750000000000057,-0.3499999999999659,3.368,1.2777043581008911,16.750000000000057,-0.3499999999999659,3.368,Polypodium_vulgare,0.8812539577484131,11.247353553771973,10.36609959602356,0.03824489593989205,12.750000000000057,20.450000000000045,7.699999999999989,0.5194805194805202,-10.049999999999955,6.650000000000034,16.69999999999999,0.5808383233532931,1.272,7.604,6.332,0.3310170562223626,3.3092164883919812,2.5182542982959717,-0.8067144496351121,15.671100917431227,1.9817721864484352,0.5444112547075058,-0.4995412844036331,3.7242106758348203,0.04015381980777604,3.6469541284403673,1.1191162385041709,-0.2492628726513897
Polypodium vulgare,127079,47.262876,10.062139,253558061,253558061,"c(10.062139, 47.262876)",1,3.2847518920898438,12.750000000000057,-10.049999999999955,2.959,3.2847518920898438,12.750000000000057,-10.049999999999955,2.959,Polypodium_vulgare,0.8812539577484131,11.247353553771973,10.36609959602356,0.23186135846730757,12.750000000000057,20.450000000000045,7.699999999999989,0,-10.049999999999955,6.650000000000034,16.69999999999999,0,1.272,7.604,6.332,0.266424510423247,3.3092164883919812,2.5182542982959717,-0.009714903025755563,15.671100917431227,1.9817721864484352,-1.473984213425722,-0.4995412844036331,3.7242106758348203,-2.5644249337359217,3.6469541284403673,1.1191162385041709,-0.6147298240975378
Polypodium vulgare,127079,60.4011333333,5.2093472222,282565943,282565943,"c(5.2093472222, 60.4011333333)",1,6.219823360443115,13.850000000000023,-1.0499999999999545,3.564,6.219823360443115,13.850000000000023,-1.0499999999999545,3.564,Polypodium_vulgare,0.8812539577484131,11.247353553771973,10.36609959602356,0.515002711795532,12.750000000000057,20.450000000000045,7.699999999999989,0.14285714285713863,-10.049999999999955,6.650000000000034,16.69999999999999,0.5389221556886231,1.272,7.604,6.332,0.3619709412507896,3.3092164883919812,2.5182542982959717,1.155803396829564,15.671100917431227,1.9817721864484352,-0.9189254596891016,-0.4995412844036331,3.7242106758348203,-0.1478054716850653,3.6469541284403673,1.1191162385041709,-0.07412467587035021
Polypodium vulgare,127079,60.3651194444,5.2924222222,282566765,282566765,"c(5.2924222222, 60.3651194444)",1,6.146317005157471,13.750000000000057,-2.4499999999999886,2.053,6.146317005157471,13.750000000000057,-2.4499999999999886,2.053,Polypodium_vulgare,0.8812539577484131,11.247353553771973,10.36609959602356,0.5079116787020586,12.750000000000057,20.450000000000045,7.699999999999989,0.12987012987013005,-10.049999999999955,6.650000000000034,16.69999999999999,0.4550898203592797,1.272,7.604,6.332,0.12334175615919139,3.3092164883919812,2.5182542982959717,1.1266139875886527,15.671100917431227,1.9817721864484352,-0.969385346392415,-0.4995412844036331,3.7242106758348203,-0.5237240546707632,3.6469541284403673,1.1191162385041709,-1.4242972030956074
Polypodium vulgare,127079,60.3589055556,5.2671694444,282566766,282566766,"c(5.2671694444, 60.3589055556)",1,6.287258625030518,13.350000000000023,-2.5499999999999545,3.531,6.287258625030518,13.350000000000023,-2.5499999999999545,3.531,Polypodium_vulgare,0.8812539577484131,11.247353553771973,10.36609959602356,0.5215080770935145,12.750000000000057,20.450000000000045,7.699999999999989,0.0779220779220736,-10.049999999999955,6.650000000000034,16.69999999999999,0.44910179640718595,1.272,7.604,6.332,0.35675931775110553,3.3092164883919812,2.5182542982959717,1.1825819730174547,15.671100917431227,1.9817721864484352,-1.1712248932057552,-0.4995412844036331,3.7242106758348203,-0.5505753820268747,3.6469541284403673,1.1191162385041709,-0.10361222941001492
Polypodium vulgare,127079,60.3589166667,5.2671638889,282566767,282566767,"c(5.2671638889, 60.3589166667)",1,6.287258625030518,13.350000000000023,-2.5499999999999545,3.531,6.287258625030518,13.350000000000023,-2.5499999999999545,3.531,Polypodium_vulgare,0.8812539577484131,11.247353553771973,10.36609959602356,0.5215080770935145,12.750000000000057,20.450000000000045,7.699999999999989,0.0779220779220736,-10.049999999999955,6.650000000000034,16.69999999999999,0.44910179640718595,1.272,7.604,6.332,0.35675931775110553,3.3092164883919812,2.5182542982959717,1.1825819730174547,15.671100917431227,1.9817721864484352,-1.1712248932057552,-0.4995412844036331,3.7242106758348203,-0.5505753820268747,3.6469541284403673,1.1191162385041709,-0.10361222941001492
Polypodium vulgare,127079,60.3575777778,5.265925,282566769,282566769,"c(5.265925, 60.3575777778)",1,5.895794868469238,13.750000000000057,-2.0499999999999545,2.691,5.895794868469238,13.750000000000057,-2.0499999999999545,2.691,Polypodium_vulgare,0.8812539577484131,11.247353553771973,10.36609959602356,0.4837442342001427,12.750000000000057,20.450000000000045,7.699999999999989,0.12987012987013005,-10.049999999999955,6.650000000000034,16.69999999999999,0.479041916167665,1.272,7.604,6.332,0.22409981048641817,3.3092164883919812,2.5182542982959717,1.0271315259255263,15.671100917431227,1.9817721864484352,-0.969385346392415,-0.4995412844036331,3.7242106758348203,-0.41631874524627155,3.6469541284403673,1.1191162385041709,-0.8542045013287551
Polypodium vulgare,127079,60.3568694444,5.2644166667,282567846,282567846,"c(5.2644166667, 60.3568694444)",1,5.895794868469238,13.750000000000057,-2.0499999999999545,2.691,5.895794868469238,13.750000000000057,-2.0499999999999545,2.691,Polypodium_vulgare,0.8812539577484131,11.247353553771973,10.36609959602356,0.4837442342001427,12.750000000000057,20.450000000000045,7.699999999999989,0.12987012987013005,-10.049999999999955,6.650000000000034,16.69999999999999,0.479041916167665,1.272,7.604,6.332,0.22409981048641817,3.3092164883919812,2.5182542982959717,1.0271315259255263,15.671100917431227,1.9817721864484352,-0.969385346392415,-0.4995412844036331,3.7242106758348203,-0.41631874524627155,3.6469541284403673,1.1191162385041709,-0.8542045013287551
Polypodium vulgare,127079,60.35445,5.2608194444,282567848,282567848,"c(5.2608194444, 60.35445)",1,5.895794868469238,13.750000000000057,-2.0499999999999545,2.691,5.895794868469238,13.750000000000057,-2.0499999999999545,2.691,Polypodium_vulgare,0.8812539577484131,11.247353553771973,10.36609959602356,0.4837442342001427,12.750000000000057,20.450000000000045,7.699999999999989,0.12987012987013005,-10.049999999999955,6.650000000000034,16.69999999999999,0.479041916167665,1.272,7.604,6.332,0.22409981048641817,3.3092164883919812,2.5182542982959717,1.0271315259255263,15.671100917431227,1.9817721864484352,-0.969385346392415,-0.4995412844036331,3.7242106758348203,-0.41631874524627155,3.6469541284403673,1.1191162385041709,-0.8542045013287551
Polypodium vulgare,127079,60.3891194444,5.319675,282567852,282567852,"c(5.319675, 60.3891194444)",1,5.635429382324219,14.350000000000023,-2.0499999999999545,2.613,5.635429382324219,14.350000000000023,-2.0499999999999545,2.613,Polypodium_vulgare,0.8812539577484131,11.247353553771973,10.36609959602356,0.4586272185151983,12.750000000000057,20.450000000000045,7.699999999999989,0.20779220779220367,-10.049999999999955,6.650000000000034,16.69999999999999,0.479041916167665,1.272,7.604,6.332,0.21178142766898295,3.3092164883919812,2.5182542982959717,0.9237402654316195,15.671100917431227,1.9817721864484352,-0.6666260261724481,-0.4995412844036331,3.7242106758348203,-0.41631874524627155,3.6469541284403673,1.1191162385041709,-0.9239023551497808
Polypodium vulgare,127079,60.3881,5.3206416667,282567853,282567853,"c(5.3206416667, 60.3881)",1,5.635429382324219,14.350000000000023,-2.0499999999999545,2.613,5.635429382324219,14.350000000000023,-2.0499999999999545,2.613,Polypodium_vulgare,0.8812539577484131,11.247353553771973,10.36609959602356,0.4586272185151983,12.750000000000057,20.450000000000045,7.699999999999989,0.20779220779220367,-10.049999999999955,6.650000000000034,16.69999999999999,0.479041916167665,1.272,7.604,6.332,0.21178142766898295,3.3092164883919812,2.5182542982959717,0.9237402654316195,15.671100917431227,1.9817721864484352,-0.6666260261724481,-0.4995412844036331,3.7242106758348203,-0.41631874524627155,3.6469541284403673,1.1191162385041709,-0.9239023551497808
Polypodium vulgare,127079,60.5463166667,5.2416,282568540,282568540,"c(5.2416, 60.5463166667)",1,7.122211456298828,13.750000000000057,-0.7499999999999432,4.41,7.122211456298828,13.750000000000057,-0.7499999999999432,4.41,Polypodium_vulgare,0.8812539577484131,11.247353553771973,10.36609959602356,0.6020545568503364,12.750000000000057,20.450000000000045,7.699999999999989,0.12987012987013005,-10.049999999999955,6.650000000000034,16.69999999999999,0.5568862275449112,1.272,7.604,6.332,0.49557801642451044,3.3092164883919812,2.5182542982959717,1.5141421462030216,15.671100917431227,1.9817721864484352,-0.969385346392415,-0.4995412844036331,3.7242106758348203,-0.06725148961670036,3.6469541284403673,1.1191162385041709,0.6818289694192379
Polypodium vulgare,127079,60.5462138889,5.2416472222,282568541,282568541,"c(5.2416472222, 60.5462138889)",1,7.122211456298828,13.750000000000057,-0.7499999999999432,4.41,7.122211456298828,13.750000000000057,-0.7499999999999432,4.41,Polypodium_vulgare,0.8812539577484131,11.247353553771973,10.36609959602356,0.6020545568503364,12.750000000000057,20.450000000000045,7.699999999999989,0.12987012987013005,-10.049999999999955,6.650000000000034,16.69999999999999,0.5568862275449112,1.272,7.604,6.332,0.49557801642451044,3.3092164883919812,2.5182542982959717,1.5141421462030216,15.671100917431227,1.9817721864484352,-0.969385346392415,-0.4995412844036331,3.7242106758348203,-0.06725148961670036,3.6469541284403673,1.1191162385041709,0.6818289694192379
Polypodium vulgare,127079,60.5449833333,5.2414861111,282568544,282568544,"c(5.2414861111, 60.5449833333)",1,7.391275405883789,13.450000000000045,-0.8499999999999659,4.183,7.391275405883789,13.450000000000045,-0.8499999999999659,4.183,Polypodium_vulgare,0.8812539577484131,11.247353553771973,10.36609959602356,0.6280106985111954,12.750000000000057,20.450000000000045,7.699999999999989,0.09090909090908957,-10.049999999999955,6.650000000000034,16.69999999999999,0.550898203592814,1.272,7.604,6.332,0.459728363866077,3.3092164883919812,2.5182542982959717,1.6209875707366077,15.671100917431227,1.9817721864484352,-1.1207650065024128,-0.4995412844036331,3.7242106758348203,-0.09410281697282709,3.6469541284403673,1.1191162385041709,0.4789903435554829
Polypodium vulgare,127079,60.5450527778,5.2415277778,282568834,282568834,"c(5.2415277778, 60.5450527778)",1,7.122211456298828,13.750000000000057,-0.7499999999999432,4.41,7.122211456298828,13.750000000000057,-0.7499999999999432,4.41,Polypodium_vulgare,0.8812539577484131,11.247353553771973,10.36609959602356,0.6020545568503364,12.750000000000057,20.450000000000045,7.699999999999989,0.12987012987013005,-10.049999999999955,6.650000000000034,16.69999999999999,0.5568862275449112,1.272,7.604,6.332,0.49557801642451044,3.3092164883919812,2.5182542982959717,1.5141421462030216,15.671100917431227,1.9817721864484352,-0.969385346392415,-0.4995412844036331,3.7242106758348203,-0.06725148961670036,3.6469541284403673,1.1191162385041709,0.6818289694192379
Polypodium vulgare,127079,61.2536888889,4.9864611111,282573866,282573866,"c(4.9864611111, 61.2536888889)",1,11.247353553771973,12.950000000000045,1.8500000000000227,4.345,11.247353553771973,12.950000000000045,1.8500000000000227,4.345,Polypodium_vulgare,0.8812539577484131,11.247353553771973,10.36609959602356,1,12.750000000000057,20.450000000000045,7.699999999999989,0.025974025974024536,-10.049999999999955,6.650000000000034,16.69999999999999,0.7125748502994004,1.272,7.604,6.332,0.485312697409981,3.3092164883919812,2.5182542982959717,3.1522380685507,15.671100917431227,1.9817721864484352,-1.3730644400190664,-0.4995412844036331,3.7242106758348203,0.6308830216424267,3.6469541284403673,1.1191162385041709,0.6237474245683827
Polypodium vulgare,127079,61.2539361111,4.9852833333,282573870,282573870,"c(4.9852833333, 61.2539361111)",1,11.247353553771973,12.950000000000045,1.8500000000000227,4.345,11.247353553771973,12.950000000000045,1.8500000000000227,4.345,Polypodium_vulgare,0.8812539577484131,11.247353553771973,10.36609959602356,1,12.750000000000057,20.450000000000045,7.699999999999989,0.025974025974024536,-10.049999999999955,6.650000000000034,16.69999999999999,0.7125748502994004,1.272,7.604,6.332,0.485312697409981,3.3092164883919812,2.5182542982959717,3.1522380685507,15.671100917431227,1.9817721864484352,-1.3730644400190664,-0.4995412844036331,3.7242106758348203,0.6308830216424267,3.6469541284403673,1.1191162385041709,0.6237474245683827
Polypodium vulgare,127079,61.2544416667,4.9841861111,282573875,282573875,"c(4.9841861111, 61.2544416667)",1,11.247353553771973,12.950000000000045,1.8500000000000227,4.345,11.247353553771973,12.950000000000045,1.8500000000000227,4.345,Polypodium_vulgare,0.8812539577484131,11.247353553771973,10.36609959602356,1,12.750000000000057,20.450000000000045,7.699999999999989,0.025974025974024536,-10.049999999999955,6.650000000000034,16.69999999999999,0.7125748502994004,1.272,7.604,6.332,0.485312697409981,3.3092164883919812,2.5182542982959717,3.1522380685507,15.671100917431227,1.9817721864484352,-1.3730644400190664,-0.4995412844036331,3.7242106758348203,0.6308830216424267,3.6469541284403673,1.1191162385041709,0.6237474245683827
Polypodium vulgare,127079,58.359025,11.25213,284783688,284783688,"c(11.25213, 58.359025)",1,2.004547595977783,15.850000000000023,-1.4499999999999886,5.7010000000000005,2.004547595977783,15.850000000000023,-1.4499999999999886,5.7010000000000005,Polypodium_vulgare,0.8812539577484131,11.247353553771973,10.36609959602356,0.10836222706757188,12.750000000000057,20.450000000000045,7.699999999999989,0.4025974025973988,-10.049999999999955,6.650000000000034,16.69999999999999,0.5149700598802378,1.272,7.604,6.332,0.6994630448515478,3.3092164883919812,2.5182542982959717,-0.518084648280767,15.671100917431227,1.9817721864484352,0.09027227437751235,-0.4995412844036331,3.7242106758348203,-0.25521078110955697,3.6469541284403673,1.1191162385041709,1.8354178063800635
Polypodium vulgare,127079,58.752062,11.195148,286482481,286482481,"c(11.195148, 58.752062)",1,2.1603734493255615,15.950000000000045,-1.7499999999999432,5.306,2.1603734493255615,15.950000000000045,-1.7499999999999432,5.306,Polypodium_vulgare,0.8812539577484131,11.247353553771973,10.36609959602356,0.12339448215101263,12.750000000000057,20.450000000000045,7.699999999999989,0.4155844155844147,-10.049999999999955,6.650000000000034,16.69999999999999,0.4970059880239531,1.272,7.604,6.332,0.6370814908401768,3.3092164883919812,2.5182542982959717,-0.45620612653924897,15.671100917431227,1.9817721864484352,0.14073216108085454,-0.4995412844036331,3.7242106758348203,-0.33576476317790666,3.6469541284403673,1.1191162385041709,1.4824607261325604
Polypodium vulgare,127079,51.8063055556,10.3224583333,311088315,311088315,"c(10.3224583333, 51.8063055556)",1,2.421539306640625,14.350000000000023,-4.0499999999999545,3.476,2.421539306640625,14.350000000000023,-4.0499999999999545,3.476,Polypodium_vulgare,0.8812539577484131,11.247353553771973,10.36609959602356,0.14858870828166323,12.750000000000057,20.450000000000045,7.699999999999989,0.20779220779220367,-10.049999999999955,6.650000000000034,16.69999999999999,0.3592814371257487,1.272,7.604,6.332,0.34807327858496523,3.3092164883919812,2.5182542982959717,-0.35249703826655676,15.671100917431227,1.9817721864484352,-0.6666260261724481,-0.4995412844036331,3.7242106758348203,-0.9533452923686841,3.6469541284403673,1.1191162385041709,-0.15275815197612302
Polypodium vulgare,127079,47.64135,-2.9569694444,312845402,312845402,"c(-2.9569694444, 47.64135)",1,1.3356976509094238,17.55000000000001,4.4500000000000455,4.184,1.3356976509094238,17.55000000000001,4.4500000000000455,4.184,Polypodium_vulgare,0.8812539577484131,11.247353553771973,10.36609959602356,0.043839410276873624,12.750000000000057,20.450000000000045,7.699999999999989,0.6233766233766184,-10.049999999999955,6.650000000000034,16.69999999999999,0.8682634730538928,1.272,7.604,6.332,0.459886291850916,3.3092164883919812,2.5182542982959717,-0.7836852850079435,15.671100917431227,1.9817721864484352,0.9480903483341284,-0.4995412844036331,3.7242106758348203,1.3290175329015692,3.6469541284403673,1.1191162385041709,0.4798839057839579
Polypodium vulgare,127079,47.6413,-2.9566055556,312846468,312846468,"c(-2.9566055556, 47.6413)",1,1.3356976509094238,17.55000000000001,4.4500000000000455,4.184,1.3356976509094238,17.55000000000001,4.4500000000000455,4.184,Polypodium_vulgare,0.8812539577484131,11.247353553771973,10.36609959602356,0.043839410276873624,12.750000000000057,20.450000000000045,7.699999999999989,0.6233766233766184,-10.049999999999955,6.650000000000034,16.69999999999999,0.8682634730538928,1.272,7.604,6.332,0.459886291850916,3.3092164883919812,2.5182542982959717,-0.7836852850079435,15.671100917431227,1.9817721864484352,0.9480903483341284,-0.4995412844036331,3.7242106758348203,1.3290175329015692,3.6469541284403673,1.1191162385041709,0.4798839057839579
Polypodium vulgare,127079,47.6413,-2.9565694444,312846627,312846627,"c(-2.9565694444, 47.6413)",1,1.3356976509094238,17.55000000000001,4.4500000000000455,4.184,1.3356976509094238,17.55000000000001,4.4500000000000455,4.184,Polypodium_vulgare,0.8812539577484131,11.247353553771973,10.36609959602356,0.043839410276873624,12.750000000000057,20.450000000000045,7.699999999999989,0.6233766233766184,-10.049999999999955,6.650000000000034,16.69999999999999,0.8682634730538928,1.272,7.604,6.332,0.459886291850916,3.3092164883919812,2.5182542982959717,-0.7836852850079435,15.671100917431227,1.9817721864484352,0.9480903483341284,-0.4995412844036331,3.7242106758348203,1.3290175329015692,3.6469541284403673,1.1191162385041709,0.4798839057839579
Polypodium vulgare,127079,47.6411222222,-2.9566222222,312847608,312847608,"c(-2.9566222222, 47.6411222222)",1,1.3356976509094238,17.55000000000001,4.4500000000000455,4.184,1.3356976509094238,17.55000000000001,4.4500000000000455,4.184,Polypodium_vulgare,0.8812539577484131,11.247353553771973,10.36609959602356,0.043839410276873624,12.750000000000057,20.450000000000045,7.699999999999989,0.6233766233766184,-10.049999999999955,6.650000000000034,16.69999999999999,0.8682634730538928,1.272,7.604,6.332,0.459886291850916,3.3092164883919812,2.5182542982959717,-0.7836852850079435,15.671100917431227,1.9817721864484352,0.9480903483341284,-0.4995412844036331,3.7242106758348203,1.3290175329015692,3.6469541284403673,1.1191162385041709,0.4798839057839579
Polypodium vulgare,127079,47.6411944444,-2.9569277778,312849217,312849217,"c(-2.9569277778, 47.6411944444)",1,1.3356976509094238,17.55000000000001,4.4500000000000455,4.184,1.3356976509094238,17.55000000000001,4.4500000000000455,4.184,Polypodium_vulgare,0.8812539577484131,11.247353553771973,10.36609959602356,0.043839410276873624,12.750000000000057,20.450000000000045,7.699999999999989,0.6233766233766184,-10.049999999999955,6.650000000000034,16.69999999999999,0.8682634730538928,1.272,7.604,6.332,0.459886291850916,3.3092164883919812,2.5182542982959717,-0.7836852850079435,15.671100917431227,1.9817721864484352,0.9480903483341284,-0.4995412844036331,3.7242106758348203,1.3290175329015692,3.6469541284403673,1.1191162385041709,0.4798839057839579
Polypodium vulgare,127079,47.6412861111,-2.9570611111,312849321,312849321,"c(-2.9570611111, 47.6412861111)",1,1.3356976509094238,17.55000000000001,4.4500000000000455,4.184,1.3356976509094238,17.55000000000001,4.4500000000000455,4.184,Polypodium_vulgare,0.8812539577484131,11.247353553771973,10.36609959602356,0.043839410276873624,12.750000000000057,20.450000000000045,7.699999999999989,0.6233766233766184,-10.049999999999955,6.650000000000034,16.69999999999999,0.8682634730538928,1.272,7.604,6.332,0.459886291850916,3.3092164883919812,2.5182542982959717,-0.7836852850079435,15.671100917431227,1.9817721864484352,0.9480903483341284,-0.4995412844036331,3.7242106758348203,1.3290175329015692,3.6469541284403673,1.1191162385041709,0.4798839057839579
Polypodium vulgare,127079,47.6412222222,-2.9572694444,312849540,312849540,"c(-2.9572694444, 47.6412222222)",1,1.3356976509094238,17.55000000000001,4.4500000000000455,4.184,1.3356976509094238,17.55000000000001,4.4500000000000455,4.184,Polypodium_vulgare,0.8812539577484131,11.247353553771973,10.36609959602356,0.043839410276873624,12.750000000000057,20.450000000000045,7.699999999999989,0.6233766233766184,-10.049999999999955,6.650000000000034,16.69999999999999,0.8682634730538928,1.272,7.604,6.332,0.459886291850916,3.3092164883919812,2.5182542982959717,-0.7836852850079435,15.671100917431227,1.9817721864484352,0.9480903483341284,-0.4995412844036331,3.7242106758348203,1.3290175329015692,3.6469541284403673,1.1191162385041709,0.4798839057839579
Polypodium vulgare,127079,47.0081166667,-2.2215361111,312914072,312914072,"c(-2.2215361111, 47.0081166667)",1,1.3215945959091187,18.150000000000034,5.350000000000023,4.78,1.3215945959091187,18.150000000000034,5.350000000000023,4.78,Polypodium_vulgare,0.8812539577484131,11.247353553771973,10.36609959602356,0.042478912543886846,12.750000000000057,20.450000000000045,7.699999999999989,0.7012987012986994,-10.049999999999955,6.650000000000034,16.69999999999999,0.9221556886227538,1.272,7.604,6.332,0.5540113708149084,3.3092164883919812,2.5182542982959717,-0.789285614970588,15.671100917431227,1.9817721864484352,1.2508496685541242,-0.4995412844036331,3.7242106758348203,1.5706794791066487,3.6469541284403673,1.1191162385041709,1.0124469939548735
Polypodium vulgare,127079,46.7184444444,-2.3562416667,312916874,312916874,"c(-2.3562416667, 46.7184444444)",1,1.799237847328186,18.150000000000034,6.650000000000034,4.417,1.799237847328186,18.150000000000034,6.650000000000034,4.417,Polypodium_vulgare,0.8812539577484131,11.247353553771973,10.36609959602356,0.08855634475400101,12.750000000000057,20.450000000000045,7.699999999999989,0.7012987012986994,-10.049999999999955,6.650000000000034,16.69999999999999,1,1.272,7.604,6.332,0.49668351231838276,3.3092164883919812,2.5182542982959717,-0.5996132487833151,15.671100917431227,1.9817721864484352,1.2508496685541242,-0.4995412844036331,3.7242106758348203,1.9197467347362198,3.6469541284403673,1.1191162385041709,0.6880839050185604
Polypodium vulgare,127079,46.5703277778,-1.8188861111,312928799,312928799,"c(-1.8188861111, 46.5703277778)",1,1.4123268127441406,18.55000000000001,5.4500000000000455,3.251,1.4123268127441406,18.55000000000001,5.4500000000000455,3.251,Polypodium_vulgare,0.8812539577484131,11.247353553771973,10.36609959602356,0.051231695207660105,12.750000000000057,20.450000000000045,7.699999999999989,0.7532467532467485,-10.049999999999955,6.650000000000034,16.69999999999999,0.928143712574851,1.272,7.604,6.332,0.31253948199620973,3.3092164883919812,2.5182542982959717,-0.7532558077758111,15.671100917431227,1.9817721864484352,1.4526892153674353,-0.4995412844036331,3.7242106758348203,1.5975308064627753,3.6469541284403673,1.1191162385041709,-0.35380965338292847
Polypodium vulgare,127079,46.1653666667,-1.1125611111,312932095,312932095,"c(-1.1125611111, 46.1653666667)",1,1.0459861755371094,19.450000000000045,3.9500000000000455,3.2520000000000002,1.0459861755371094,19.450000000000045,3.9500000000000455,3.2520000000000002,Polypodium_vulgare,0.8812539577484131,11.247353553771973,10.36609959602356,0.015891436915374386,12.750000000000057,20.450000000000045,7.699999999999989,0.87012987012987,-10.049999999999955,6.650000000000034,16.69999999999999,0.8383233532934138,1.272,7.604,6.332,0.31269740998104867,3.3092164883919812,2.5182542982959717,-0.8987298520194458,15.671100917431227,1.9817721864484352,1.906828195697429,-0.4995412844036331,3.7242106758348203,1.194760896120966,3.6469541284403673,1.1191162385041709,-0.35291609115445344
Polypodium vulgare,127079,52.7907833333,-3.8898444444,312956938,312956938,"c(-3.8898444444, 52.7907833333)",1,3.5189950466156006,14.750000000000057,1.650000000000034,3.009,3.5189950466156006,14.750000000000057,1.650000000000034,3.009,Polypodium_vulgare,0.8812539577484131,11.247353553771973,10.36609959602356,0.2544583972431662,12.750000000000057,20.450000000000045,7.699999999999989,0.2597402597402601,-10.049999999999955,6.650000000000034,16.69999999999999,0.7005988023952093,1.272,7.604,6.332,0.2743209096651927,3.3092164883919812,2.5182542982959717,0.08330316694607463,15.671100917431227,1.9817721864484352,-0.4647864793591081,-0.4995412844036331,3.7242106758348203,0.5771803669301885,3.6469541284403673,1.1191162385041709,-0.5700517126738035
Polypodium vulgare,127079,52.8015722222,-3.8982277778,313772907,313772907,"c(-3.8982277778, 52.8015722222)",1,3.5632002353668213,14.550000000000011,1.4500000000000455,3.107,3.5632002353668213,14.550000000000011,1.4500000000000455,3.107,Polypodium_vulgare,0.8812539577484131,11.247353553771973,10.36609959602356,0.258722796629043,12.750000000000057,20.450000000000045,7.699999999999989,0.2337662337662282,-10.049999999999955,6.650000000000034,16.69999999999999,0.6886227544910184,1.272,7.604,6.332,0.28979785217940623,3.3092164883919812,2.5182542982959717,0.10085706878241144,15.671100917431227,1.9817721864484352,-0.56570625276579245,-0.4995412844036331,3.7242106758348203,0.5234777122179504,3.6469541284403673,1.1191162385041709,-0.4824826142832836
Polypodium vulgare,127079,55.0304166667,-8.2703972222,314597313,314597313,"c(-8.2703972222, 55.0304166667)",1,5.067353248596191,13.950000000000045,4.750000000000057,5.477,5.067353248596191,13.950000000000045,4.750000000000057,5.477,Polypodium_vulgare,0.8812539577484131,11.247353553771973,10.36609959602356,0.403825879934008,12.750000000000057,20.450000000000045,7.699999999999989,0.1558441558441546,-10.049999999999955,6.650000000000034,16.69999999999999,0.886227544910181,1.272,7.604,6.332,0.6640871762476311,3.3092164883919812,2.5182542982959717,0.698156957934665,15.671100917431227,1.9817721864484352,-0.8684655729857594,-0.4995412844036331,3.7242106758348203,1.4095715149699342,3.6469541284403673,1.1191162385041709,1.6352598672017327
Polypodium vulgare,127079,55.0108611111,-8.0126361111,314987100,314987100,"c(-8.0126361111, 55.0108611111)",1,4.353539943695068,13.650000000000034,3.0500000000000114,5.377,4.353539943695068,13.650000000000034,3.0500000000000114,5.377,Polypodium_vulgare,0.8812539577484131,11.247353553771973,10.36609959602356,0.3349655242825012,12.750000000000057,20.450000000000045,7.699999999999989,0.1168831168831141,-10.049999999999955,6.650000000000034,16.69999999999999,0.7844311377245494,1.272,7.604,6.332,0.6482943777637397,3.3092164883919812,2.5182542982959717,0.4147013492679234,15.671100917431227,1.9817721864484352,-1.0198452330957573,-0.4995412844036331,3.7242106758348203,0.9530989499158712,3.6469541284403673,1.1191162385041709,1.545903644354263
Polypodium vulgare,127079,55.0155722222,-8.0011583333,314987889,314987889,"c(-8.0011583333, 55.0155722222)",1,4.428325653076172,13.350000000000023,2.750000000000057,7.604,4.428325653076172,13.350000000000023,2.750000000000057,7.604,Polypodium_vulgare,0.8812539577484131,11.247353553771973,10.36609959602356,0.3421799744899631,12.750000000000057,20.450000000000045,7.699999999999989,0.0779220779220736,-10.049999999999955,6.650000000000034,16.69999999999999,0.7664670658682646,1.272,7.604,6.332,1,3.3092164883919812,2.5182542982959717,0.4443987906389989,15.671100917431227,1.9817721864484352,-1.1712248932057552,-0.4995412844036331,3.7242106758348203,0.8725449678475216,3.6469541284403673,1.1191162385041709,3.535866727167399
Polypodium vulgare,127079,55.0156555556,-8.0011944444,315049665,315049665,"c(-8.0011944444, 55.0156555556)",1,4.428325653076172,13.350000000000023,2.750000000000057,7.604,4.428325653076172,13.350000000000023,2.750000000000057,7.604,Polypodium_vulgare,0.8812539577484131,11.247353553771973,10.36609959602356,0.3421799744899631,12.750000000000057,20.450000000000045,7.699999999999989,0.0779220779220736,-10.049999999999955,6.650000000000034,16.69999999999999,0.7664670658682646,1.272,7.604,6.332,1,3.3092164883919812,2.5182542982959717,0.4443987906389989,15.671100917431227,1.9817721864484352,-1.1712248932057552,-0.4995412844036331,3.7242106758348203,0.8725449678475216,3.6469541284403673,1.1191162385041709,3.535866727167399
Polypodium vulgare,127079,53.9953305556,-8.0651055556,316551195,316551195,"c(-8.0651055556, 53.9953305556)",1,2.306190252304077,14.650000000000034,2.4500000000000455,5.005,2.306190252304077,14.650000000000034,2.4500000000000455,5.005,Polypodium_vulgare,0.8812539577484131,11.247353553771973,10.36609959602356,0.13746118116618042,12.750000000000057,20.450000000000045,7.699999999999989,0.24675324675324417,-10.049999999999955,6.650000000000034,16.69999999999999,0.7485029940119765,1.272,7.604,6.332,0.5895451674036639,3.3092164883919812,2.5182542982959717,-0.3983022035410095,15.671100917431227,1.9817721864484352,-0.5152463660624502,-0.4995412844036331,3.7242106758348203,0.7919909857791566,3.6469541284403673,1.1191162385041709,1.2134984953616785
Polypodium vulgare,127079,53.9854611111,-8.2308888889,317191266,317191266,"c(-8.2308888889, 53.9854611111)",1,2.2559642791748047,14.550000000000011,2.4500000000000455,5.41,2.2559642791748047,14.550000000000011,2.4500000000000455,5.41,Polypodium_vulgare,0.8812539577484131,11.247353553771973,10.36609959602356,0.13261596694997327,12.750000000000057,20.450000000000045,7.699999999999989,0.2337662337662282,-10.049999999999955,6.650000000000034,16.69999999999999,0.7485029940119765,1.272,7.604,6.332,0.6535060012634238,3.3092164883919812,2.5182542982959717,-0.4182469617662844,15.671100917431227,1.9817721864484352,-0.56570625276579245,-0.4995412844036331,3.7242106758348203,0.7919909857791566,3.6469541284403673,1.1191162385041709,1.5753911978939283
Polypodium vulgare,127079,49.2758805556,-0.7028083333,317229733,317229733,"c(-0.7028083333, 49.2758805556)",1,1.3302589654922485,17.150000000000034,3.250000000000057,3.283,1.3302589654922485,17.150000000000034,3.250000000000057,3.283,Polypodium_vulgare,0.8812539577484131,11.247353553771973,10.36609959602356,0.04331474954341303,12.750000000000057,20.450000000000045,7.699999999999989,0.5714285714285693,-10.049999999999955,6.650000000000034,16.69999999999999,0.7964071856287437,1.272,7.604,6.332,0.317593177511055,3.3092164883919812,2.5182542982959717,-0.7858449896179408,15.671100917431227,1.9817721864484352,0.7462508015208171,-0.4995412844036331,3.7242106758348203,1.0068016046281247,3.6469541284403673,1.1191162385041709,-0.32521566207173835
Polypodium vulgare,127079,47.67384747,11.44264051,327348674,327348674,"c(11.44264051, 47.67384747)",1,2.4891364574432373,14.450000000000045,-8.649999999999977,1.272,2.4891364574432373,14.450000000000045,-8.649999999999977,1.272,Polypodium_vulgare,0.8812539577484131,11.247353553771973,10.36609959602356,0.15510969046753215,12.750000000000057,20.450000000000045,7.699999999999989,0.22077922077921963,-10.049999999999955,6.650000000000034,16.69999999999999,0.08383233532934001,1.272,7.604,6.332,0,3.3092164883919812,2.5182542982959717,-0.3256541769842974,15.671100917431227,1.9817721864484352,-0.6161661394691059,-0.4995412844036331,3.7242106758348203,-2.188506350750239,3.6469541284403673,1.1191162385041709,-2.1221693035343407
Polypodium vulgare,127079,53.3604134924,-1.5145995095,329343316,329343316,"c(-1.5145995095, 53.3604134924)",1,1.6028897762298584,14.850000000000023,0.6500000000000341,3.5020000000000002,1.6028897762298584,14.850000000000023,0.6500000000000341,3.5020000000000002,Polypodium_vulgare,0.8812539577484131,11.247353553771973,10.36609959602356,0.0696149802340569,12.750000000000057,20.450000000000045,7.699999999999989,0.2727272727272687,-10.049999999999955,6.650000000000034,16.69999999999999,0.6407185628742512,1.272,7.604,6.332,0.3521794061907771,3.3092164883919812,2.5182542982959717,-0.6775831627952521,15.671100917431227,1.9817721864484352,-0.41432659265579463,-0.4995412844036331,3.7242106758348203,0.3086670933689823,3.6469541284403673,1.1191162385041709,-0.12952553403578088
Polypodium vulgare,127079,47.2898120822,12.9751316099,33188039,33188039,"c(12.9751316099, 47.2898120822)",1,1.6128333806991577,15.950000000000045,-6.949999999999989,1.567,1.6128333806991577,15.950000000000045,-6.949999999999989,1.567,Polypodium_vulgare,0.8812539577484131,11.247353553771973,10.36609959602356,0.07057422284765417,12.750000000000057,20.450000000000045,7.699999999999989,0.4155844155844147,-10.049999999999955,6.650000000000034,16.69999999999999,0.18562874251496814,1.272,7.604,6.332,0.04658875552747946,3.3092164883919812,2.5182542982959717,-0.6736345526505071,15.671100917431227,1.9817721864484352,0.14073216108085454,-0.4995412844036331,3.7242106758348203,-1.7320337856961916,3.6469541284403673,1.1191162385041709,-1.8585684461343073
Polypodium vulgare,127079,50.6328287248,1.6028342495,336092784,336092784,"c(1.6028342495, 50.6328287248)",1,1.4362648725509644,16.55000000000001,2.3500000000000227,3.427,1.4362648725509644,16.55000000000001,2.3500000000000227,3.427,Polypodium_vulgare,0.8812539577484131,11.247353553771973,10.36609959602356,0.05354095912945441,12.750000000000057,20.450000000000045,7.699999999999989,0.49350649350648834,-10.049999999999955,6.650000000000034,16.69999999999999,0.7425149700598794,1.272,7.604,6.332,0.34033480732785854,3.3092164883919812,2.5182542982959717,-0.7437499926470444,15.671100917431227,1.9817721864484352,0.4434914813008215,-0.4995412844036331,3.7242106758348203,0.7651396584230299,3.6469541284403673,1.1191162385041709,-0.1965427011713828
Polypodium vulgare,127079,50.6331911,1.6063557,336094159,336094159,"c(1.6063557, 50.6331911)",1,1.4362648725509644,16.55000000000001,2.3500000000000227,3.427,1.4362648725509644,16.55000000000001,2.3500000000000227,3.427,Polypodium_vulgare,0.8812539577484131,11.247353553771973,10.36609959602356,0.05354095912945441,12.750000000000057,20.450000000000045,7.699999999999989,0.49350649350648834,-10.049999999999955,6.650000000000034,16.69999999999999,0.7425149700598794,1.272,7.604,6.332,0.34033480732785854,3.3092164883919812,2.5182542982959717,-0.7437499926470444,15.671100917431227,1.9817721864484352,0.4434914813008215,-0.4995412844036331,3.7242106758348203,0.7651396584230299,3.6469541284403673,1.1191162385041709,-0.1965427011713828
Polypodium vulgare,127079,57.70887,11.97456,34266810,34266810,"c(11.97456, 57.70887)",1,1.649915099143982,15.950000000000045,-3.1499999999999773,3.427,1.649915099143982,15.950000000000045,-3.1499999999999773,3.427,Polypodium_vulgare,0.8812539577484131,11.247353553771973,10.36609959602356,0.07415143316686129,12.750000000000057,20.450000000000045,7.699999999999989,0.4155844155844147,-10.049999999999955,6.650000000000034,16.69999999999999,0.4131736526946097,1.272,7.604,6.332,0.34033480732785854,3.3092164883919812,2.5182542982959717,-0.6589093843186526,15.671100917431227,1.9817721864484352,0.14073216108085454,-0.4995412844036331,3.7242106758348203,-0.7116833461636046,3.6469541284403673,1.1191162385041709,-0.1965427011713828
Polypodium vulgare,127079,60.4628277778,5.1640777778,352226154,352226154,"c(5.1640777778, 60.4628277778)",1,7.246788501739502,13.250000000000057,-0.44999999999998863,3.1710000000000003,7.246788501739502,13.250000000000057,-0.44999999999998863,3.1710000000000003,Polypodium_vulgare,0.8812539577484131,11.247353553771973,10.36609959602356,0.6140722925750116,12.750000000000057,20.450000000000045,7.699999999999989,0.06493506493506503,-10.049999999999955,6.650000000000034,16.69999999999999,0.5748502994011959,1.272,7.604,6.332,0.2999052432090967,3.3092164883919812,2.5182542982959717,1.5636117512087477,15.671100917431227,1.9817721864484352,-1.2216847799090687,-0.4995412844036331,3.7242106758348203,0.013302492451649309,3.6469541284403673,1.1191162385041709,-0.42529463166090337
Polypodium vulgare,127079,60.4642611111,5.1598722222,358231013,358231013,"c(5.1598722222, 60.4642611111)",1,7.246788501739502,13.250000000000057,-0.44999999999998863,3.1710000000000003,7.246788501739502,13.250000000000057,-0.44999999999998863,3.1710000000000003,Polypodium_vulgare,0.8812539577484131,11.247353553771973,10.36609959602356,0.6140722925750116,12.750000000000057,20.450000000000045,7.699999999999989,0.06493506493506503,-10.049999999999955,6.650000000000034,16.69999999999999,0.5748502994011959,1.272,7.604,6.332,0.2999052432090967,3.3092164883919812,2.5182542982959717,1.5636117512087477,15.671100917431227,1.9817721864484352,-1.2216847799090687,-0.4995412844036331,3.7242106758348203,0.013302492451649309,3.6469541284403673,1.1191162385041709,-0.42529463166090337
Polypodium vulgare,127079,60.4773138889,5.1727138889,358333683,358333683,"c(5.1727138889, 60.4773138889)",1,7.1080169677734375,13.550000000000011,-0.24999999999994316,2.228,7.1080169677734375,13.550000000000011,-0.24999999999994316,2.228,Polypodium_vulgare,0.8812539577484131,11.247353553771973,10.36609959602356,0.6006852386806715,12.750000000000057,20.450000000000045,7.699999999999989,0.10389610389609814,-10.049999999999955,6.650000000000034,16.69999999999999,0.5868263473053903,1.272,7.604,6.332,0.1509791535060013,3.3092164883919812,2.5182542982959717,1.508505507943337,15.671100917431227,1.9817721864484352,-1.0703051197990994,-0.4995412844036331,3.7242106758348203,0.06700514716390277,3.6469541284403673,1.1191162385041709,-1.2679238131125363
Polypodium vulgare,127079,60.5657333333,5.4984666667,358609100,358609100,"c(5.4984666667, 60.5657333333)",1,6.9478983879089355,14.150000000000034,-4.0499999999999545,3.543,6.9478983879089355,14.150000000000034,-4.0499999999999545,3.543,Polypodium_vulgare,0.8812539577484131,11.247353553771973,10.36609959602356,0.585238871570141,12.750000000000057,20.450000000000045,7.699999999999989,0.18181818181817913,-10.049999999999955,6.650000000000034,16.69999999999999,0.3592814371257487,1.272,7.604,6.332,0.35865445356917247,3.3092164883919812,2.5182542982959717,1.444922342425522,15.671100917431227,1.9817721864484352,-0.7675457995791037,-0.4995412844036331,3.7242106758348203,-0.9533452923686841,3.6469541284403673,1.1191162385041709,-0.09288948266831862
Polypodium vulgare,127079,60.5662166667,5.4963527778,358609368,358609368,"c(5.4963527778, 60.5662166667)",1,6.9478983879089355,14.150000000000034,-4.0499999999999545,3.543,6.9478983879089355,14.150000000000034,-4.0499999999999545,3.543,Polypodium_vulgare,0.8812539577484131,11.247353553771973,10.36609959602356,0.585238871570141,12.750000000000057,20.450000000000045,7.699999999999989,0.18181818181817913,-10.049999999999955,6.650000000000034,16.69999999999999,0.3592814371257487,1.272,7.604,6.332,0.35865445356917247,3.3092164883919812,2.5182542982959717,1.444922342425522,15.671100917431227,1.9817721864484352,-0.7675457995791037,-0.4995412844036331,3.7242106758348203,-0.9533452923686841,3.6469541284403673,1.1191162385041709,-0.09288948266831862
Polypodium vulgare,127079,60.5661444444,5.4963888889,358610683,358610683,"c(5.4963888889, 60.5661444444)",1,6.9478983879089355,14.150000000000034,-4.0499999999999545,3.543,6.9478983879089355,14.150000000000034,-4.0499999999999545,3.543,Polypodium_vulgare,0.8812539577484131,11.247353553771973,10.36609959602356,0.585238871570141,12.750000000000057,20.450000000000045,7.699999999999989,0.18181818181817913,-10.049999999999955,6.650000000000034,16.69999999999999,0.3592814371257487,1.272,7.604,6.332,0.35865445356917247,3.3092164883919812,2.5182542982959717,1.444922342425522,15.671100917431227,1.9817721864484352,-0.7675457995791037,-0.4995412844036331,3.7242106758348203,-0.9533452923686841,3.6469541284403673,1.1191162385041709,-0.09288948266831862
Polypodium vulgare,127079,60.5660916667,5.4940027778,358612304,358612304,"c(5.4940027778, 60.5660916667)",1,6.9478983879089355,14.150000000000034,-4.0499999999999545,3.543,6.9478983879089355,14.150000000000034,-4.0499999999999545,3.543,Polypodium_vulgare,0.8812539577484131,11.247353553771973,10.36609959602356,0.585238871570141,12.750000000000057,20.450000000000045,7.699999999999989,0.18181818181817913,-10.049999999999955,6.650000000000034,16.69999999999999,0.3592814371257487,1.272,7.604,6.332,0.35865445356917247,3.3092164883919812,2.5182542982959717,1.444922342425522,15.671100917431227,1.9817721864484352,-0.7675457995791037,-0.4995412844036331,3.7242106758348203,-0.9533452923686841,3.6469541284403673,1.1191162385041709,-0.09288948266831862
Polypodium vulgare,127079,60.5660916667,5.4940027778,358612615,358612615,"c(5.4940027778, 60.5660916667)",1,6.9478983879089355,14.150000000000034,-4.0499999999999545,3.543,6.9478983879089355,14.150000000000034,-4.0499999999999545,3.543,Polypodium_vulgare,0.8812539577484131,11.247353553771973,10.36609959602356,0.585238871570141,12.750000000000057,20.450000000000045,7.699999999999989,0.18181818181817913,-10.049999999999955,6.650000000000034,16.69999999999999,0.3592814371257487,1.272,7.604,6.332,0.35865445356917247,3.3092164883919812,2.5182542982959717,1.444922342425522,15.671100917431227,1.9817721864484352,-0.7675457995791037,-0.4995412844036331,3.7242106758348203,-0.9533452923686841,3.6469541284403673,1.1191162385041709,-0.09288948266831862
Polypodium vulgare,127079,60.3953722222,5.3272888889,358612930,358612930,"c(5.3272888889, 60.3953722222)",1,5.688604831695557,14.250000000000057,-2.249999999999943,2.7560000000000002,5.688604831695557,14.250000000000057,-2.249999999999943,2.7560000000000002,Polypodium_vulgare,0.8812539577484131,11.247353553771973,10.36609959602356,0.4637569636887577,12.750000000000057,20.450000000000045,7.699999999999989,0.1948051948051951,-10.049999999999955,6.650000000000034,16.69999999999999,0.46706586826347407,1.272,7.604,6.332,0.2343651295009476,3.3092164883919812,2.5182542982959717,0.9448562620993588,15.671100917431227,1.9817721864484352,-0.7170859128757616,-0.4995412844036331,3.7242106758348203,-0.4700213999585098,3.6469541284403673,1.1191162385041709,-0.7961229564778999
Polypodium vulgare,127079,60.39125,5.3275972222,358613745,358613745,"c(5.3275972222, 60.39125)",1,5.635483264923096,14.450000000000045,-2.1499999999999773,2.773,5.635483264923096,14.450000000000045,-2.1499999999999773,2.773,Polypodium_vulgare,0.8812539577484131,11.247353553771973,10.36609959602356,0.4586324164778821,12.750000000000057,20.450000000000045,7.699999999999989,0.22077922077921963,-10.049999999999955,6.650000000000034,16.69999999999999,0.4730538922155678,1.272,7.604,6.332,0.23704990524320912,3.3092164883919812,2.5182542982959717,0.923761662237698,15.671100917431227,1.9817721864484352,-0.6161661394691059,-0.4995412844036331,3.7242106758348203,-0.4431700726023983,3.6469541284403673,1.1191162385041709,-0.7809323985938302
Polypodium vulgare,127079,60.3909666667,5.3294138889,358614437,358614437,"c(5.3294138889, 60.3909666667)",1,5.635483264923096,14.450000000000045,-2.1499999999999773,2.773,5.635483264923096,14.450000000000045,-2.1499999999999773,2.773,Polypodium_vulgare,0.8812539577484131,11.247353553771973,10.36609959602356,0.4586324164778821,12.750000000000057,20.450000000000045,7.699999999999989,0.22077922077921963,-10.049999999999955,6.650000000000034,16.69999999999999,0.4730538922155678,1.272,7.604,6.332,0.23704990524320912,3.3092164883919812,2.5182542982959717,0.923761662237698,15.671100917431227,1.9817721864484352,-0.6161661394691059,-0.4995412844036331,3.7242106758348203,-0.4431700726023983,3.6469541284403673,1.1191162385041709,-0.7809323985938302
Polypodium vulgare,127079,48.3675549,-3.7445517,40628999,40628999,"c(-3.7445517, 48.3675549)",1,1.9053915739059448,15.850000000000023,2.750000000000057,3.737,1.9053915739059448,15.850000000000023,2.750000000000057,3.737,Polypodium_vulgare,0.8812539577484131,11.247353553771973,10.36609959602356,0.09879681423767059,12.750000000000057,20.450000000000045,7.699999999999989,0.4025974025973988,-10.049999999999955,6.650000000000034,16.69999999999999,0.7664670658682646,1.272,7.604,6.332,0.38929248262792165,3.3092164883919812,2.5182542982959717,-0.5574595526099025,15.671100917431227,1.9817721864484352,0.09027227437751235,-0.4995412844036331,3.7242106758348203,0.8725449678475216,3.6469541284403673,1.1191162385041709,0.08046158965577126
Polypodium vulgare,127079,45.6291507682,5.1249738783,46582679,46582679,"c(5.1249738783, 45.6291507682)",1,1.0389491319656372,20.250000000000057,-0.9499999999999886,3.805,1.0389491319656372,20.250000000000057,-0.9499999999999886,3.805,Polypodium_vulgare,0.8812539577484131,11.247353553771973,10.36609959602356,0.015212585288850212,12.750000000000057,20.450000000000045,7.699999999999989,0.9740259740259755,-10.049999999999955,6.650000000000034,16.69999999999999,0.5449101796407169,1.272,7.604,6.332,0.40003158559696783,3.3092164883919812,2.5182542982959717,-0.9015242654256828,15.671100917431227,1.9817721864484352,2.31050728932408,-0.4995412844036331,3.7242106758348203,-0.12095414432895382,3.6469541284403673,1.1191162385041709,0.14122382119205026
Polypodium vulgare,127079,49.271597,19.869291,48421756,48421756,"c(19.869291, 49.271597)",1,2.188568353652954,13.750000000000057,-9.549999999999955,2.4170000000000003,2.188568353652954,13.750000000000057,-9.549999999999955,2.4170000000000003,Polypodium_vulgare,0.8812539577484131,11.247353553771973,10.36609959602356,0.12611439662474663,12.750000000000057,20.450000000000045,7.699999999999989,0.12987012987013005,-10.049999999999955,6.650000000000034,16.69999999999999,0.029940119760479063,1.272,7.604,6.332,0.18082754264055595,3.3092164883919812,2.5182542982959717,-0.44500991639221527,15.671100917431227,1.9817721864484352,-0.969385346392415,-0.4995412844036331,3.7242106758348203,-2.430168296955318,3.6469541284403673,1.1191162385041709,-1.09904055193082
Polypodium vulgare,127079,49.30975533,22.18974554,52942167,52942167,"c(22.18974554, 49.30975533)",1,1.7866060733795166,14.350000000000023,-7.349999999999966,3.681,1.7866060733795166,14.350000000000023,-7.349999999999966,3.681,Polypodium_vulgare,0.8812539577484131,11.247353553771973,10.36609959602356,0.08733777900208455,12.750000000000057,20.450000000000045,7.699999999999989,0.20779220779220367,-10.049999999999955,6.650000000000034,16.69999999999999,0.16167664670658627,1.272,7.604,6.332,0.3804485154769425,3.3092164883919812,2.5182542982959717,-0.6046293323286572,15.671100917431227,1.9817721864484352,-0.6666260261724481,-0.4995412844036331,3.7242106758348203,-1.8394390951206678,3.6469541284403673,1.1191162385041709,0.030422104861188556
Polypodium vulgare,127079,55.5952383333,-5.4694133333,66778618,66778618,"c(-5.4694133333, 55.5952383333)",1,5.501572608947754,13.350000000000023,4.9500000000000455,4.259,5.501572608947754,13.350000000000023,4.9500000000000455,4.259,Polypodium_vulgare,0.8812539577484131,11.247353553771973,10.36609959602356,0.4457142832171608,12.750000000000057,20.450000000000045,7.699999999999989,0.0779220779220736,-10.049999999999955,6.650000000000034,16.69999999999999,0.8982035928143719,1.272,7.604,6.332,0.4717308907138345,3.3092164883919812,2.5182542982959717,0.8705856759737391,15.671100917431227,1.9817721864484352,-1.1712248932057552,-0.4995412844036331,3.7242106758348203,1.4632741696821723,3.6469541284403673,1.1191162385041709,0.5469010729195598
Polypodium vulgare,127079,49.5726161997,20.0819848,66824329,66824329,"c(20.0819848, 49.5726161997)",1,1.8573576211929321,14.950000000000045,-7.649999999999977,2.269,1.8573576211929321,14.950000000000045,-7.649999999999977,2.269,Polypodium_vulgare,0.8812539577484131,11.247353553771973,10.36609959602356,0.09416306050338864,12.750000000000057,20.450000000000045,7.699999999999989,0.28571428571428464,-10.049999999999955,6.650000000000034,16.69999999999999,0.14371257485029815,1.272,7.604,6.332,0.15745420088439674,3.3092164883919812,2.5182542982959717,-0.576533858467542,15.671100917431227,1.9817721864484352,-0.36386670595245246,-0.4995412844036331,3.7242106758348203,-1.9199930771890328,3.6469541284403673,1.1191162385041709,-1.2312877617450741
Polypodium vulgare,127079,49.4428277778,8.7506777778,74355246,74355246,"c(8.7506777778, 49.4428277778)",1,1.5567017793655396,17.650000000000034,-2.1499999999999773,2.444,1.5567017793655396,17.650000000000034,-2.1499999999999773,2.444,Polypodium_vulgare,0.8812539577484131,11.247353553771973,10.36609959602356,0.06515930272136576,12.750000000000057,20.450000000000045,7.699999999999989,0.6363636363636344,-10.049999999999955,6.650000000000034,16.69999999999999,0.4730538922155678,1.272,7.604,6.332,0.18509159823120655,3.3092164883919812,2.5182542982959717,-0.6959244386924373,15.671100917431227,1.9817721864484352,0.9985502350374706,-0.4995412844036331,3.7242106758348203,-0.4431700726023983,3.6469541284403673,1.1191162385041709,-1.0749143717620036
Polypodium vulgare,127079,43.2116783333,-2.9705166667,98688176,98688176,"c(-2.9705166667, 43.2116783333)",1,1.8885407447814941,17.650000000000034,3.650000000000034,2.523,1.8885407447814941,17.650000000000034,3.650000000000034,2.523,Polypodium_vulgare,0.8812539577484131,11.247353553771973,10.36609959602356,0.09717124340764358,12.750000000000057,20.450000000000045,7.699999999999989,0.6363636363636344,-10.049999999999955,6.650000000000034,16.69999999999999,0.8203592814371257,1.272,7.604,6.332,0.19756790903348076,3.3092164883919812,2.5182542982959717,-0.5641510250064167,15.671100917431227,1.9817721864484352,0.9985502350374706,-0.4995412844036331,3.7242106758348203,1.114206914052601,3.6469541284403673,1.1191162385041709,-1.0043229557125029
Sambucus nigra,765394,-43.528839,172.594606,1042099,1042099,"c(172.594606, -43.528839)",1,0.7728134393692017,16.55000000000001,2.5500000000000114,2.4170000000000003,0.7728134393692017,16.55000000000001,2.5500000000000114,2.4170000000000003,Sambucus_nigra,0.7540488243103027,3.5494046211242676,2.795355796813965,0.006712782351458117,12.750000000000057,20.950000000000045,8.199999999999989,0.46341463414633655,-9.449999999999989,7.250000000000057,16.700000000000045,0.718562874251495,1.054,7.063,6.0089999999999995,0.22682642702612754,1.4425532426990446,0.43190954905472156,-1.5506482891976743,16.689890710382553,1.058349320731795,-0.13217820207586486,-0.24344262295078586,2.9055007806787687,0.9614324117642148,3.9750928961748633,1.0121387631833243,-1.5394064063651047
Sambucus nigra,765394,53.1574046749,8.1559923037,133186417,133186417,"c(8.1559923037, 53.1574046749)",1,1.292100429534912,16.750000000000057,-0.3499999999999659,4.909,1.292100429534912,16.750000000000057,-0.3499999999999659,4.909,Sambucus_nigra,0.7540488243103027,3.5494046211242676,2.795355796813965,0.192480544279143,12.750000000000057,20.950000000000045,8.199999999999989,0.48780487804878114,-9.449999999999989,7.250000000000057,16.700000000000045,0.5449101796407184,1.054,7.063,6.0089999999999995,0.6415376934598103,1.4425532426990446,0.43190954905472156,-0.348343335991098,16.689890710382553,1.058349320731795,0.056795321204478506,-0.24344262295078586,2.9055007806787687,-0.03667435842997317,3.9750928961748633,1.0121387631833243,0.9227065870769164
Sambucus nigra,765394,51.3041215199,8.5069383405,133647121,133647121,"c(8.5069383405, 51.3041215199)",1,1.6475495100021362,15.450000000000045,-2.9499999999999886,3.616,1.6475495100021362,15.450000000000045,-2.9499999999999886,3.616,Sambucus_nigra,0.7540488243103027,3.5494046211242676,2.795355796813965,0.3196375526543741,12.750000000000057,20.950000000000045,8.199999999999989,0.3292682926829259,-9.449999999999989,7.250000000000057,16.700000000000045,0.3892215568862265,1.054,7.063,6.0089999999999995,0.42636045931103356,1.4425532426990446,0.43190954905472156,0.4746277727634108,16.689890710382553,1.058349320731795,-1.171532580117485,-0.24344262295078586,2.9055007806787687,-0.9315287041213288,3.9750928961748633,1.0121387631833243,-0.3547862301464115
Sambucus nigra,765394,-43.6455010997,172.7601641997,141672226,141672226,"c(172.7601641997, -43.6455010997)",1,1.1009050607681274,15.650000000000034,3.150000000000034,2.605,1.1009050607681274,15.650000000000034,3.150000000000034,2.605,Sambucus_nigra,0.7540488243103027,3.5494046211242676,2.795355796813965,0.12408303689038713,12.750000000000057,20.950000000000045,8.199999999999989,0.35365853658536356,-9.449999999999989,7.250000000000057,16.700000000000045,0.7544910179640711,1.054,7.063,6.0089999999999995,0.2581128307538692,1.4425532426990446,0.43190954905472156,-0.7910178940906709,16.689890710382553,1.058349320731795,-0.9825590568371952,-0.24344262295078586,2.9055007806787687,1.1679372607699183,3.9750928961748633,1.0121387631833243,-1.3536611243558354
Sambucus nigra,765394,45.7834487632,10.6144655928,143570690,143570690,"c(10.6144655928, 45.7834487632)",1,2.0887269973754883,16.05000000000001,-6.349999999999966,2.325,2.0887269973754883,16.05000000000001,-6.349999999999966,2.325,Sambucus_nigra,0.7540488243103027,3.5494046211242676,2.795355796813965,0.47746271676270996,12.750000000000057,20.950000000000045,8.199999999999989,0.40243902439023893,-9.449999999999989,7.250000000000057,16.700000000000045,0.1856287425149709,1.054,7.063,6.0089999999999995,0.21151605924446668,1.4425532426990446,0.43190954905472156,1.4960858265131238,16.689890710382553,1.058349320731795,-0.6046120102766158,-0.24344262295078586,2.9055007806787687,-2.1017228484869297,3.9750928961748633,1.0121387631833243,-1.630303033731343
Sambucus nigra,765394,51.7945076485,10.336077506,146817333,146817333,"c(10.336077506, 51.7945076485)",1,2.4911746978759766,14.050000000000011,-4.249999999999943,4.547,2.4911746978759766,14.050000000000011,-4.249999999999943,4.547,Sambucus_nigra,0.7540488243103027,3.5494046211242676,2.795355796813965,0.6214328335396806,12.750000000000057,20.950000000000045,8.199999999999989,0.15853658536584833,-9.449999999999989,7.250000000000057,16.700000000000045,0.31137724550898394,1.054,7.063,6.0089999999999995,0.5812947245797969,1.4425532426990446,0.43190954905472156,2.427872820760615,16.689890710382553,1.058349320731795,-2.49434724307962,-0.24344262295078586,2.9055007806787687,-1.3789558769669872,3.9750928961748633,1.0121387631833243,0.5650481185271524
Sambucus nigra,765394,50.089938108,8.6279862884,146836147,146836147,"c(8.6279862884, 50.089938108)",1,0.9402034878730774,18.950000000000045,-1.2499999999999432,2.31,0.9402034878730774,18.950000000000045,-1.2499999999999432,2.31,Sambucus_nigra,0.7540488243103027,3.5494046211242676,2.795355796813965,0.06659426459234503,12.750000000000057,20.950000000000045,8.199999999999989,0.7560975609756094,-9.449999999999989,7.250000000000057,16.700000000000045,0.49101796407185766,1.054,7.063,6.0089999999999995,0.20901980362789152,1.4425532426990446,0.43190954905472156,-1.1630901792410269,16.689890710382553,1.058349320731795,2.1355040772877723,-0.24344262295078586,2.9055007806787687,-0.34643163193850884,3.9750928961748633,1.0121387631833243,-1.645123136019317
Sambucus nigra,765394,51.807466514,10.3422811255,149924000,149924000,"c(10.3422811255, 51.807466514)",1,2.427168607711792,14.250000000000057,-4.149999999999977,3.7030000000000003,2.427168607711792,14.250000000000057,-4.149999999999977,3.7030000000000003,Sambucus_nigra,0.7540488243103027,3.5494046211242676,2.795355796813965,0.5985355371607595,12.750000000000057,20.950000000000045,8.199999999999989,0.18292682926829293,-9.449999999999989,7.250000000000057,16.700000000000045,0.3173652694610777,1.054,7.063,6.0089999999999995,0.4408387418871693,1.4425532426990446,0.43190954905472156,2.2796795467191666,16.689890710382553,1.058349320731795,-2.3053737197992765,-0.24344262295078586,2.9055007806787687,-1.3445384021327162,3.9750928961748633,1.0121387631833243,-0.2688296368761642
Sambucus nigra,765394,50.0312461086,8.1374636039,151431703,151431703,"c(8.1374636039, 50.0312461086)",1,0.8044911026954651,18.950000000000045,-1.349999999999966,3.192,0.8044911026954651,18.950000000000045,-1.349999999999966,3.192,Sambucus_nigra,0.7540488243103027,3.5494046211242676,2.795355796813965,0.018045029703429687,12.750000000000057,20.950000000000045,8.199999999999989,0.7560975609756094,-9.449999999999989,7.250000000000057,16.700000000000045,0.4850299401197605,1.054,7.063,6.0089999999999995,0.35579963388250957,1.4425532426990446,0.43190954905472156,-1.4773050084214254,16.689890710382553,1.058349320731795,2.1355040772877723,-0.24344262295078586,2.9055007806787687,-0.3808491067727993,3.9750928961748633,1.0121387631833243,-0.7737011214864664
Sambucus nigra,765394,49.5439539677,8.6694352452,155640939,155640939,"c(8.6694352452, 49.5439539677)",1,1.3687150478363037,18.950000000000045,-1.5499999999999545,2.485,1.3687150478363037,18.950000000000045,-1.5499999999999545,2.485,Sambucus_nigra,0.7540488243103027,3.5494046211242676,2.795355796813965,0.21988836778007761,12.750000000000057,20.950000000000045,8.199999999999989,0.7560975609756094,-9.449999999999989,7.250000000000057,16.700000000000045,0.4730538922155696,1.054,7.063,6.0089999999999995,0.23814278582126808,1.4425532426990446,0.43190954905472156,-0.170957541976887,16.689890710382553,1.058349320731795,2.1355040772877723,-0.24344262295078586,2.9055007806787687,-0.4496840564413606,3.9750928961748633,1.0121387631833243,-1.4722219426596246
Sambucus nigra,765394,53.143351,8.023576,156050069,156050069,"c(8.023576, 53.143351)",1,1.304643154144287,16.750000000000057,-0.3499999999999659,4.817,1.304643154144287,16.750000000000057,-0.3499999999999659,4.817,Sambucus_nigra,0.7540488243103027,3.5494046211242676,2.795355796813965,0.19696753109623105,12.750000000000057,20.950000000000045,8.199999999999989,0.48780487804878114,-9.449999999999989,7.250000000000057,16.700000000000045,0.5449101796407184,1.054,7.063,6.0089999999999995,0.6262273256781495,1.4425532426990446,0.43190954905472156,-0.3193031708990642,16.689890710382553,1.058349320731795,0.056795321204478506,-0.24344262295078586,2.9055007806787687,-0.03667435842997317,3.9750928961748633,1.0121387631833243,0.8318099597106784
Sambucus nigra,765394,53.1822119722,8.267436,158171057,158171057,"c(8.267436, 53.1822119722)",1,1.3064994812011719,16.750000000000057,-0.3499999999999659,5.222,1.3064994812011719,16.750000000000057,-0.3499999999999659,5.222,Sambucus_nigra,0.7540488243103027,3.5494046211242676,2.795355796813965,0.19763160650981546,12.750000000000057,20.950000000000045,8.199999999999989,0.48780487804878114,-9.449999999999989,7.250000000000057,16.700000000000045,0.5449101796407184,1.054,7.063,6.0089999999999995,0.6936262273256782,1.4425532426990446,0.43190954905472156,-0.31500521763327616,16.689890710382553,1.058349320731795,0.056795321204478506,-0.24344262295078586,2.9055007806787687,-0.03667435842997317,3.9750928961748633,1.0121387631833243,1.2319527214859671
Sambucus nigra,765394,53.183945,8.264957,158174445,158174445,"c(8.264957, 53.183945)",1,1.316043734550476,16.750000000000057,-0.3499999999999659,4.724,1.316043734550476,16.750000000000057,-0.3499999999999659,4.724,Sambucus_nigra,0.7540488243103027,3.5494046211242676,2.795355796813965,0.2010459315700394,12.750000000000057,20.950000000000045,8.199999999999989,0.48780487804878114,-9.449999999999989,7.250000000000057,16.700000000000045,0.5449101796407184,1.054,7.063,6.0089999999999995,0.6107505408553836,1.4425532426990446,0.43190954905472156,-0.29290741180751295,16.689890710382553,1.058349320731795,0.056795321204478506,-0.24344262295078586,2.9055007806787687,-0.03667435842997317,3.9750928961748633,1.0121387631833243,0.7399253255252418
Sambucus nigra,765394,53.183934,8.264958,158179512,158179512,"c(8.264958, 53.183934)",1,1.316043734550476,16.750000000000057,-0.3499999999999659,4.724,1.316043734550476,16.750000000000057,-0.3499999999999659,4.724,Sambucus_nigra,0.7540488243103027,3.5494046211242676,2.795355796813965,0.2010459315700394,12.750000000000057,20.950000000000045,8.199999999999989,0.48780487804878114,-9.449999999999989,7.250000000000057,16.700000000000045,0.5449101796407184,1.054,7.063,6.0089999999999995,0.6107505408553836,1.4425532426990446,0.43190954905472156,-0.29290741180751295,16.689890710382553,1.058349320731795,0.056795321204478506,-0.24344262295078586,2.9055007806787687,-0.03667435842997317,3.9750928961748633,1.0121387631833243,0.7399253255252418
Sambucus nigra,765394,53.149814,8.168306,160539597,160539597,"c(8.168306, 53.149814)",1,1.2845691442489624,16.750000000000057,-0.3499999999999659,3.45,1.2845691442489624,16.750000000000057,-0.3499999999999659,3.45,Sambucus_nigra,0.7540488243103027,3.5494046211242676,2.795355796813965,0.1897863307931411,12.750000000000057,20.950000000000045,8.199999999999989,0.48780487804878114,-9.449999999999989,7.250000000000057,16.700000000000045,0.5449101796407184,1.054,7.063,6.0089999999999995,0.39873523048760195,1.4425532426990446,0.43190954905472156,-0.3657805176936853,16.689890710382553,1.058349320731795,0.056795321204478506,-0.24344262295078586,2.9055007806787687,-0.03667435842997317,3.9750928961748633,1.0121387631833243,-0.5187953621333198
Sambucus nigra,765394,53.0942849722,8.482744,161633777,161633777,"c(8.482744, 53.0942849722)",1,1.2271087169647217,16.850000000000023,-0.3499999999999659,4.494,1.2271087169647217,16.850000000000023,-0.3499999999999659,4.494,Sambucus_nigra,0.7540488243103027,3.5494046211242676,2.795355796813965,0.16923065507209986,12.750000000000057,20.950000000000045,8.199999999999989,0.49999999999999656,-9.449999999999989,7.250000000000057,16.700000000000045,0.5449101796407184,1.054,7.063,6.0089999999999995,0.5724746214012315,1.4425532426990446,0.43190954905472156,-0.49881862118085935,16.689890710382553,1.058349320731795,0.1512820828445965,-0.24344262295078586,2.9055007806787687,-0.03667435842997317,3.9750928961748633,1.0121387631833243,0.5126837571096455
Sambucus nigra,765394,49.751522,11.441938,162601326,162601326,"c(11.441938, 49.751522)",1,1.2327474355697632,16.750000000000057,-3.4499999999999886,4.197,1.2327474355697632,16.750000000000057,-3.4499999999999886,4.197,Sambucus_nigra,0.7540488243103027,3.5494046211242676,2.795355796813965,0.1712478289186164,12.750000000000057,20.950000000000045,8.199999999999989,0.48780487804878114,-9.449999999999989,7.250000000000057,16.700000000000045,0.3592814371257475,1.054,7.063,6.0089999999999995,0.5230487601930438,1.4425532426990446,0.43190954905472156,-0.4857632983305486,16.689890710382553,1.058349320731795,0.056795321204478506,-0.24344262295078586,2.9055007806787687,-1.1036160782927418,3.9750928961748633,1.0121387631833243,0.21924573180776766
Sambucus nigra,765394,49.767209,11.409285,162602074,162602074,"c(11.409285, 49.767209)",1,1.181883692741394,17.250000000000057,-3.249999999999943,3.465,1.181883692741394,17.250000000000057,-3.249999999999943,3.465,Sambucus_nigra,0.7540488243103027,3.5494046211242676,2.795355796813965,0.1530520261208682,12.750000000000057,20.950000000000045,8.199999999999989,0.5487804878048788,-9.449999999999989,7.250000000000057,16.700000000000045,0.3712574850299418,1.054,7.063,6.0089999999999995,0.401231486104177,1.4425532426990446,0.43190954905472156,-0.6035281010298399,16.689890710382553,1.058349320731795,0.5292291294052295,-0.24344262295078586,2.9055007806787687,-1.034781128624161,3.9750928961748633,1.0121387631833243,-0.5039752598453464
Sambucus nigra,765394,49.7659719722,11.4099099722,163173301,163173301,"c(11.4099099722, 49.7659719722)",1,1.1915253400802612,17.150000000000034,-3.249999999999943,3.6910000000000003,1.1915253400802612,17.150000000000034,-3.249999999999943,3.6910000000000003,Sambucus_nigra,0.7540488243103027,3.5494046211242676,2.795355796813965,0.15650119253820097,12.750000000000057,20.950000000000045,8.199999999999989,0.5365853658536565,-9.449999999999989,7.250000000000057,16.700000000000045,0.3712574850299418,1.054,7.063,6.0089999999999995,0.43884173739390925,1.4425532426990446,0.43190954905472156,-0.5812047989403887,16.689890710382553,1.058349320731795,0.4347423677650578,-0.24344262295078586,2.9055007806787687,-1.034781128624161,3.9750928961748633,1.0121387631833243,-0.2806857187065431
Sambucus nigra,765394,49.765996,11.409734,163173929,163173929,"c(11.409734, 49.765996)",1,1.1915253400802612,17.150000000000034,-3.249999999999943,3.6910000000000003,1.1915253400802612,17.150000000000034,-3.249999999999943,3.6910000000000003,Sambucus_nigra,0.7540488243103027,3.5494046211242676,2.795355796813965,0.15650119253820097,12.750000000000057,20.950000000000045,8.199999999999989,0.5365853658536565,-9.449999999999989,7.250000000000057,16.700000000000045,0.3712574850299418,1.054,7.063,6.0089999999999995,0.43884173739390925,1.4425532426990446,0.43190954905472156,-0.5812047989403887,16.689890710382553,1.058349320731795,0.4347423677650578,-0.24344262295078586,2.9055007806787687,-1.034781128624161,3.9750928961748633,1.0121387631833243,-0.2806857187065431
Sambucus nigra,765394,49.769311,11.4114,163250805,163250805,"c(11.4114, 49.769311)",1,1.181883692741394,17.250000000000057,-3.249999999999943,3.465,1.181883692741394,17.250000000000057,-3.249999999999943,3.465,Sambucus_nigra,0.7540488243103027,3.5494046211242676,2.795355796813965,0.1530520261208682,12.750000000000057,20.950000000000045,8.199999999999989,0.5487804878048788,-9.449999999999989,7.250000000000057,16.700000000000045,0.3712574850299418,1.054,7.063,6.0089999999999995,0.401231486104177,1.4425532426990446,0.43190954905472156,-0.6035281010298399,16.689890710382553,1.058349320731795,0.5292291294052295,-0.24344262295078586,2.9055007806787687,-1.034781128624161,3.9750928961748633,1.0121387631833243,-0.5039752598453464
Sambucus nigra,765394,49.7679019722,11.4108459722,163252398,163252398,"c(11.4108459722, 49.7679019722)",1,1.181883692741394,17.250000000000057,-3.249999999999943,3.465,1.181883692741394,17.250000000000057,-3.249999999999943,3.465,Sambucus_nigra,0.7540488243103027,3.5494046211242676,2.795355796813965,0.1530520261208682,12.750000000000057,20.950000000000045,8.199999999999989,0.5487804878048788,-9.449999999999989,7.250000000000057,16.700000000000045,0.3712574850299418,1.054,7.063,6.0089999999999995,0.401231486104177,1.4425532426990446,0.43190954905472156,-0.6035281010298399,16.689890710382553,1.058349320731795,0.5292291294052295,-0.24344262295078586,2.9055007806787687,-1.034781128624161,3.9750928961748633,1.0121387631833243,-0.5039752598453464
Sambucus nigra,765394,49.7675139722,11.413982,163252582,163252582,"c(11.413982, 49.7675139722)",1,1.181883692741394,17.250000000000057,-3.249999999999943,3.465,1.181883692741394,17.250000000000057,-3.249999999999943,3.465,Sambucus_nigra,0.7540488243103027,3.5494046211242676,2.795355796813965,0.1530520261208682,12.750000000000057,20.950000000000045,8.199999999999989,0.5487804878048788,-9.449999999999989,7.250000000000057,16.700000000000045,0.3712574850299418,1.054,7.063,6.0089999999999995,0.401231486104177,1.4425532426990446,0.43190954905472156,-0.6035281010298399,16.689890710382553,1.058349320731795,0.5292291294052295,-0.24344262295078586,2.9055007806787687,-1.034781128624161,3.9750928961748633,1.0121387631833243,-0.5039752598453464
Sambucus nigra,765394,49.765726,11.4179189722,163344791,163344791,"c(11.4179189722, 49.765726)",1,1.213835597038269,16.850000000000023,-3.4499999999999886,4.226,1.213835597038269,16.850000000000023,-3.4499999999999886,4.226,Sambucus_nigra,0.7540488243103027,3.5494046211242676,2.795355796813965,0.16448237939943564,12.750000000000057,20.950000000000045,8.199999999999989,0.49999999999999656,-9.449999999999989,7.250000000000057,16.700000000000045,0.3592814371257475,1.054,7.063,6.0089999999999995,0.5278748543850891,1.4425532426990446,0.43190954905472156,-0.5295498702479434,16.689890710382553,1.058349320731795,0.1512820828445965,-0.24344262295078586,2.9055007806787687,-1.1036160782927418,3.9750928961748633,1.0121387631833243,0.24789792956451662
Sambucus nigra,765394,51.3923665436,-0.2307343392,163681212,163681212,"c(-0.2307343392, 51.3923665436)",1,0.9886590838432312,16.750000000000057,1.8500000000000227,3.0100000000000002,0.9886590838432312,16.750000000000057,1.8500000000000227,3.0100000000000002,Sambucus_nigra,0.7540488243103027,3.5494046211242676,2.795355796813965,0.08392858604987884,12.750000000000057,20.950000000000045,8.199999999999989,0.48780487804878114,-9.449999999999989,7.250000000000057,16.700000000000045,0.6766467065868251,1.054,7.063,6.0089999999999995,0.32551173240139797,1.4425532426990446,0.43190954905472156,-1.0509009579649429,16.689890710382553,1.058349320731795,0.056795321204478506,-0.24344262295078586,2.9055007806787687,0.7205100879242404,3.9750928961748633,1.0121387631833243,-0.9535183625805467
Sambucus nigra,765394,53.139579,8.196564,167946429,167946429,"c(8.196564, 53.139579)",1,1.2777043581008911,16.750000000000057,-0.3499999999999659,3.368,1.2777043581008911,16.750000000000057,-0.3499999999999659,3.368,Sambucus_nigra,0.7540488243103027,3.5494046211242676,2.795355796813965,0.18733054818546893,12.750000000000057,20.950000000000045,8.199999999999989,0.48780487804878114,-9.449999999999989,7.250000000000057,16.700000000000045,0.5449101796407184,1.054,7.063,6.0089999999999995,0.3850890331169912,1.4425532426990446,0.43190954905472156,-0.38167455421845203,16.689890710382553,1.058349320731795,0.056795321204478506,-0.24344262295078586,2.9055007806787687,-0.03667435842997317,3.9750928961748633,1.0121387631833243,-0.599811921307576
Sambucus nigra,765394,53.1362559812,8.2815989479,169150603,169150603,"c(8.2815989479, 53.1362559812)",1,1.2708401679992676,16.850000000000023,-0.3499999999999659,4.626,1.2708401679992676,16.850000000000023,-0.3499999999999659,4.626,Sambucus_nigra,0.7540488243103027,3.5494046211242676,2.795355796813965,0.18487497880519646,12.750000000000057,20.950000000000045,8.199999999999989,0.49999999999999656,-9.449999999999989,7.250000000000057,16.700000000000045,0.5449101796407184,1.054,7.063,6.0089999999999995,0.5944416708270928,1.4425532426990446,0.43190954905472156,-0.39756721071712525,16.689890710382553,1.058349320731795,0.1512820828445965,-0.24344262295078586,2.9055007806787687,-0.03667435842997317,3.9750928961748633,1.0121387631833243,0.6431006572438142
Sambucus nigra,765394,53.1731139722,8.2720699722,169176326,169176326,"c(8.2720699722, 53.1731139722)",1,1.3012360334396362,16.750000000000057,-0.3499999999999659,4.956,1.3012360334396362,16.750000000000057,-0.3499999999999659,4.956,Sambucus_nigra,0.7540488243103027,3.5494046211242676,2.795355796813965,0.1957486806341417,12.750000000000057,20.950000000000045,8.199999999999989,0.48780487804878114,-9.449999999999989,7.250000000000057,16.700000000000045,0.5449101796407184,1.054,7.063,6.0089999999999995,0.6493592943917458,1.4425532426990446,0.43190954905472156,-0.32719167605508054,16.689890710382553,1.058349320731795,0.056795321204478506,-0.24344262295078586,2.9055007806787687,-0.03667435842997317,3.9750928961748633,1.0121387631833243,0.9691429075792345
Sambucus nigra,765394,53.5047521986,8.0744324997,171698572,171698572,"c(8.0744324997, 53.5047521986)",1,1.3791050910949707,16.450000000000045,-0.14999999999997726,5.581,1.3791050910949707,16.450000000000045,-0.14999999999997726,5.581,Sambucus_nigra,0.7540488243103027,3.5494046211242676,2.795355796813965,0.22360526252045704,12.750000000000057,20.950000000000045,8.199999999999989,0.4512195121951212,-9.449999999999989,7.250000000000057,16.700000000000045,0.5568862275449094,1.054,7.063,6.0089999999999995,0.7533699450823765,1.4425532426990446,0.43190954905472156,-0.14690147912435997,16.689890710382553,1.058349320731795,-0.22666496371598283,-0.24344262295078586,2.9055007806787687,0.03216059123858814,3.9750928961748633,1.0121387631833243,1.5866471695781363
Sambucus nigra,765394,53.5188663057,8.1206771359,171702748,171702748,"c(8.1206771359, 53.5188663057)",1,1.4081013202667236,16.450000000000045,-0.049999999999954525,3.71,1.4081013202667236,16.450000000000045,-0.049999999999954525,3.71,Sambucus_nigra,0.7540488243103027,3.5494046211242676,2.795355796813965,0.23397826376945785,12.750000000000057,20.950000000000045,8.199999999999989,0.4512195121951212,-9.449999999999989,7.250000000000057,16.700000000000045,0.5628742514970065,1.054,7.063,6.0089999999999995,0.4420036611749043,1.4425532426990446,0.43190954905472156,-0.07976652173521645,16.689890710382553,1.058349320731795,-0.22666496371598283,-0.24344262295078586,2.9055007806787687,0.06657806607287857,3.9750928961748633,1.0121387631833243,-0.26191358914177676
Sambucus nigra,765394,53.5132778075,8.1129315868,171702897,171702897,"c(8.1129315868, 53.5132778075)",1,1.3937705755233765,16.55000000000001,-0.14999999999997726,4.344,1.3937705755233765,16.55000000000001,-0.14999999999997726,4.344,Sambucus_nigra,0.7540488243103027,3.5494046211242676,2.795355796813965,0.22885163739878947,12.750000000000057,20.950000000000045,8.199999999999989,0.46341463414633655,-9.449999999999989,7.250000000000057,16.700000000000045,0.5568862275449094,1.054,7.063,6.0089999999999995,0.5475120652354801,1.4425532426990446,0.43190954905472156,-0.11294648910271614,16.689890710382553,1.058349320731795,-0.13217820207586486,-0.24344262295078586,2.9055007806787687,0.03216059123858814,3.9750928961748633,1.0121387631833243,0.3644827342299096
Sambucus nigra,765394,51.7939641664,10.3361543645,172753610,172753610,"c(10.3361543645, 51.7939641664)",1,2.4911746978759766,14.050000000000011,-4.249999999999943,4.547,2.4911746978759766,14.050000000000011,-4.249999999999943,4.547,Sambucus_nigra,0.7540488243103027,3.5494046211242676,2.795355796813965,0.6214328335396806,12.750000000000057,20.950000000000045,8.199999999999989,0.15853658536584833,-9.449999999999989,7.250000000000057,16.700000000000045,0.31137724550898394,1.054,7.063,6.0089999999999995,0.5812947245797969,1.4425532426990446,0.43190954905472156,2.427872820760615,16.689890710382553,1.058349320731795,-2.49434724307962,-0.24344262295078586,2.9055007806787687,-1.3789558769669872,3.9750928961748633,1.0121387631833243,0.5650481185271524
Sambucus nigra,765394,51.795018908,10.3360275136,172753612,172753612,"c(10.3360275136, 51.795018908)",1,2.4911746978759766,14.050000000000011,-4.249999999999943,4.547,2.4911746978759766,14.050000000000011,-4.249999999999943,4.547,Sambucus_nigra,0.7540488243103027,3.5494046211242676,2.795355796813965,0.6214328335396806,12.750000000000057,20.950000000000045,8.199999999999989,0.15853658536584833,-9.449999999999989,7.250000000000057,16.700000000000045,0.31137724550898394,1.054,7.063,6.0089999999999995,0.5812947245797969,1.4425532426990446,0.43190954905472156,2.427872820760615,16.689890710382553,1.058349320731795,-2.49434724307962,-0.24344262295078586,2.9055007806787687,-1.3789558769669872,3.9750928961748633,1.0121387631833243,0.5650481185271524
Sambucus nigra,765394,47.6668263267,11.1359350383,176266939,176266939,"c(11.1359350383, 47.6668263267)",1,1.7566263675689697,16.650000000000034,-7.5499999999999545,1.768,1.7566263675689697,16.650000000000034,-7.5499999999999545,1.768,Sambucus_nigra,0.7540488243103027,3.5494046211242676,2.795355796813965,0.3586582947334879,12.750000000000057,20.950000000000045,8.199999999999989,0.47560975609755884,-9.449999999999989,7.250000000000057,16.700000000000045,0.11377245508982209,1.054,7.063,6.0089999999999995,0.11882176734897654,1.4425532426990446,0.43190954905472156,0.7271733759008255,16.689890710382553,1.058349320731795,-0.037691440435693176,-0.24344262295078586,2.9055007806787687,-2.5147325464983172,3.9750928961748633,1.0121387631833243,-2.1806228320247647
Sambucus nigra,765394,47.6668263267,11.1359350383,176268544,176268544,"c(11.1359350383, 47.6668263267)",1,1.7566263675689697,16.650000000000034,-7.5499999999999545,1.768,1.7566263675689697,16.650000000000034,-7.5499999999999545,1.768,Sambucus_nigra,0.7540488243103027,3.5494046211242676,2.795355796813965,0.3586582947334879,12.750000000000057,20.950000000000045,8.199999999999989,0.47560975609755884,-9.449999999999989,7.250000000000057,16.700000000000045,0.11377245508982209,1.054,7.063,6.0089999999999995,0.11882176734897654,1.4425532426990446,0.43190954905472156,0.7271733759008255,16.689890710382553,1.058349320731795,-0.037691440435693176,-0.24344262295078586,2.9055007806787687,-2.5147325464983172,3.9750928961748633,1.0121387631833243,-2.1806228320247647
Sambucus nigra,765394,47.666920932,11.1362622678,176270112,176270112,"c(11.1362622678, 47.666920932)",1,1.7566263675689697,16.650000000000034,-7.5499999999999545,1.768,1.7566263675689697,16.650000000000034,-7.5499999999999545,1.768,Sambucus_nigra,0.7540488243103027,3.5494046211242676,2.795355796813965,0.3586582947334879,12.750000000000057,20.950000000000045,8.199999999999989,0.47560975609755884,-9.449999999999989,7.250000000000057,16.700000000000045,0.11377245508982209,1.054,7.063,6.0089999999999995,0.11882176734897654,1.4425532426990446,0.43190954905472156,0.7271733759008255,16.689890710382553,1.058349320731795,-0.037691440435693176,-0.24344262295078586,2.9055007806787687,-2.5147325464983172,3.9750928961748633,1.0121387631833243,-2.1806228320247647
Sambucus nigra,765394,47.6668549722,11.1361209722,176273634,176273634,"c(11.1361209722, 47.6668549722)",1,1.7566263675689697,16.650000000000034,-7.5499999999999545,1.768,1.7566263675689697,16.650000000000034,-7.5499999999999545,1.768,Sambucus_nigra,0.7540488243103027,3.5494046211242676,2.795355796813965,0.3586582947334879,12.750000000000057,20.950000000000045,8.199999999999989,0.47560975609755884,-9.449999999999989,7.250000000000057,16.700000000000045,0.11377245508982209,1.054,7.063,6.0089999999999995,0.11882176734897654,1.4425532426990446,0.43190954905472156,0.7271733759008255,16.689890710382553,1.058349320731795,-0.037691440435693176,-0.24344262295078586,2.9055007806787687,-2.5147325464983172,3.9750928961748633,1.0121387631833243,-2.1806228320247647
Sambucus nigra,765394,48.130592,11.583417,176573508,176573508,"c(11.583417, 48.130592)",1,1.3152987957000732,17.55000000000001,-3.849999999999966,2.3930000000000002,1.3152987957000732,17.55000000000001,-3.849999999999966,2.3930000000000002,Sambucus_nigra,0.7540488243103027,3.5494046211242676,2.795355796813965,0.2007794399659109,12.750000000000057,20.950000000000045,8.199999999999989,0.5853658536585319,-9.449999999999989,7.250000000000057,16.700000000000045,0.3353293413173657,1.054,7.063,6.0089999999999995,0.2228324180396073,1.4425532426990446,0.43190954905472156,-0.2946321684192461,16.689890710382553,1.058349320731795,0.8126894143256371,-0.24344262295078586,2.9055007806787687,-1.2412859776298646,3.9750928961748633,1.0121387631833243,-1.5631185700258625
Sambucus nigra,765394,49.7977813988,9.9430269375,176746858,176746858,"c(9.9430269375, 49.7977813988)",1,0.8057146668434143,18.450000000000045,-2.0499999999999545,2.328,0.8057146668434143,18.450000000000045,-2.0499999999999545,2.328,Sambucus_nigra,0.7540488243103027,3.5494046211242676,2.795355796813965,0.018482742909506633,12.750000000000057,20.950000000000045,8.199999999999989,0.6951219512195118,-9.449999999999989,7.250000000000057,16.700000000000045,0.44311377245509065,1.054,7.063,6.0089999999999995,0.21201531036778165,1.4425532426990446,0.43190954905472156,-1.4744720908565625,16.689890710382553,1.058349320731795,1.6630702690870212,-0.24344262295078586,2.9055007806787687,-0.6217714306127736,3.9750928961748633,1.0121387631833243,-1.6273390132737489
Sambucus nigra,765394,47.485202,11.112994,177217481,177217481,"c(11.112994, 47.485202)",1,1.5509943962097168,16.650000000000034,-7.849999999999966,1.054,1.5509943962097168,16.650000000000034,-7.849999999999966,1.054,Sambucus_nigra,0.7540488243103027,3.5494046211242676,2.795355796813965,0.2850962917878793,12.750000000000057,20.950000000000045,8.199999999999989,0.47560975609755884,-9.449999999999989,7.250000000000057,16.700000000000045,0.09580838323353404,1.054,7.063,6.0089999999999995,0,1.4425532426990446,0.43190954905472156,0.2510737577995365,16.689890710382553,1.058349320731795,-0.037691440435693176,-0.24344262295078586,2.9055007806787687,-2.617984971001169,3.9750928961748633,1.0121387631833243,-2.88605970093231
Sambucus nigra,765394,47.46268,11.128206,177966495,177966495,"c(11.128206, 47.46268)",1,1.7140485048294067,14.950000000000045,-9.449999999999989,2.473,1.7140485048294067,14.950000000000045,-9.449999999999989,2.473,Sambucus_nigra,0.7540488243103027,3.5494046211242676,2.795355796813965,0.34342665130974503,12.750000000000057,20.950000000000045,8.199999999999989,0.26829268292682823,-9.449999999999989,7.250000000000057,16.700000000000045,0,1.054,7.063,6.0089999999999995,0.23614578132800798,1.4425532426990446,0.43190954905472156,0.6285928679385705,16.689890710382553,1.058349320731795,-1.6439663883182358,-0.24344262295078586,2.9055007806787687,-3.1686645683496986,3.9750928961748633,1.0121387631833243,-1.4840780244900036
Sambucus nigra,765394,47.465233,11.130824,177970301,177970301,"c(11.130824, 47.465233)",1,1.7140485048294067,14.950000000000045,-9.449999999999989,2.473,1.7140485048294067,14.950000000000045,-9.449999999999989,2.473,Sambucus_nigra,0.7540488243103027,3.5494046211242676,2.795355796813965,0.34342665130974503,12.750000000000057,20.950000000000045,8.199999999999989,0.26829268292682823,-9.449999999999989,7.250000000000057,16.700000000000045,0,1.054,7.063,6.0089999999999995,0.23614578132800798,1.4425532426990446,0.43190954905472156,0.6285928679385705,16.689890710382553,1.058349320731795,-1.6439663883182358,-0.24344262295078586,2.9055007806787687,-3.1686645683496986,3.9750928961748633,1.0121387631833243,-1.4840780244900036
Sambucus nigra,765394,53.170020825,8.0603049695,178185041,178185041,"c(8.0603049695, 53.170020825)",1,1.3121237754821777,16.650000000000034,-0.3499999999999659,4.5760000000000005,1.3121237754821777,16.650000000000034,-0.3499999999999659,4.5760000000000005,Sambucus_nigra,0.7540488243103027,3.5494046211242676,2.795355796813965,0.19964362025325957,12.750000000000057,20.950000000000045,8.199999999999989,0.47560975609755884,-9.449999999999989,7.250000000000057,16.700000000000045,0.5449101796407184,1.054,7.063,6.0089999999999995,0.5861208187718423,1.4425532426990446,0.43190954905472156,-0.30198329141442964,16.689890710382553,1.058349320731795,-0.037691440435693176,-0.24344262295078586,2.9055007806787687,-0.03667435842997317,3.9750928961748633,1.0121387631833243,0.5937003162839022
Sambucus nigra,765394,53.1479224799,8.1966237181,179666085,179666085,"c(8.1966237181, 53.1479224799)",1,1.2839415073394775,16.750000000000057,-0.3499999999999659,3.2840000000000003,1.2839415073394775,16.750000000000057,-0.3499999999999659,3.2840000000000003,Sambucus_nigra,0.7540488243103027,3.5494046211242676,2.795355796813965,0.18956180234127096,12.750000000000057,20.950000000000045,8.199999999999989,0.48780487804878114,-9.449999999999989,7.250000000000057,16.700000000000045,0.5449101796407184,1.054,7.063,6.0089999999999995,0.3711100016641705,1.4425532426990446,0.43190954905472156,-0.36723368517020555,16.689890710382553,1.058349320731795,0.056795321204478506,-0.24344262295078586,2.9055007806787687,-0.03667435842997317,3.9750928961748633,1.0121387631833243,-0.682804494120228
Sambucus nigra,765394,46.3077609722,-0.6027259722,182313764,182313764,"c(-0.6027259722, 46.3077609722)",1,0.997538149356842,19.650000000000034,2.8500000000000227,3.415,0.997538149356842,19.650000000000034,2.8500000000000227,3.415,Sambucus_nigra,0.7540488243103027,3.5494046211242676,2.795355796813965,0.08710494933205237,12.750000000000057,20.950000000000045,8.199999999999989,0.8414634146341448,-9.449999999999989,7.250000000000057,16.700000000000045,0.7365269461077831,1.054,7.063,6.0089999999999995,0.3929106340489266,1.4425532426990446,0.43190954905472156,-1.0303432612595944,16.689890710382553,1.058349320731795,2.7969114087688127,-0.24344262295078586,2.9055007806787687,1.0646848362670664,3.9750928961748633,1.0121387631833243,-0.5533756008052584
Sambucus nigra,765394,46.315134,-0.6087839722,182356735,182356735,"c(-0.6087839722, 46.315134)",1,0.9971134662628174,19.650000000000034,2.8500000000000227,3.531,0.9971134662628174,19.650000000000034,2.8500000000000227,3.531,Sambucus_nigra,0.7540488243103027,3.5494046211242676,2.795355796813965,0.08695302480977557,12.750000000000057,20.950000000000045,8.199999999999989,0.8414634146341448,-9.449999999999989,7.250000000000057,16.700000000000045,0.7365269461077831,1.054,7.063,6.0089999999999995,0.41221501081710776,1.4425532426990446,0.43190954905472156,-1.031326529851257,16.689890710382553,1.058349320731795,2.7969114087688127,-0.24344262295078586,2.9055007806787687,1.0646848362670664,3.9750928961748633,1.0121387631833243,-0.4387668097782621
Sambucus nigra,765394,47.2341219722,0.1617189722,183959316,183959316,"c(0.1617189722, 47.2341219722)",1,0.7625291347503662,19.350000000000023,2.250000000000057,4.138,0.7625291347503662,19.350000000000023,2.250000000000057,4.138,Sambucus_nigra,0.7540488243103027,3.5494046211242676,2.795355796813965,0.00303371415178311,12.750000000000057,20.950000000000045,8.199999999999989,0.8048780487804847,-9.449999999999989,7.250000000000057,16.700000000000045,0.7005988023952104,1.054,7.063,6.0089999999999995,0.5132301547678482,1.4425532426990446,0.43190954905472156,-1.5744595354212034,16.689890710382553,1.058349320731795,2.5134511238483515,-0.24344262295078586,2.9055007806787687,0.8581799872613826,3.9750928961748633,1.0121387631833243,0.16095332947507116
Sambucus nigra,765394,47.231898,0.116375,183963226,183963226,"c(0.116375, 47.231898)",1,0.756766140460968,19.350000000000023,2.250000000000057,4.636,0.756766140460968,19.350000000000023,2.250000000000057,4.636,Sambucus_nigra,0.7540488243103027,3.5494046211242676,2.795355796813965,9.720823924318944e-4,12.750000000000057,20.950000000000045,8.199999999999989,0.8048780487804847,-9.449999999999989,7.250000000000057,16.700000000000045,0.7005988023952104,1.054,7.063,6.0089999999999995,0.5961058412381428,1.4425532426990446,0.43190954905472156,-1.5878025937120217,16.689890710382553,1.058349320731795,2.5134511238483515,-0.24344262295078586,2.9055007806787687,0.8581799872613826,3.9750928961748633,1.0121387631833243,0.6529807254357964
Sambucus nigra,765394,51.1872051102,10.0597717097,193468354,193468354,"c(10.0597717097, 51.1872051102)",1,1.0039101839065552,17.55000000000001,-2.249999999999943,2.424,1.0039101839065552,17.55000000000001,-2.249999999999943,2.424,Sambucus_nigra,0.7540488243103027,3.5494046211242676,2.795355796813965,0.0893844568484035,12.750000000000057,20.950000000000045,8.199999999999989,0.5853658536585319,-9.449999999999989,7.250000000000057,16.700000000000045,0.43113772455089977,1.054,7.063,6.0089999999999995,0.22799134631386253,1.4425532426990446,0.43190954905472156,-1.015590092306375,16.689890710382553,1.058349320731795,0.8126894143256371,-0.24344262295078586,2.9055007806787687,-0.6906063802813349,3.9750928961748633,1.0121387631833243,-1.5324903586307173
Sambucus nigra,765394,53.7097421746,7.229031594,203904305,203904305,"c(7.229031594, 53.7097421746)",1,2.029200792312622,16.250000000000057,1.5500000000000114,5.495,2.029200792312622,16.250000000000057,1.5500000000000114,5.495,Sambucus_nigra,0.7540488243103027,3.5494046211242676,2.795355796813965,0.4561680375198344,12.750000000000057,20.950000000000045,8.199999999999989,0.42682926829268353,-9.449999999999989,7.250000000000057,16.700000000000045,0.6586826347305371,1.054,7.063,6.0089999999999995,0.7390580795473457,1.4425532426990446,0.43190954905472156,1.3582648285908843,16.689890710382553,1.058349320731795,-0.4156384869962725,-0.24344262295078586,2.9055007806787687,0.6172576634213885,3.9750928961748633,1.0121387631833243,1.5016785831270871
Sambucus nigra,765394,51.806372,10.334397,204006582,204006582,"c(10.334397, 51.806372)",1,2.4475395679473877,14.250000000000057,-4.149999999999977,3.749,2.4475395679473877,14.250000000000057,-4.149999999999977,3.749,Sambucus_nigra,0.7540488243103027,3.5494046211242676,2.795355796813965,0.6058229673543734,12.750000000000057,20.950000000000045,8.199999999999989,0.18292682926829293,-9.449999999999989,7.250000000000057,16.700000000000045,0.3173652694610777,1.054,7.063,6.0089999999999995,0.44849392577799974,1.4425532426990446,0.43190954905472156,2.3268444225136,16.689890710382553,1.058349320731795,-2.3053737197992765,-0.24344262295078586,2.9055007806787687,-1.3445384021327162,3.9750928961748633,1.0121387631833243,-0.22338132319304516
Sambucus nigra,765394,51.794226,10.336747,204008782,204008782,"c(10.336747, 51.794226)",1,2.4911746978759766,14.050000000000011,-4.249999999999943,4.547,2.4911746978759766,14.050000000000011,-4.249999999999943,4.547,Sambucus_nigra,0.7540488243103027,3.5494046211242676,2.795355796813965,0.6214328335396806,12.750000000000057,20.950000000000045,8.199999999999989,0.15853658536584833,-9.449999999999989,7.250000000000057,16.700000000000045,0.31137724550898394,1.054,7.063,6.0089999999999995,0.5812947245797969,1.4425532426990446,0.43190954905472156,2.427872820760615,16.689890710382553,1.058349320731795,-2.49434724307962,-0.24344262295078586,2.9055007806787687,-1.3789558769669872,3.9750928961748633,1.0121387631833243,0.5650481185271524
Sambucus nigra,765394,51.794242,10.336205,204009066,204009066,"c(10.336205, 51.794242)",1,2.4911746978759766,14.050000000000011,-4.249999999999943,4.547,2.4911746978759766,14.050000000000011,-4.249999999999943,4.547,Sambucus_nigra,0.7540488243103027,3.5494046211242676,2.795355796813965,0.6214328335396806,12.750000000000057,20.950000000000045,8.199999999999989,0.15853658536584833,-9.449999999999989,7.250000000000057,16.700000000000045,0.31137724550898394,1.054,7.063,6.0089999999999995,0.5812947245797969,1.4425532426990446,0.43190954905472156,2.427872820760615,16.689890710382553,1.058349320731795,-2.49434724307962,-0.24344262295078586,2.9055007806787687,-1.3789558769669872,3.9750928961748633,1.0121387631833243,0.5650481185271524
Sambucus nigra,765394,51.8042305556,10.3365777778,204146230,204146230,"c(10.3365777778, 51.8042305556)",1,2.4475395679473877,14.250000000000057,-4.149999999999977,3.749,2.4475395679473877,14.250000000000057,-4.149999999999977,3.749,Sambucus_nigra,0.7540488243103027,3.5494046211242676,2.795355796813965,0.6058229673543734,12.750000000000057,20.950000000000045,8.199999999999989,0.18292682926829293,-9.449999999999989,7.250000000000057,16.700000000000045,0.3173652694610777,1.054,7.063,6.0089999999999995,0.44849392577799974,1.4425532426990446,0.43190954905472156,2.3268444225136,16.689890710382553,1.058349320731795,-2.3053737197992765,-0.24344262295078586,2.9055007806787687,-1.3445384021327162,3.9750928961748633,1.0121387631833243,-0.22338132319304516
Sambucus nigra,765394,51.794242,10.336205,204926795,204926795,"c(10.336205, 51.794242)",1,2.4911746978759766,14.050000000000011,-4.249999999999943,4.547,2.4911746978759766,14.050000000000011,-4.249999999999943,4.547,Sambucus_nigra,0.7540488243103027,3.5494046211242676,2.795355796813965,0.6214328335396806,12.750000000000057,20.950000000000045,8.199999999999989,0.15853658536584833,-9.449999999999989,7.250000000000057,16.700000000000045,0.31137724550898394,1.054,7.063,6.0089999999999995,0.5812947245797969,1.4425532426990446,0.43190954905472156,2.427872820760615,16.689890710382553,1.058349320731795,-2.49434724307962,-0.24344262295078586,2.9055007806787687,-1.3789558769669872,3.9750928961748633,1.0121387631833243,0.5650481185271524
Sambucus nigra,765394,53.151205019,8.1601046499,207538855,207538855,"c(8.1601046499, 53.151205019)",1,1.29326331615448,16.750000000000057,-0.3499999999999659,4.553,1.29326331615448,16.750000000000057,-0.3499999999999659,4.553,Sambucus_nigra,0.7540488243103027,3.5494046211242676,2.795355796813965,0.19289655093593183,12.750000000000057,20.950000000000045,8.199999999999989,0.48780487804878114,-9.449999999999989,7.250000000000057,16.700000000000045,0.5449101796407184,1.054,7.063,6.0089999999999995,0.582293226826427,1.4425532426990446,0.43190954905472156,-0.34565090508255947,16.689890710382553,1.058349320731795,0.056795321204478506,-0.24344262295078586,2.9055007806787687,-0.03667435842997317,3.9750928961748633,1.0121387631833243,0.570976159442342
Sambucus nigra,765394,54.7004575096,9.9949387461,208534975,208534975,"c(9.9949387461, 54.7004575096)",1,1.4479598999023438,16.450000000000045,0.05000000000001137,5.078,1.4479598999023438,16.450000000000045,0.05000000000001137,5.078,Sambucus_nigra,0.7540488243103027,3.5494046211242676,2.795355796813965,0.24823712115034988,12.750000000000057,20.950000000000045,8.199999999999989,0.4512195121951212,-9.449999999999989,7.250000000000057,16.700000000000045,0.5688622754491003,1.054,7.063,6.0089999999999995,0.6696621734065569,1.4425532426990446,0.43190954905472156,0.012518031182992276,16.689890710382553,1.058349320731795,-0.22666496371598283,-0.24344262295078586,2.9055007806787687,0.10099554090714945,3.9750928961748633,1.0121387631833243,1.08967973952142
Sambucus nigra,765394,50.620228,8.34262,208781618,208781618,"c(8.34262, 50.620228)",1,1.1748005151748657,17.55000000000001,-2.0499999999999545,2.335,1.1748005151748657,17.55000000000001,-2.0499999999999545,2.335,Sambucus_nigra,0.7540488243103027,3.5494046211242676,2.795355796813965,0.15051811699395082,12.750000000000057,20.950000000000045,8.199999999999989,0.5853658536585319,-9.449999999999989,7.250000000000057,16.700000000000045,0.44311377245509065,1.054,7.063,6.0089999999999995,0.21318022965551672,1.4425532426990446,0.43190954905472156,-0.6199277791152875,16.689890710382553,1.058349320731795,0.8126894143256371,-0.24344262295078586,2.9055007806787687,-0.6217714306127736,3.9750928961748633,1.0121387631833243,-1.620422965539361
Sambucus nigra,765394,53.1851472222,8.1509944444,210796798,210796798,"c(8.1509944444, 53.1851472222)",1,1.3192670345306396,16.650000000000034,-0.3499999999999659,4.798,1.3192670345306396,16.650000000000034,-0.3499999999999659,4.798,Sambucus_nigra,0.7540488243103027,3.5494046211242676,2.795355796813965,0.20219902270206538,12.750000000000057,20.950000000000045,8.199999999999989,0.47560975609755884,-9.449999999999989,7.250000000000057,16.700000000000045,0.5449101796407184,1.054,7.063,6.0089999999999995,0.6230654018971543,1.4425532426990446,0.43190954905472156,-0.28544450669875093,16.689890710382553,1.058349320731795,-0.037691440435693176,-0.24344262295078586,2.9055007806787687,-0.03667435842997317,3.9750928961748633,1.0121387631833243,0.8130378301459117
Sambucus nigra,765394,53.1275194444,8.134525,212617692,212617692,"c(8.134525, 53.1275194444)",1,1.2879188060760498,16.750000000000057,-0.24999999999994316,4.236,1.2879188060760498,16.750000000000057,-0.24999999999994316,4.236,Sambucus_nigra,0.7540488243103027,3.5494046211242676,2.795355796813965,0.19098462613390066,12.750000000000057,20.950000000000045,8.199999999999989,0.48780487804878114,-9.449999999999989,7.250000000000057,16.700000000000045,0.5508982035928156,1.054,7.063,6.0089999999999995,0.5295390247961391,1.4425532426990446,0.43190954905472156,-0.35802504705308824,16.689890710382553,1.058349320731795,0.056795321204478506,-0.24344262295078586,2.9055007806787687,-0.002256883595682735,3.9750928961748633,1.0121387631833243,0.25777799775649884
Sambucus nigra,765394,-43.5309240167,172.6190717333,213374253,213374253,"c(172.6190717333, -43.5309240167)",1,0.8018243312835693,16.450000000000045,2.8500000000000227,3.0020000000000002,0.8018243312835693,16.450000000000045,2.8500000000000227,3.0020000000000002,Sambucus_nigra,0.7540488243103027,3.5494046211242676,2.795355796813965,0.017091028994491227,12.750000000000057,20.950000000000045,8.199999999999989,0.4512195121951212,-9.449999999999989,7.250000000000057,16.700000000000045,0.7365269461077831,1.054,7.063,6.0089999999999995,0.3241803960725579,1.4425532426990446,0.43190954905472156,-1.483479383166629,16.689890710382553,1.058349320731795,-0.22666496371598283,-0.24344262295078586,2.9055007806787687,1.0646848362670664,3.9750928961748633,1.0121387631833243,-0.9614224171341326
Sambucus nigra,765394,53.138275,8.173575,214399699,214399699,"c(8.173575, 53.138275)",1,1.2791932821273804,16.750000000000057,-0.3499999999999659,3.4130000000000003,1.2791932821273804,16.750000000000057,-0.3499999999999659,3.4130000000000003,Sambucus_nigra,0.7540488243103027,3.5494046211242676,2.795355796813965,0.18786319022988643,12.750000000000057,20.950000000000045,8.199999999999989,0.48780487804878114,-9.449999999999989,7.250000000000057,16.700000000000045,0.5449101796407184,1.054,7.063,6.0089999999999995,0.3925777999667166,1.4425532426990446,0.43190954905472156,-0.3782272490367354,16.689890710382553,1.058349320731795,0.056795321204478506,-0.24344262295078586,2.9055007806787687,-0.03667435842997317,3.9750928961748633,1.0121387631833243,-0.5553516144436547
Sambucus nigra,765394,53.5375666667,7.9682277778,214593093,214593093,"c(7.9682277778, 53.5375666667)",1,1.4273550510406494,16.450000000000045,0.05000000000001137,4.8420000000000005,1.4273550510406494,16.450000000000045,0.05000000000001137,4.8420000000000005,Sambucus_nigra,0.7540488243103027,3.5494046211242676,2.795355796813965,0.24086602052509892,12.750000000000057,20.950000000000045,8.199999999999989,0.4512195121951212,-9.449999999999989,7.250000000000057,16.700000000000045,0.5688622754491003,1.054,7.063,6.0089999999999995,0.6303877517057748,1.4425532426990446,0.43190954905472156,-0.035188366850554716,16.689890710382553,1.058349320731795,-0.22666496371598283,-0.24344262295078586,2.9055007806787687,0.10099554090714945,3.9750928961748633,1.0121387631833243,0.8565101301906348
Sambucus nigra,765394,51.7746512,10.8060728,215468213,215468213,"c(10.8060728, 51.7746512)",1,1.3917226791381836,15.050000000000011,-3.9499999999999886,3.529,1.3917226791381836,15.050000000000011,-3.9499999999999886,3.529,Sambucus_nigra,0.7540488243103027,3.5494046211242676,2.795355796813965,0.22811903069894576,12.750000000000057,20.950000000000045,8.199999999999989,0.28048780487804365,-9.449999999999989,7.250000000000057,16.700000000000045,0.32934131736526856,1.054,7.063,6.0089999999999995,0.41188217673489763,1.4425532426990446,0.43190954905472156,-0.11768798275497482,16.689890710382553,1.058349320731795,-1.549479626678118,-0.24344262295078586,2.9055007806787687,-1.2757034524641548,3.9750928961748633,1.0121387631833243,-0.4407428234166588
Sambucus nigra,765394,51.8364793,10.7943502997,215477623,215477623,"c(10.7943502997, 51.8364793)",1,1.1431858539581299,16.55000000000001,-3.0499999999999545,2.93,1.1431858539581299,16.55000000000001,-3.0499999999999545,2.93,Sambucus_nigra,0.7540488243103027,3.5494046211242676,2.795355796813965,0.13920840777812615,12.750000000000057,20.950000000000045,8.199999999999989,0.46341463414633655,-9.449999999999989,7.250000000000057,16.700000000000045,0.38323353293413276,1.054,7.063,6.0089999999999995,0.3121983691129972,1.4425532426990446,0.43190954905472156,-0.6931251911334468,16.689890710382553,1.058349320731795,-0.13217820207586486,-0.24344262295078586,2.9055007806787687,-0.9659461789555996,3.9750928961748633,1.0121387631833243,-1.0325589081164062
Sambucus nigra,765394,53.1966166667,8.5006111111,217011820,217011820,"c(8.5006111111, 53.1966166667)",1,1.253098487854004,16.750000000000057,-0.3499999999999659,5.25,1.253098487854004,16.750000000000057,-0.3499999999999659,5.25,Sambucus_nigra,0.7540488243103027,3.5494046211242676,2.795355796813965,0.17852813731708075,12.750000000000057,20.950000000000045,8.199999999999989,0.48780487804878114,-9.449999999999989,7.250000000000057,16.700000000000045,0.5449101796407184,1.054,7.063,6.0089999999999995,0.6982859044766184,1.4425532426990446,0.43190954905472156,-0.4386445154076401,16.689890710382553,1.058349320731795,0.056795321204478506,-0.24344262295078586,2.9055007806787687,-0.03667435842997317,3.9750928961748633,1.0121387631833243,1.2596169124235175
Sambucus nigra,765394,53.1893416667,8.4289083333,217038019,217038019,"c(8.4289083333, 53.1893416667)",1,1.2606827020645142,16.750000000000057,-0.3499999999999659,5.266,1.2606827020645142,16.750000000000057,-0.3499999999999659,5.266,Sambucus_nigra,0.7540488243103027,3.5494046211242676,2.795355796813965,0.1812412853961748,12.750000000000057,20.950000000000045,8.199999999999989,0.48780487804878114,-9.449999999999989,7.250000000000057,16.700000000000045,0.5449101796407184,1.054,7.063,6.0089999999999995,0.7009485771342986,1.4425532426990446,0.43190954905472156,-0.4210847873879446,16.689890710382553,1.058349320731795,0.056795321204478506,-0.24344262295078586,2.9055007806787687,-0.03667435842997317,3.9750928961748633,1.0121387631833243,1.2754250215306895
Sambucus nigra,765394,53.199425,8.4695527778,217040396,217040396,"c(8.4695527778, 53.199425)",1,1.2574352025985718,16.750000000000057,-0.3499999999999659,5.3420000000000005,1.2574352025985718,16.750000000000057,-0.3499999999999659,5.3420000000000005,Sambucus_nigra,0.7540488243103027,3.5494046211242676,2.795355796813965,0.18007953723172154,12.750000000000057,20.950000000000045,8.199999999999989,0.48780487804878114,-9.449999999999989,7.250000000000057,16.700000000000045,0.5449101796407184,1.054,7.063,6.0089999999999995,0.7135962722582794,1.4425532426990446,0.43190954905472156,-0.4286037215561052,16.689890710382553,1.058349320731795,0.056795321204478506,-0.24344262295078586,2.9055007806787687,-0.03667435842997317,3.9750928961748633,1.0121387631833243,1.3505135397897563
Sambucus nigra,765394,53.2013586061,7.9863352474,218408988,218408988,"c(7.9863352474, 53.2013586061)",1,1.3293793201446533,16.55000000000001,-0.3499999999999659,4.7010000000000005,1.3293793201446533,16.55000000000001,-0.3499999999999659,4.7010000000000005,Sambucus_nigra,0.7540488243103027,3.5494046211242676,2.795355796813965,0.20581655347419078,12.750000000000057,20.950000000000045,8.199999999999989,0.46341463414633655,-9.449999999999989,7.250000000000057,16.700000000000045,0.5449101796407184,1.054,7.063,6.0089999999999995,0.6069229489099685,1.4425532426990446,0.43190954905472156,-0.2620315360058236,16.689890710382553,1.058349320731795,-0.13217820207586486,-0.24344262295078586,2.9055007806787687,-0.03667435842997317,3.9750928961748633,1.0121387631833243,0.7172011686836826
Sambucus nigra,765394,53.380125,7.8825833333,219755327,219755327,"c(7.8825833333, 53.380125)",1,1.358183741569519,16.450000000000045,-0.3499999999999659,5.005,1.358183741569519,16.450000000000045,-0.3499999999999659,5.005,Sambucus_nigra,0.7540488243103027,3.5494046211242676,2.795355796813965,0.2161209381459724,12.750000000000057,20.950000000000045,8.199999999999989,0.4512195121951212,-9.449999999999989,7.250000000000057,16.700000000000045,0.5449101796407184,1.054,7.063,6.0089999999999995,0.6575137294058911,1.4425532426990446,0.43190954905472156,-0.19534067101358812,16.689890710382553,1.058349320731795,-0.22666496371598283,-0.24344262295078586,2.9055007806787687,-0.03667435842997317,3.9750928961748633,1.0121387631833243,1.0175552417199478
Sambucus nigra,765394,53.3849416667,7.8990527778,219755545,219755545,"c(7.8990527778, 53.3849416667)",1,1.3595921993255615,16.450000000000045,-0.3499999999999659,4.355,1.3595921993255615,16.450000000000045,-0.3499999999999659,4.355,Sambucus_nigra,0.7540488243103027,3.5494046211242676,2.795355796813965,0.21662479449143218,12.750000000000057,20.950000000000045,8.199999999999989,0.4512195121951212,-9.449999999999989,7.250000000000057,16.700000000000045,0.5449101796407184,1.054,7.063,6.0089999999999995,0.5493426526876353,1.4425532426990446,0.43190954905472156,-0.19207966935450224,16.689890710382553,1.058349320731795,-0.22666496371598283,-0.24344262295078586,2.9055007806787687,-0.03667435842997317,3.9750928961748633,1.0121387631833243,0.37535080924109043
Sambucus nigra,765394,53.3802472222,7.8841472222,219757336,219757336,"c(7.8841472222, 53.3802472222)",1,1.359726905822754,16.450000000000045,-0.3499999999999659,4.972,1.359726905822754,16.450000000000045,-0.3499999999999659,4.972,Sambucus_nigra,0.7540488243103027,3.5494046211242676,2.795355796813965,0.21667298388376138,12.750000000000057,20.950000000000045,8.199999999999989,0.4512195121951212,-9.449999999999989,7.250000000000057,16.700000000000045,0.5449101796407184,1.054,7.063,6.0089999999999995,0.6520219670494259,1.4425532426990446,0.43190954905472156,-0.19176778345735734,16.689890710382553,1.058349320731795,-0.22666496371598283,-0.24344262295078586,2.9055007806787687,-0.03667435842997317,3.9750928961748633,1.0121387631833243,0.9849510166864064
Sambucus nigra,765394,53.1464194444,8.1560388889,220271533,220271533,"c(8.1560388889, 53.1464194444)",1,1.2886947393417358,16.750000000000057,-0.3499999999999659,3.843,1.2886947393417358,16.750000000000057,-0.3499999999999659,3.843,Sambucus_nigra,0.7540488243103027,3.5494046211242676,2.795355796813965,0.19126220556281287,12.750000000000057,20.950000000000045,8.199999999999989,0.48780487804878114,-9.449999999999989,7.250000000000057,16.700000000000045,0.5449101796407184,1.054,7.063,6.0089999999999995,0.46413712764187054,1.4425532426990446,0.43190954905472156,-0.3562285290844898,16.689890710382553,1.058349320731795,0.056795321204478506,-0.24344262295078586,2.9055007806787687,-0.03667435842997317,3.9750928961748633,1.0121387631833243,-0.13050868218841047
Sambucus nigra,765394,53.142714805,8.1599433348,224357747,224357747,"c(8.1599433348, 53.142714805)",1,1.2860842943191528,16.750000000000057,-0.3499999999999659,3.793,1.2860842943191528,16.750000000000057,-0.3499999999999659,3.793,Sambucus_nigra,0.7540488243103027,3.5494046211242676,2.795355796813965,0.1903283548431448,12.750000000000057,20.950000000000045,8.199999999999989,0.48780487804878114,-9.449999999999989,7.250000000000057,16.700000000000045,0.5449101796407184,1.054,7.063,6.0089999999999995,0.4558162755866201,1.4425532426990446,0.43190954905472156,-0.36227249136385187,16.689890710382553,1.058349320731795,0.056795321204478506,-0.24344262295078586,2.9055007806787687,-0.03667435842997317,3.9750928961748633,1.0121387631833243,-0.17990902314832244
Sambucus nigra,765394,53.1393212997,8.1970419,225277313,225277313,"c(8.1970419, 53.1393212997)",1,1.2777043581008911,16.750000000000057,-0.3499999999999659,3.368,1.2777043581008911,16.750000000000057,-0.3499999999999659,3.368,Sambucus_nigra,0.7540488243103027,3.5494046211242676,2.795355796813965,0.18733054818546893,12.750000000000057,20.950000000000045,8.199999999999989,0.48780487804878114,-9.449999999999989,7.250000000000057,16.700000000000045,0.5449101796407184,1.054,7.063,6.0089999999999995,0.3850890331169912,1.4425532426990446,0.43190954905472156,-0.38167455421845203,16.689890710382553,1.058349320731795,0.056795321204478506,-0.24344262295078586,2.9055007806787687,-0.03667435842997317,3.9750928961748633,1.0121387631833243,-0.599811921307576
Sambucus nigra,765394,53.1393929997,8.1968302,225279286,225279286,"c(8.1968302, 53.1393929997)",1,1.2777043581008911,16.750000000000057,-0.3499999999999659,3.368,1.2777043581008911,16.750000000000057,-0.3499999999999659,3.368,Sambucus_nigra,0.7540488243103027,3.5494046211242676,2.795355796813965,0.18733054818546893,12.750000000000057,20.950000000000045,8.199999999999989,0.48780487804878114,-9.449999999999989,7.250000000000057,16.700000000000045,0.5449101796407184,1.054,7.063,6.0089999999999995,0.3850890331169912,1.4425532426990446,0.43190954905472156,-0.38167455421845203,16.689890710382553,1.058349320731795,0.056795321204478506,-0.24344262295078586,2.9055007806787687,-0.03667435842997317,3.9750928961748633,1.0121387631833243,-0.599811921307576
Sambucus nigra,765394,53.0614413997,8.8608045,228209509,228209509,"c(8.8608045, 53.0614413997)",1,1.1792621612548828,17.05000000000001,-0.44999999999998863,3.5260000000000002,1.1792621612548828,17.05000000000001,-0.44999999999998863,3.5260000000000002,Sambucus_nigra,0.7540488243103027,3.5494046211242676,2.795355796813965,0.15211420937156597,12.750000000000057,20.950000000000045,8.199999999999989,0.5243902439024342,-9.449999999999989,7.250000000000057,16.700000000000045,0.5389221556886213,1.054,7.063,6.0089999999999995,0.41138292561158274,1.4425532426990446,0.43190954905472156,-0.6095977317945421,16.689890710382553,1.058349320731795,0.34025560612488615,-0.24344262295078586,2.9055007806787687,-0.0710918332642636,3.9750928961748633,1.0121387631833243,-0.44370684387425324
Sambucus nigra,765394,53.1898805262,8.2136888745,239918313,239918313,"c(8.2136888745, 53.1898805262)",1,1.3262420892715454,16.650000000000034,-0.3499999999999659,3.584,1.3262420892715454,16.650000000000034,-0.3499999999999659,3.584,Sambucus_nigra,0.7540488243103027,3.5494046211242676,2.795355796813965,0.20469425237867958,12.750000000000057,20.950000000000045,8.199999999999989,0.47560975609755884,-9.449999999999989,7.250000000000057,16.700000000000045,0.5449101796407184,1.054,7.063,6.0089999999999995,0.4210351139956732,1.4425532426990446,0.43190954905472156,-0.2692951653466753,16.689890710382553,1.058349320731795,-0.037691440435693176,-0.24344262295078586,2.9055007806787687,-0.03667435842997317,3.9750928961748633,1.0121387631833243,-0.3864024483607553
Sambucus nigra,765394,53.1709883976,8.2420756352,241236838,241236838,"c(8.2420756352, 53.1709883976)",1,1.3145358562469482,16.650000000000034,-0.3499999999999659,4.371,1.3145358562469482,16.650000000000034,-0.3499999999999659,4.371,Sambucus_nigra,0.7540488243103027,3.5494046211242676,2.795355796813965,0.20050650889431187,12.750000000000057,20.950000000000045,8.199999999999989,0.47560975609755884,-9.449999999999989,7.250000000000057,16.700000000000045,0.5449101796407184,1.054,7.063,6.0089999999999995,0.5520053253453154,1.4425532426990446,0.43190954905472156,-0.2963986018190049,16.689890710382553,1.058349320731795,-0.037691440435693176,-0.24344262295078586,2.9055007806787687,-0.03667435842997317,3.9750928961748633,1.0121387631833243,0.39115891834826233
Sambucus nigra,765394,53.1609408139,8.2364903496,242202201,242202201,"c(8.2364903496, 53.1609408139)",1,1.302878499031067,16.750000000000057,-0.3499999999999659,3.428,1.302878499031067,16.750000000000057,-0.3499999999999659,3.428,Sambucus_nigra,0.7540488243103027,3.5494046211242676,2.795355796813965,0.19633625005671848,12.750000000000057,20.950000000000045,8.199999999999989,0.48780487804878114,-9.449999999999989,7.250000000000057,16.700000000000045,0.5449101796407184,1.054,7.063,6.0089999999999995,0.39507405558329173,1.4425532426990446,0.43190954905472156,-0.32338887615166245,16.689890710382553,1.058349320731795,0.056795321204478506,-0.24344262295078586,2.9055007806787687,-0.03667435842997317,3.9750928961748633,1.0121387631833243,-0.5405315121556813
Sambucus nigra,765394,53.1569332279,8.2291412711,242232181,242232181,"c(8.2291412711, 53.1569332279)",1,1.2969489097595215,16.750000000000057,-0.3499999999999659,3.19,1.2969489097595215,16.750000000000057,-0.3499999999999659,3.19,Sambucus_nigra,0.7540488243103027,3.5494046211242676,2.795355796813965,0.19421502123915482,12.750000000000057,20.950000000000045,8.199999999999989,0.48780487804878114,-9.449999999999989,7.250000000000057,16.700000000000045,0.5449101796407184,1.054,7.063,6.0089999999999995,0.3554667998002996,1.4425532426990446,0.43190954905472156,-0.3371176517356312,16.689890710382553,1.058349320731795,0.056795321204478506,-0.24344262295078586,2.9055007806787687,-0.03667435842997317,3.9750928961748633,1.0121387631833243,-0.7756771351248631
Sambucus nigra,765394,53.1534193806,8.2323868286,242233383,242233383,"c(8.2323868286, 53.1534193806)",1,1.2969489097595215,16.750000000000057,-0.3499999999999659,3.19,1.2969489097595215,16.750000000000057,-0.3499999999999659,3.19,Sambucus_nigra,0.7540488243103027,3.5494046211242676,2.795355796813965,0.19421502123915482,12.750000000000057,20.950000000000045,8.199999999999989,0.48780487804878114,-9.449999999999989,7.250000000000057,16.700000000000045,0.5449101796407184,1.054,7.063,6.0089999999999995,0.3554667998002996,1.4425532426990446,0.43190954905472156,-0.3371176517356312,16.689890710382553,1.058349320731795,0.056795321204478506,-0.24344262295078586,2.9055007806787687,-0.03667435842997317,3.9750928961748633,1.0121387631833243,-0.7756771351248631
Sambucus nigra,765394,53.1314852661,8.2499980485,243313603,243313603,"c(8.2499980485, 53.1314852661)",1,1.2730181217193604,16.850000000000023,-0.3499999999999659,4.043,1.2730181217193604,16.850000000000023,-0.3499999999999659,4.043,Sambucus_nigra,0.7540488243103027,3.5494046211242676,2.795355796813965,0.18565411172365184,12.750000000000057,20.950000000000045,8.199999999999989,0.49999999999999656,-9.449999999999989,7.250000000000057,16.700000000000045,0.5449101796407184,1.054,7.063,6.0089999999999995,0.4974205358628724,1.4425532426990446,0.43190954905472156,-0.39252459537125145,16.689890710382553,1.058349320731795,0.1512820828445965,-0.24344262295078586,2.9055007806787687,-0.03667435842997317,3.9750928961748633,1.0121387631833243,0.06709268165123833
Sambucus nigra,765394,53.0910624451,8.2485263261,243373731,243373731,"c(8.2485263261, 53.0910624451)",1,1.2539201974868774,16.850000000000023,-0.24999999999994316,4.157,1.2539201974868774,16.850000000000023,-0.24999999999994316,4.157,Sambucus_nigra,0.7540488243103027,3.5494046211242676,2.795355796813965,0.1788220926102889,12.750000000000057,20.950000000000045,8.199999999999989,0.49999999999999656,-9.449999999999989,7.250000000000057,16.700000000000045,0.5508982035928156,1.054,7.063,6.0089999999999995,0.5163920785488434,1.4425532426990446,0.43190954905472156,-0.4367420114350562,16.689890710382553,1.058349320731795,0.1512820828445965,-0.24344262295078586,2.9055007806787687,-0.002256883595682735,3.9750928961748633,1.0121387631833243,0.17972545903983791
Sambucus nigra,765394,53.1191501841,8.200975415,243488482,243488482,"c(8.200975415, 53.1191501841)",1,1.2674028873443604,16.850000000000023,-0.24999999999994316,4.021,1.2674028873443604,16.850000000000023,-0.24999999999994316,4.021,Sambucus_nigra,0.7540488243103027,3.5494046211242676,2.795355796813965,0.18364533903668295,12.750000000000057,20.950000000000045,8.199999999999989,0.49999999999999656,-9.449999999999989,7.250000000000057,16.700000000000045,0.5508982035928156,1.054,7.063,6.0089999999999995,0.49375936095856215,1.4425532426990446,0.43190954905472156,-0.40552554519347583,16.689890710382553,1.058349320731795,0.1512820828445965,-0.24344262295078586,2.9055007806787687,-0.002256883595682735,3.9750928961748633,1.0121387631833243,0.045356531628876734
Sambucus nigra,765394,53.1554750143,8.1990459027,243751987,243751987,"c(8.1990459027, 53.1554750143)",1,1.2916765213012695,16.750000000000057,-0.3499999999999659,3.303,1.2916765213012695,16.750000000000057,-0.3499999999999659,3.303,Sambucus_nigra,0.7540488243103027,3.5494046211242676,2.795355796813965,0.19232889695248578,12.750000000000057,20.950000000000045,8.199999999999989,0.48780487804878114,-9.449999999999989,7.250000000000057,16.700000000000045,0.5449101796407184,1.054,7.063,6.0089999999999995,0.3742719254451656,1.4425532426990446,0.43190954905472156,-0.34932481054883896,16.689890710382553,1.058349320731795,0.056795321204478506,-0.24344262295078586,2.9055007806787687,-0.03667435842997317,3.9750928961748633,1.0121387631833243,-0.6640323645554618
Sambucus nigra,765394,53.1799045553,8.2355139772,243754875,243754875,"c(8.2355139772, 53.1799045553)",1,1.3234001398086548,16.650000000000034,-0.3499999999999659,3.858,1.3234001398086548,16.650000000000034,-0.3499999999999659,3.858,Sambucus_nigra,0.7540488243103027,3.5494046211242676,2.795355796813965,0.20367758413697318,12.750000000000057,20.950000000000045,8.199999999999989,0.47560975609755884,-9.449999999999989,7.250000000000057,16.700000000000045,0.5449101796407184,1.054,7.063,6.0089999999999995,0.4666333832584458,1.4425532426990446,0.43190954905472156,-0.2758751297607766,16.689890710382553,1.058349320731795,-0.037691440435693176,-0.24344262295078586,2.9055007806787687,-0.03667435842997317,3.9750928961748633,1.0121387631833243,-0.11568857990043668
Sambucus nigra,765394,51.1324387,11.7210617997,246156034,246156034,"c(11.7210617997, 51.1324387)",1,0.8638499975204468,18.150000000000034,-2.0499999999999545,3.161,0.8638499975204468,18.150000000000034,-2.0499999999999545,3.161,Sambucus_nigra,0.7540488243103027,3.5494046211242676,2.795355796813965,0.03927985601521318,12.750000000000057,20.950000000000045,8.199999999999989,0.6585365853658518,-9.449999999999989,7.250000000000057,16.700000000000045,0.44311377245509065,1.054,7.063,6.0089999999999995,0.35064070560825433,1.4425532426990446,0.43190954905472156,-1.3398713838236487,16.689890710382553,1.058349320731795,1.3796099841665599,-0.24344262295078586,2.9055007806787687,-0.6217714306127736,3.9750928961748633,1.0121387631833243,-0.8043293328816121
Sambucus nigra,765394,52.4929773521,17.1868489295,252854380,252854380,"c(17.1868489295, 52.4929773521)",1,0.7914984822273254,17.850000000000023,-3.4499999999999886,3.317,0.7914984822273254,17.850000000000023,-3.4499999999999886,3.317,Sambucus_nigra,0.7540488243103027,3.5494046211242676,2.795355796813965,0.013397098845058054,12.750000000000057,20.950000000000045,8.199999999999989,0.6219512195121918,-9.449999999999989,7.250000000000057,16.700000000000045,0.3592814371257475,1.054,7.063,6.0089999999999995,0.3766017640206357,1.4425532426990446,0.43190954905472156,-1.5073868172088796,16.689890710382553,1.058349320731795,1.0961496992460984,-0.24344262295078586,2.9055007806787687,-1.1036160782927418,3.9750928961748633,1.0121387631833243,-0.650200269086686
Sambucus nigra,765394,51.5698816667,-0.058395,267598347,267598347,"c(-0.058395, 51.5698816667)",1,0.9052578210830688,16.850000000000023,1.7500000000000568,3.215,0.9052578210830688,16.850000000000023,1.7500000000000568,3.215,Sambucus_nigra,0.7540488243103027,3.5494046211242676,2.795355796813965,0.05409293405337099,12.750000000000057,20.950000000000045,8.199999999999989,0.49999999999999656,-9.449999999999989,7.250000000000057,16.700000000000045,0.6706586826347314,1.054,7.063,6.0089999999999995,0.3596272258279247,1.4425532426990446,0.43190954905472156,-1.2439998670830548,16.689890710382553,1.058349320731795,0.1512820828445965,-0.24344262295078586,2.9055007806787687,0.6860926130899695,3.9750928961748633,1.0121387631833243,-0.7509769646449072
Sambucus nigra,765394,50.537434,8.623957,269265734,269265734,"c(8.623957, 50.537434)",1,0.9840140342712402,17.750000000000057,-1.7499999999999432,3.177,0.9840140342712402,17.750000000000057,-1.7499999999999432,3.177,Sambucus_nigra,0.7540488243103027,3.5494046211242676,2.795355796813965,0.08226688360138007,12.750000000000057,20.950000000000045,8.199999999999989,0.6097560975609765,-9.449999999999989,7.250000000000057,16.700000000000045,0.4610778443113787,1.054,7.063,6.0089999999999995,0.3533033782659345,1.4425532426990446,0.43190954905472156,-1.0616556393146772,16.689890710382553,1.058349320731795,1.0016629376059805,-0.24344262295078586,2.9055007806787687,-0.518519006109922,3.9750928961748633,1.0121387631833243,-0.7885212237744402
Sambucus nigra,765394,52.4279669587,17.3049768278,270823468,270823468,"c(17.3049768278, 52.4279669587)",1,0.7702986598014832,17.750000000000057,-3.5499999999999545,4.139,0.7702986598014832,17.750000000000057,-3.5499999999999545,4.139,Sambucus_nigra,0.7540488243103027,3.5494046211242676,2.795355796813965,0.005813154629439778,12.750000000000057,20.950000000000045,8.199999999999989,0.6097560975609765,-9.449999999999989,7.250000000000057,16.700000000000045,0.35329341317365376,1.054,7.063,6.0089999999999995,0.5133965718089533,1.4425532426990446,0.43190954905472156,-1.5564707572890197,16.689890710382553,1.058349320731795,1.0016629376059805,-0.24344262295078586,2.9055007806787687,-1.1380335531270127,3.9750928961748633,1.0121387631833243,0.16194133629426974
Sambucus nigra,765394,54.5065388889,9.1864555556,274706392,274706392,"c(9.1864555556, 54.5065388889)",1,1.5235919952392578,15.950000000000045,-0.8499999999999659,5.1770000000000005,1.5235919952392578,15.950000000000045,-0.8499999999999659,5.1770000000000005,Sambucus_nigra,0.7540488243103027,3.5494046211242676,2.795355796813965,0.27529346060564086,12.750000000000057,20.950000000000045,8.199999999999989,0.39024390243902357,-9.449999999999989,7.250000000000057,16.700000000000045,0.5149700598802395,1.054,7.063,6.0089999999999995,0.6861374604759528,1.4425532426990446,0.43190954905472156,0.18762899018457646,16.689890710382553,1.058349320731795,-0.6990987719167339,-0.24344262295078586,2.9055007806787687,-0.20876173260138622,3.9750928961748633,1.0121387631833243,1.1874924146220462
Sambucus nigra,765394,53.184425,8.17175,277374436,277374436,"c(8.17175, 53.184425)",1,1.3211100101470947,16.650000000000034,-0.3499999999999659,4.12,1.3211100101470947,16.650000000000034,-0.3499999999999659,4.12,Sambucus_nigra,0.7540488243103027,3.5494046211242676,2.795355796813965,0.20285832182189678,12.750000000000057,20.950000000000045,8.199999999999989,0.47560975609755884,-9.449999999999989,7.250000000000057,16.700000000000045,0.5449101796407184,1.054,7.063,6.0089999999999995,0.510234648027958,1.4425532426990446,0.43190954905472156,-0.2811774660174587,16.689890710382553,1.058349320731795,-0.037691440435693176,-0.24344262295078586,2.9055007806787687,-0.03667435842997317,3.9750928961748633,1.0121387631833243,0.143169206729503
Sambucus nigra,765394,52.1274944444,4.4650527778,277659951,277659951,"c(4.4650527778, 52.1274944444)",1,1.6052299737930298,16.650000000000034,1.5500000000000114,3.761,1.6052299737930298,16.650000000000034,1.5500000000000114,3.761,Sambucus_nigra,0.7540488243103027,3.5494046211242676,2.795355796813965,0.3044983219856554,12.750000000000057,20.950000000000045,8.199999999999989,0.47560975609755884,-9.449999999999989,7.250000000000057,16.700000000000045,0.6586826347305371,1.054,7.063,6.0089999999999995,0.4504909302712598,1.4425532426990446,0.43190954905472156,0.3766453681101053,16.689890710382553,1.058349320731795,-0.037691440435693176,-0.24344262295078586,2.9055007806787687,0.6172576634213885,3.9750928961748633,1.0121387631833243,-0.21152524136266623
Sambucus nigra,765394,52.1274944444,4.4650027778,277659955,277659955,"c(4.4650027778, 52.1274944444)",1,1.6052299737930298,16.650000000000034,1.5500000000000114,3.761,1.6052299737930298,16.650000000000034,1.5500000000000114,3.761,Sambucus_nigra,0.7540488243103027,3.5494046211242676,2.795355796813965,0.3044983219856554,12.750000000000057,20.950000000000045,8.199999999999989,0.47560975609755884,-9.449999999999989,7.250000000000057,16.700000000000045,0.6586826347305371,1.054,7.063,6.0089999999999995,0.4504909302712598,1.4425532426990446,0.43190954905472156,0.3766453681101053,16.689890710382553,1.058349320731795,-0.037691440435693176,-0.24344262295078586,2.9055007806787687,0.6172576634213885,3.9750928961748633,1.0121387631833243,-0.21152524136266623
Sambucus nigra,765394,52.1274805556,4.4650444444,277660759,277660759,"c(4.4650444444, 52.1274805556)",1,1.6052299737930298,16.650000000000034,1.5500000000000114,3.761,1.6052299737930298,16.650000000000034,1.5500000000000114,3.761,Sambucus_nigra,0.7540488243103027,3.5494046211242676,2.795355796813965,0.3044983219856554,12.750000000000057,20.950000000000045,8.199999999999989,0.47560975609755884,-9.449999999999989,7.250000000000057,16.700000000000045,0.6586826347305371,1.054,7.063,6.0089999999999995,0.4504909302712598,1.4425532426990446,0.43190954905472156,0.3766453681101053,16.689890710382553,1.058349320731795,-0.037691440435693176,-0.24344262295078586,2.9055007806787687,0.6172576634213885,3.9750928961748633,1.0121387631833243,-0.21152524136266623
Sambucus nigra,765394,52.1275416667,4.4651111111,277663744,277663744,"c(4.4651111111, 52.1275416667)",1,1.6052299737930298,16.650000000000034,1.5500000000000114,3.761,1.6052299737930298,16.650000000000034,1.5500000000000114,3.761,Sambucus_nigra,0.7540488243103027,3.5494046211242676,2.795355796813965,0.3044983219856554,12.750000000000057,20.950000000000045,8.199999999999989,0.47560975609755884,-9.449999999999989,7.250000000000057,16.700000000000045,0.6586826347305371,1.054,7.063,6.0089999999999995,0.4504909302712598,1.4425532426990446,0.43190954905472156,0.3766453681101053,16.689890710382553,1.058349320731795,-0.037691440435693176,-0.24344262295078586,2.9055007806787687,0.6172576634213885,3.9750928961748633,1.0121387631833243,-0.21152524136266623
Sambucus nigra,765394,52.1276944444,4.4652055556,277673494,277673494,"c(4.4652055556, 52.1276944444)",1,1.6052299737930298,16.650000000000034,1.5500000000000114,3.761,1.6052299737930298,16.650000000000034,1.5500000000000114,3.761,Sambucus_nigra,0.7540488243103027,3.5494046211242676,2.795355796813965,0.3044983219856554,12.750000000000057,20.950000000000045,8.199999999999989,0.47560975609755884,-9.449999999999989,7.250000000000057,16.700000000000045,0.6586826347305371,1.054,7.063,6.0089999999999995,0.4504909302712598,1.4425532426990446,0.43190954905472156,0.3766453681101053,16.689890710382553,1.058349320731795,-0.037691440435693176,-0.24344262295078586,2.9055007806787687,0.6172576634213885,3.9750928961748633,1.0121387631833243,-0.21152524136266623
Sambucus nigra,765394,52.1278416667,4.4653166667,277713073,277713073,"c(4.4653166667, 52.1278416667)",1,1.6052299737930298,16.650000000000034,1.5500000000000114,3.761,1.6052299737930298,16.650000000000034,1.5500000000000114,3.761,Sambucus_nigra,0.7540488243103027,3.5494046211242676,2.795355796813965,0.3044983219856554,12.750000000000057,20.950000000000045,8.199999999999989,0.47560975609755884,-9.449999999999989,7.250000000000057,16.700000000000045,0.6586826347305371,1.054,7.063,6.0089999999999995,0.4504909302712598,1.4425532426990446,0.43190954905472156,0.3766453681101053,16.689890710382553,1.058349320731795,-0.037691440435693176,-0.24344262295078586,2.9055007806787687,0.6172576634213885,3.9750928961748633,1.0121387631833243,-0.21152524136266623
Sambucus nigra,765394,52.1278638889,4.4653083333,277713088,277713088,"c(4.4653083333, 52.1278638889)",1,1.6052299737930298,16.650000000000034,1.5500000000000114,3.761,1.6052299737930298,16.650000000000034,1.5500000000000114,3.761,Sambucus_nigra,0.7540488243103027,3.5494046211242676,2.795355796813965,0.3044983219856554,12.750000000000057,20.950000000000045,8.199999999999989,0.47560975609755884,-9.449999999999989,7.250000000000057,16.700000000000045,0.6586826347305371,1.054,7.063,6.0089999999999995,0.4504909302712598,1.4425532426990446,0.43190954905472156,0.3766453681101053,16.689890710382553,1.058349320731795,-0.037691440435693176,-0.24344262295078586,2.9055007806787687,0.6172576634213885,3.9750928961748633,1.0121387631833243,-0.21152524136266623
Sambucus nigra,765394,52.127875,4.4653361111,277714333,277714333,"c(4.4653361111, 52.127875)",1,1.6052299737930298,16.650000000000034,1.5500000000000114,3.761,1.6052299737930298,16.650000000000034,1.5500000000000114,3.761,Sambucus_nigra,0.7540488243103027,3.5494046211242676,2.795355796813965,0.3044983219856554,12.750000000000057,20.950000000000045,8.199999999999989,0.47560975609755884,-9.449999999999989,7.250000000000057,16.700000000000045,0.6586826347305371,1.054,7.063,6.0089999999999995,0.4504909302712598,1.4425532426990446,0.43190954905472156,0.3766453681101053,16.689890710382553,1.058349320731795,-0.037691440435693176,-0.24344262295078586,2.9055007806787687,0.6172576634213885,3.9750928961748633,1.0121387631833243,-0.21152524136266623
Sambucus nigra,765394,52.1279,4.4653583333,277715334,277715334,"c(4.4653583333, 52.1279)",1,1.6052299737930298,16.650000000000034,1.5500000000000114,3.761,1.6052299737930298,16.650000000000034,1.5500000000000114,3.761,Sambucus_nigra,0.7540488243103027,3.5494046211242676,2.795355796813965,0.3044983219856554,12.750000000000057,20.950000000000045,8.199999999999989,0.47560975609755884,-9.449999999999989,7.250000000000057,16.700000000000045,0.6586826347305371,1.054,7.063,6.0089999999999995,0.4504909302712598,1.4425532426990446,0.43190954905472156,0.3766453681101053,16.689890710382553,1.058349320731795,-0.037691440435693176,-0.24344262295078586,2.9055007806787687,0.6172576634213885,3.9750928961748633,1.0121387631833243,-0.21152524136266623
Sambucus nigra,765394,52.1280277778,4.4654555556,278306669,278306669,"c(4.4654555556, 52.1280277778)",1,1.6052299737930298,16.650000000000034,1.5500000000000114,3.761,1.6052299737930298,16.650000000000034,1.5500000000000114,3.761,Sambucus_nigra,0.7540488243103027,3.5494046211242676,2.795355796813965,0.3044983219856554,12.750000000000057,20.950000000000045,8.199999999999989,0.47560975609755884,-9.449999999999989,7.250000000000057,16.700000000000045,0.6586826347305371,1.054,7.063,6.0089999999999995,0.4504909302712598,1.4425532426990446,0.43190954905472156,0.3766453681101053,16.689890710382553,1.058349320731795,-0.037691440435693176,-0.24344262295078586,2.9055007806787687,0.6172576634213885,3.9750928961748633,1.0121387631833243,-0.21152524136266623
Sambucus nigra,765394,52.1280833333,4.4654805556,278308720,278308720,"c(4.4654805556, 52.1280833333)",1,1.6052299737930298,16.650000000000034,1.5500000000000114,3.761,1.6052299737930298,16.650000000000034,1.5500000000000114,3.761,Sambucus_nigra,0.7540488243103027,3.5494046211242676,2.795355796813965,0.3044983219856554,12.750000000000057,20.950000000000045,8.199999999999989,0.47560975609755884,-9.449999999999989,7.250000000000057,16.700000000000045,0.6586826347305371,1.054,7.063,6.0089999999999995,0.4504909302712598,1.4425532426990446,0.43190954905472156,0.3766453681101053,16.689890710382553,1.058349320731795,-0.037691440435693176,-0.24344262295078586,2.9055007806787687,0.6172576634213885,3.9750928961748633,1.0121387631833243,-0.21152524136266623
Sambucus nigra,765394,52.1267916667,4.4642055556,278312066,278312066,"c(4.4642055556, 52.1267916667)",1,1.6052299737930298,16.650000000000034,1.5500000000000114,3.761,1.6052299737930298,16.650000000000034,1.5500000000000114,3.761,Sambucus_nigra,0.7540488243103027,3.5494046211242676,2.795355796813965,0.3044983219856554,12.750000000000057,20.950000000000045,8.199999999999989,0.47560975609755884,-9.449999999999989,7.250000000000057,16.700000000000045,0.6586826347305371,1.054,7.063,6.0089999999999995,0.4504909302712598,1.4425532426990446,0.43190954905472156,0.3766453681101053,16.689890710382553,1.058349320731795,-0.037691440435693176,-0.24344262295078586,2.9055007806787687,0.6172576634213885,3.9750928961748633,1.0121387631833243,-0.21152524136266623
Sambucus nigra,765394,-43.5309099667,172.6190658,278314671,278314671,"c(172.6190658, -43.5309099667)",1,0.8018243312835693,16.450000000000045,2.8500000000000227,3.0020000000000002,0.8018243312835693,16.450000000000045,2.8500000000000227,3.0020000000000002,Sambucus_nigra,0.7540488243103027,3.5494046211242676,2.795355796813965,0.017091028994491227,12.750000000000057,20.950000000000045,8.199999999999989,0.4512195121951212,-9.449999999999989,7.250000000000057,16.700000000000045,0.7365269461077831,1.054,7.063,6.0089999999999995,0.3241803960725579,1.4425532426990446,0.43190954905472156,-1.483479383166629,16.689890710382553,1.058349320731795,-0.22666496371598283,-0.24344262295078586,2.9055007806787687,1.0646848362670664,3.9750928961748633,1.0121387631833243,-0.9614224171341326
Sambucus nigra,765394,52.1262638889,4.4634916667,278327494,278327494,"c(4.4634916667, 52.1262638889)",1,1.6052299737930298,16.650000000000034,1.5500000000000114,3.761,1.6052299737930298,16.650000000000034,1.5500000000000114,3.761,Sambucus_nigra,0.7540488243103027,3.5494046211242676,2.795355796813965,0.3044983219856554,12.750000000000057,20.950000000000045,8.199999999999989,0.47560975609755884,-9.449999999999989,7.250000000000057,16.700000000000045,0.6586826347305371,1.054,7.063,6.0089999999999995,0.4504909302712598,1.4425532426990446,0.43190954905472156,0.3766453681101053,16.689890710382553,1.058349320731795,-0.037691440435693176,-0.24344262295078586,2.9055007806787687,0.6172576634213885,3.9750928961748633,1.0121387631833243,-0.21152524136266623
Sambucus nigra,765394,52.1262138889,4.4634416667,278327938,278327938,"c(4.4634416667, 52.1262138889)",1,1.6052299737930298,16.650000000000034,1.5500000000000114,3.761,1.6052299737930298,16.650000000000034,1.5500000000000114,3.761,Sambucus_nigra,0.7540488243103027,3.5494046211242676,2.795355796813965,0.3044983219856554,12.750000000000057,20.950000000000045,8.199999999999989,0.47560975609755884,-9.449999999999989,7.250000000000057,16.700000000000045,0.6586826347305371,1.054,7.063,6.0089999999999995,0.4504909302712598,1.4425532426990446,0.43190954905472156,0.3766453681101053,16.689890710382553,1.058349320731795,-0.037691440435693176,-0.24344262295078586,2.9055007806787687,0.6172576634213885,3.9750928961748633,1.0121387631833243,-0.21152524136266623
Sambucus nigra,765394,52.1588777778,4.5304722222,278671993,278671993,"c(4.5304722222, 52.1588777778)",1,1.6288158893585205,16.650000000000034,1.5500000000000114,3.218,1.6288158893585205,16.650000000000034,1.5500000000000114,3.218,Sambucus_nigra,0.7540488243103027,3.5494046211242676,2.795355796813965,0.3129358581276997,12.750000000000057,20.950000000000045,8.199999999999989,0.47560975609755884,-9.449999999999989,7.250000000000057,16.700000000000045,0.6586826347305371,1.054,7.063,6.0089999999999995,0.3601264769512398,1.4425532426990446,0.43190954905472156,0.43125382864799083,16.689890710382553,1.058349320731795,-0.037691440435693176,-0.24344262295078586,2.9055007806787687,0.6172576634213885,3.9750928961748633,1.0121387631833243,-0.7480129441873123
Sambucus nigra,765394,52.1592055556,4.5307444444,278681688,278681688,"c(4.5307444444, 52.1592055556)",1,1.6288158893585205,16.650000000000034,1.5500000000000114,3.218,1.6288158893585205,16.650000000000034,1.5500000000000114,3.218,Sambucus_nigra,0.7540488243103027,3.5494046211242676,2.795355796813965,0.3129358581276997,12.750000000000057,20.950000000000045,8.199999999999989,0.47560975609755884,-9.449999999999989,7.250000000000057,16.700000000000045,0.6586826347305371,1.054,7.063,6.0089999999999995,0.3601264769512398,1.4425532426990446,0.43190954905472156,0.43125382864799083,16.689890710382553,1.058349320731795,-0.037691440435693176,-0.24344262295078586,2.9055007806787687,0.6172576634213885,3.9750928961748633,1.0121387631833243,-0.7480129441873123
Sambucus nigra,765394,52.1592027778,4.5309861111,278681692,278681692,"c(4.5309861111, 52.1592027778)",1,1.6288158893585205,16.650000000000034,1.5500000000000114,3.218,1.6288158893585205,16.650000000000034,1.5500000000000114,3.218,Sambucus_nigra,0.7540488243103027,3.5494046211242676,2.795355796813965,0.3129358581276997,12.750000000000057,20.950000000000045,8.199999999999989,0.47560975609755884,-9.449999999999989,7.250000000000057,16.700000000000045,0.6586826347305371,1.054,7.063,6.0089999999999995,0.3601264769512398,1.4425532426990446,0.43190954905472156,0.43125382864799083,16.689890710382553,1.058349320731795,-0.037691440435693176,-0.24344262295078586,2.9055007806787687,0.6172576634213885,3.9750928961748633,1.0121387631833243,-0.7480129441873123
Sambucus nigra,765394,52.159602777800004,4.5315777778,278681701,278681701,"c(4.5315777778, 52.1596027778)",1,1.6288158893585205,16.650000000000034,1.5500000000000114,3.218,1.6288158893585205,16.650000000000034,1.5500000000000114,3.218,Sambucus_nigra,0.7540488243103027,3.5494046211242676,2.795355796813965,0.3129358581276997,12.750000000000057,20.950000000000045,8.199999999999989,0.47560975609755884,-9.449999999999989,7.250000000000057,16.700000000000045,0.6586826347305371,1.054,7.063,6.0089999999999995,0.3601264769512398,1.4425532426990446,0.43190954905472156,0.43125382864799083,16.689890710382553,1.058349320731795,-0.037691440435693176,-0.24344262295078586,2.9055007806787687,0.6172576634213885,3.9750928961748633,1.0121387631833243,-0.7480129441873123
Sambucus nigra,765394,47.8754861111,10.6259083333,279700183,279700183,"c(10.6259083333, 47.8754861111)",1,1.6749681234359741,16.55000000000001,-5.249999999999943,2.461,1.6749681234359741,16.55000000000001,-5.249999999999943,2.461,Sambucus_nigra,0.7540488243103027,3.5494046211242676,2.795355796813965,0.32944618362188405,12.750000000000057,20.950000000000045,8.199999999999989,0.46341463414633655,-9.449999999999989,7.250000000000057,16.700000000000045,0.251497005988026,1.054,7.063,6.0089999999999995,0.23414877683474786,1.4425532426990446,0.43190954905472156,0.5381100770881156,16.689890710382553,1.058349320731795,-0.13217820207586486,-0.24344262295078586,2.9055007806787687,-1.723130625309813,3.9750928961748633,1.0121387631833243,-1.4959341063203824
Sambucus nigra,765394,47.7744833333,10.6057333333,279711906,279711906,"c(10.6057333333, 47.7744833333)",1,1.7744684219360352,16.250000000000057,-6.349999999999966,3.303,1.7744684219360352,16.250000000000057,-6.349999999999966,3.303,Sambucus_nigra,0.7540488243103027,3.5494046211242676,2.795355796813965,0.3650410437157109,12.750000000000057,20.950000000000045,8.199999999999989,0.42682926829268353,-9.449999999999989,7.250000000000057,16.700000000000045,0.1856287425149709,1.054,7.063,6.0089999999999995,0.3742719254451656,1.4425532426990446,0.43190954905472156,0.7684830769854962,16.689890710382553,1.058349320731795,-0.4156384869962725,-0.24344262295078586,2.9055007806787687,-2.1017228484869297,3.9750928961748633,1.0121387631833243,-0.6640323645554618
Sambucus nigra,765394,51.2204444444,2.9224527778,280955936,280955936,"c(2.9224527778, 51.2204444444)",1,1.8116227388381958,16.950000000000045,3.0500000000000114,3.481,1.8116227388381958,16.950000000000045,3.0500000000000114,3.481,Sambucus_nigra,0.7540488243103027,3.5494046211242676,2.795355796813965,0.3783324883842242,12.750000000000057,20.950000000000045,8.199999999999989,0.5121951219512189,-9.449999999999989,7.250000000000057,16.700000000000045,0.748502994011974,1.054,7.063,6.0089999999999995,0.4038941587618572,1.4425532426990446,0.43190954905472156,0.8545064515172163,16.689890710382553,1.058349320731795,0.24576884448476816,-0.24344262295078586,2.9055007806787687,1.1335197859356279,3.9750928961748633,1.0121387631833243,-0.4881671507381745
Sambucus nigra,765394,51.6890444444,4.2138805556,282005648,282005648,"c(4.2138805556, 51.6890444444)",1,1.3044044971466064,17.150000000000034,1.0500000000000114,4.096,1.3044044971466064,17.150000000000034,1.0500000000000114,4.096,Sambucus_nigra,0.7540488243103027,3.5494046211242676,2.795355796813965,0.19688215484539648,12.750000000000057,20.950000000000045,8.199999999999989,0.5365853658536565,-9.449999999999989,7.250000000000057,16.700000000000045,0.6287425149700582,1.054,7.063,6.0089999999999995,0.5062406390414379,1.4425532426990446,0.43190954905472156,-0.31985573334692624,16.689890710382553,1.058349320731795,0.4347423677650578,-0.24344262295078586,2.9055007806787687,0.44517028924997554,3.9750928961748633,1.0121387631833243,0.11945704306874513
Sambucus nigra,765394,51.6891055556,4.2138777778,282005649,282005649,"c(4.2138777778, 51.6891055556)",1,1.3044044971466064,17.150000000000034,1.0500000000000114,4.096,1.3044044971466064,17.150000000000034,1.0500000000000114,4.096,Sambucus_nigra,0.7540488243103027,3.5494046211242676,2.795355796813965,0.19688215484539648,12.750000000000057,20.950000000000045,8.199999999999989,0.5365853658536565,-9.449999999999989,7.250000000000057,16.700000000000045,0.6287425149700582,1.054,7.063,6.0089999999999995,0.5062406390414379,1.4425532426990446,0.43190954905472156,-0.31985573334692624,16.689890710382553,1.058349320731795,0.4347423677650578,-0.24344262295078586,2.9055007806787687,0.44517028924997554,3.9750928961748633,1.0121387631833243,0.11945704306874513
Sambucus nigra,765394,52.155575,4.3565666667,282011722,282011722,"c(4.3565666667, 52.155575)",1,1.817342758178711,16.650000000000034,1.9500000000000455,4.613,1.817342758178711,16.650000000000034,1.9500000000000455,4.613,Sambucus_nigra,0.7540488243103027,3.5494046211242676,2.795355796813965,0.38037874644805797,12.750000000000057,20.950000000000045,8.199999999999989,0.47560975609755884,-9.449999999999989,7.250000000000057,16.700000000000045,0.6826347305389223,1.054,7.063,6.0089999999999995,0.5922782492927277,1.4425532426990446,0.43190954905472156,0.8677500099266888,16.689890710382553,1.058349320731795,-0.037691440435693176,-0.24344262295078586,2.9055007806787687,0.7549275627585308,3.9750928961748633,1.0121387631833243,0.6302565685942372
Sambucus nigra,765394,52.13945,4.3354222222,282011728,282011728,"c(4.3354222222, 52.13945)",1,1.7950084209442139,16.650000000000034,1.9500000000000455,4.702,1.7950084209442139,16.650000000000034,1.9500000000000455,4.702,Sambucus_nigra,0.7540488243103027,3.5494046211242676,2.795355796813965,0.372388945199876,12.750000000000057,20.950000000000045,8.199999999999989,0.47560975609755884,-9.449999999999989,7.250000000000057,16.700000000000045,0.6826347305389223,1.054,7.063,6.0089999999999995,0.6070893659510734,1.4425532426990446,0.43190954905472156,0.81603932818006375,16.689890710382553,1.058349320731795,-0.037691440435693176,-0.24344262295078586,2.9055007806787687,0.7549275627585308,3.9750928961748633,1.0121387631833243,0.7181891755028803
Sambucus nigra,765394,51.5873444444,3.6148416667,282020382,282020382,"c(3.6148416667, 51.5873444444)",1,1.5407711267471313,16.950000000000045,2.250000000000057,5.009,1.5407711267471313,16.950000000000045,2.250000000000057,5.009,Sambucus_nigra,0.7540488243103027,3.5494046211242676,2.795355796813965,0.28143905807393227,12.750000000000057,20.950000000000045,8.199999999999989,0.5121951219512189,-9.449999999999989,7.250000000000057,16.700000000000045,0.7005988023952104,1.054,7.063,6.0089999999999995,0.6581793975703113,1.4425532426990446,0.43190954905472156,0.22740382624798797,16.689890710382553,1.058349320731795,0.24576884448476816,-0.24344262295078586,2.9055007806787687,0.8581799872613826,3.9750928961748633,1.0121387631833243,1.0215072689967413
Sambucus nigra,765394,51.6780666667,4.3952055556,282022314,282022314,"c(4.3952055556, 51.6780666667)",1,1.3011199235916138,17.150000000000034,0.8500000000000227,5.67,1.3011199235916138,17.150000000000034,0.8500000000000227,5.67,Sambucus_nigra,0.7540488243103027,3.5494046211242676,2.795355796813965,0.19570714393668273,12.750000000000057,20.950000000000045,8.199999999999989,0.5365853658536565,-9.449999999999989,7.250000000000057,16.700000000000045,0.6167664670658672,1.054,7.063,6.0089999999999995,0.7681810617407223,1.4425532426990446,0.43190954905472156,-0.3274605051381063,16.689890710382553,1.058349320731795,0.4347423677650578,-0.24344262295078586,2.9055007806787687,0.3763353395814142,3.9750928961748633,1.0121387631833243,1.6745797764867796
Sambucus nigra,765394,51.6780694444,4.3952333333,282022320,282022320,"c(4.3952333333, 51.6780694444)",1,1.3011199235916138,17.150000000000034,0.8500000000000227,5.67,1.3011199235916138,17.150000000000034,0.8500000000000227,5.67,Sambucus_nigra,0.7540488243103027,3.5494046211242676,2.795355796813965,0.19570714393668273,12.750000000000057,20.950000000000045,8.199999999999989,0.5365853658536565,-9.449999999999989,7.250000000000057,16.700000000000045,0.6167664670658672,1.054,7.063,6.0089999999999995,0.7681810617407223,1.4425532426990446,0.43190954905472156,-0.3274605051381063,16.689890710382553,1.058349320731795,0.4347423677650578,-0.24344262295078586,2.9055007806787687,0.3763353395814142,3.9750928961748633,1.0121387631833243,1.6745797764867796
Sambucus nigra,765394,51.6780472222,4.3954027778,282022321,282022321,"c(4.3954027778, 51.6780472222)",1,1.3011199235916138,17.150000000000034,0.8500000000000227,5.67,1.3011199235916138,17.150000000000034,0.8500000000000227,5.67,Sambucus_nigra,0.7540488243103027,3.5494046211242676,2.795355796813965,0.19570714393668273,12.750000000000057,20.950000000000045,8.199999999999989,0.5365853658536565,-9.449999999999989,7.250000000000057,16.700000000000045,0.6167664670658672,1.054,7.063,6.0089999999999995,0.7681810617407223,1.4425532426990446,0.43190954905472156,-0.3274605051381063,16.689890710382553,1.058349320731795,0.4347423677650578,-0.24344262295078586,2.9055007806787687,0.3763353395814142,3.9750928961748633,1.0121387631833243,1.6745797764867796
Sambucus nigra,765394,53.8453,14.6112194444,282583892,282583892,"c(14.6112194444, 53.8453)",1,1.2440557479858398,17.150000000000034,-1.0499999999999545,4.1930000000000005,1.2440557479858398,17.150000000000034,-1.0499999999999545,4.1930000000000005,Sambucus_nigra,0.7540488243103027,3.5494046211242676,2.795355796813965,0.17529322179095322,12.750000000000057,20.950000000000045,8.199999999999989,0.5365853658536565,-9.449999999999989,7.250000000000057,16.700000000000045,0.5029940119760485,1.054,7.063,6.0089999999999995,0.5223830920286238,1.4425532426990446,0.43190954905472156,-0.4595811672782807,16.689890710382553,1.058349320731795,0.4347423677650578,-0.24344262295078586,2.9055007806787687,-0.27759668226994755,3.9750928961748633,1.0121387631833243,0.21529370453097513
Sambucus nigra,765394,56.0462722222,12.3766777778,282587982,282587982,"c(12.3766777778, 56.0462722222)",1,1.3188282251358032,16.350000000000023,-1.1499999999999773,4.309,1.3188282251358032,16.350000000000023,-1.1499999999999773,4.309,Sambucus_nigra,0.7540488243103027,3.5494046211242676,2.795355796813965,0.20204204469041598,12.750000000000057,20.950000000000045,8.199999999999989,0.4390243902438989,-9.449999999999989,7.250000000000057,16.700000000000045,0.4970059880239514,1.054,7.063,6.0089999999999995,0.5416874687968048,1.4425532426990446,0.43190954905472156,-0.28646048190883094,16.689890710382553,1.058349320731795,-0.32115172535615455,-0.24344262295078586,2.9055007806787687,-0.31201415710423797,3.9750928961748633,1.0121387631833243,0.32990249555797097
Sambucus nigra,765394,56.0175972222,12.3670666667,282587985,282587985,"c(12.3670666667, 56.0175972222)",1,1.3245242834091187,16.350000000000023,-1.2499999999999432,4.454,1.3245242834091187,16.350000000000023,-1.2499999999999432,4.454,Sambucus_nigra,0.7540488243103027,3.5494046211242676,2.795355796813965,0.20407973101278237,12.750000000000057,20.950000000000045,8.199999999999989,0.4390243902438989,-9.449999999999989,7.250000000000057,16.700000000000045,0.49101796407185766,1.054,7.063,6.0089999999999995,0.5658179397570311,1.4425532426990446,0.43190954905472156,-0.2732724005483196,16.689890710382553,1.058349320731795,-0.32115172535615455,-0.24344262295078586,2.9055007806787687,-0.34643163193850884,3.9750928961748633,1.0121387631833243,0.4731634843417158
Sambucus nigra,765394,55.9803166667,12.3383166667,282588148,282588148,"c(12.3383166667, 55.9803166667)",1,1.3857629299163818,16.250000000000057,-1.2499999999999432,3.4010000000000002,1.3857629299163818,16.250000000000057,-1.2499999999999432,3.4010000000000002,Sambucus_nigra,0.7540488243103027,3.5494046211242676,2.795355796813965,0.22598701257495796,12.750000000000057,20.950000000000045,8.199999999999989,0.42682926829268353,-9.449999999999989,7.250000000000057,16.700000000000045,0.49101796407185766,1.054,7.063,6.0089999999999995,0.3905807954734566,1.4425532426990446,0.43190954905472156,-0.13148658765927776,16.689890710382553,1.058349320731795,-0.4156384869962725,-0.24344262295078586,2.9055007806787687,-0.34643163193850884,3.9750928961748633,1.0121387631833243,-0.5672076962740336
Sambucus nigra,765394,55.9512222222,10.5493583333,282668196,282668196,"c(10.5493583333, 55.9512222222)",1,1.6781940460205078,15.850000000000023,0.5500000000000114,5.641,1.6781940460205078,15.850000000000023,0.5500000000000114,5.641,Sambucus_nigra,0.7540488243103027,3.5494046211242676,2.795355796813965,0.3306002129544686,12.750000000000057,20.950000000000045,8.199999999999989,0.3780487804878012,-9.449999999999989,7.250000000000057,16.700000000000045,0.5988023952095792,1.054,7.063,6.0089999999999995,0.763354967548677,1.4425532426990446,0.43190954905472156,0.5455790543116894,16.689890710382553,1.058349320731795,-0.7935855335569055,-0.24344262295078586,2.9055007806787687,0.2730829150785625,3.9750928961748633,1.0121387631833243,1.6459275787300305
Sambucus nigra,765394,51.0900194444,2.6106972222,283083101,283083101,"c(2.6106972222, 51.0900194444)",1,1.3633873462677002,16.950000000000045,2.3500000000000227,4.499,1.3633873462677002,16.950000000000045,2.3500000000000227,4.499,Sambucus_nigra,0.7540488243103027,3.5494046211242676,2.795355796813965,0.2179824559907176,12.750000000000057,20.950000000000045,8.199999999999989,0.5121951219512189,-9.449999999999989,7.250000000000057,16.700000000000045,0.7065868263473042,1.054,7.063,6.0089999999999995,0.5733067066067565,1.4425532426990446,0.43190954905472156,-0.18329276721157733,16.689890710382553,1.058349320731795,0.24576884448476816,-0.24344262295078586,2.9055007806787687,0.8925974620956535,3.9750928961748633,1.0121387631833243,0.5176237912056366
Sambucus nigra,765394,51.562078,6.346809,284754249,284754249,"c(6.346809, 51.562078)",1,1.1604255437850952,17.650000000000034,0.25000000000005684,4.679,1.1604255437850952,17.650000000000034,0.25000000000005684,4.679,Sambucus_nigra,0.7540488243103027,3.5494046211242676,2.795355796813965,0.1453756691502257,12.750000000000057,20.950000000000045,8.199999999999989,0.5975609756097542,-9.449999999999989,7.250000000000057,16.700000000000045,0.58083832335329455,1.054,7.063,6.0089999999999995,0.6032617740056583,1.4425532426990446,0.43190954905472156,-0.6532101444189296,16.689890710382553,1.058349320731795,0.9071761759658088,-0.24344262295078586,2.9055007806787687,0.16983049057573033,3.9750928961748633,1.0121387631833243,0.695465018661321
Sambucus nigra,765394,50.873225,3.603438,286484631,286484631,"c(3.603438, 50.873225)",1,1.1792118549346924,17.350000000000023,0.9500000000000455,3.741,1.1792118549346924,17.350000000000023,0.9500000000000455,3.741,Sambucus_nigra,0.7540488243103027,3.5494046211242676,2.795355796813965,0.15209621297903242,12.750000000000057,20.950000000000045,8.199999999999989,0.5609756097560942,-9.449999999999989,7.250000000000057,16.700000000000045,0.6227544910179644,1.054,7.063,6.0089999999999995,0.44716258944915965,1.4425532426990446,0.43190954905472156,-0.6097142059968388,16.689890710382553,1.058349320731795,0.6237158910453475,-0.24344262295078586,2.9055007806787687,0.41075281441570466,3.9750928961748633,1.0121387631833243,-0.2312853777466311
Sambucus nigra,765394,50.7245222222,1.6162416667,289216591,289216591,"c(1.6162416667, 50.7245222222)",1,1.4389798641204834,16.650000000000034,2.5500000000000114,3.6870000000000003,1.4389798641204834,16.650000000000034,2.5500000000000114,3.6870000000000003,Sambucus_nigra,0.7540488243103027,3.5494046211242676,2.795355796813965,0.24502463714666942,12.750000000000057,20.950000000000045,8.199999999999989,0.47560975609755884,-9.449999999999989,7.250000000000057,16.700000000000045,0.718562874251495,1.054,7.063,6.0089999999999995,0.43817606922948915,1.4425532426990446,0.43190954905472156,-0.008273441942605625,16.689890710382553,1.058349320731795,-0.037691440435693176,-0.24344262295078586,2.9055007806787687,0.9614324117642148,3.9750928961748633,1.0121387631833243,-0.2846377459833361
Sambucus nigra,765394,49.4233055556,0.2339277778,292014389,292014389,"c(0.2339277778, 49.4233055556)",1,1.318098545074463,17.150000000000034,2.9500000000000455,3.486,1.318098545074463,17.150000000000034,2.9500000000000455,3.486,Sambucus_nigra,0.7540488243103027,3.5494046211242676,2.795355796813965,0.20178101170771948,12.750000000000057,20.950000000000045,8.199999999999989,0.5365853658536565,-9.449999999999989,7.250000000000057,16.700000000000045,0.7425149700598802,1.054,7.063,6.0089999999999995,0.4047262439673824,1.4425532426990446,0.43190954905472156,-0.28814990985256894,16.689890710382553,1.058349320731795,0.4347423677650578,-0.24344262295078586,2.9055007806787687,1.099102311101357,3.9750928961748633,1.0121387631833243,-0.483227116642183
Sambucus nigra,765394,49.3128194444,-0.0285388889,292018113,292018113,"c(-0.0285388889, 49.3128194444)",1,1.2503931522369385,17.05000000000001,2.5500000000000114,6.042,1.2503931522369385,17.05000000000001,2.5500000000000114,6.042,Sambucus_nigra,0.7540488243103027,3.5494046211242676,2.795355796813965,0.17756034079538255,12.750000000000057,20.950000000000045,8.199999999999989,0.5243902439024342,-9.449999999999989,7.250000000000057,16.700000000000045,0.718562874251495,1.054,7.063,6.0089999999999995,0.8300882010317856,1.4425532426990446,0.43190954905472156,-0.44490817784109715,16.689890710382553,1.058349320731795,0.34025560612488615,-0.24344262295078586,2.9055007806787687,0.9614324117642148,3.9750928961748633,1.0121387631833243,2.0421183132285257
Sambucus nigra,765394,49.4069972222,0.1936166667,292020978,292020978,"c(0.1936166667, 49.4069972222)",1,1.39239501953125,16.650000000000034,2.5500000000000114,5.1610000000000005,1.39239501953125,16.650000000000034,2.5500000000000114,5.1610000000000005,Sambucus_nigra,0.7540488243103027,3.5494046211242676,2.795355796813965,0.2283595512057924,12.750000000000057,20.950000000000045,8.199999999999989,0.47560975609755884,-9.449999999999989,7.250000000000057,16.700000000000045,0.718562874251495,1.054,7.063,6.0089999999999995,0.6834747878182726,1.4425532426990446,0.43190954905472156,-0.11613131332143742,16.689890710382553,1.058349320731795,-0.037691440435693176,-0.24344262295078586,2.9055007806787687,0.9614324117642148,3.9750928961748633,1.0121387631833243,1.1716843055148742
Sambucus nigra,765394,49.5901611111,-1.2471472222,293658491,293658491,"c(-1.2471472222, 49.5901611111)",1,2.028669595718384,16.650000000000034,5.4500000000000455,6.024,2.028669595718384,16.650000000000034,5.4500000000000455,6.024,Sambucus_nigra,0.7540488243103027,3.5494046211242676,2.795355796813965,0.4559780092612336,12.750000000000057,20.950000000000045,8.199999999999989,0.47560975609755884,-9.449999999999989,7.250000000000057,16.700000000000045,0.892215568862275,1.054,7.063,6.0089999999999995,0.8270926942918955,1.4425532426990446,0.43190954905472156,1.357034949336302,16.689890710382553,1.058349320731795,-0.037691440435693176,-0.24344262295078586,2.9055007806787687,1.9595391819584222,3.9750928961748633,1.0121387631833243,2.0243341904829575
Sambucus nigra,765394,49.5892861111,-1.2460333333,293663154,293663154,"c(-1.2460333333, 49.5892861111)",1,2.028669595718384,16.650000000000034,5.4500000000000455,6.024,2.028669595718384,16.650000000000034,5.4500000000000455,6.024,Sambucus_nigra,0.7540488243103027,3.5494046211242676,2.795355796813965,0.4559780092612336,12.750000000000057,20.950000000000045,8.199999999999989,0.47560975609755884,-9.449999999999989,7.250000000000057,16.700000000000045,0.892215568862275,1.054,7.063,6.0089999999999995,0.8270926942918955,1.4425532426990446,0.43190954905472156,1.357034949336302,16.689890710382553,1.058349320731795,-0.037691440435693176,-0.24344262295078586,2.9055007806787687,1.9595391819584222,3.9750928961748633,1.0121387631833243,2.0243341904829575
Sambucus nigra,765394,49.5892222222,-1.2460138889,293664474,293664474,"c(-1.2460138889, 49.5892222222)",1,2.028669595718384,16.650000000000034,5.4500000000000455,6.024,2.028669595718384,16.650000000000034,5.4500000000000455,6.024,Sambucus_nigra,0.7540488243103027,3.5494046211242676,2.795355796813965,0.4559780092612336,12.750000000000057,20.950000000000045,8.199999999999989,0.47560975609755884,-9.449999999999989,7.250000000000057,16.700000000000045,0.892215568862275,1.054,7.063,6.0089999999999995,0.8270926942918955,1.4425532426990446,0.43190954905472156,1.357034949336302,16.689890710382553,1.058349320731795,-0.037691440435693176,-0.24344262295078586,2.9055007806787687,1.9595391819584222,3.9750928961748633,1.0121387631833243,2.0243341904829575
Sambucus nigra,765394,49.5888388889,-1.2464666667,293665681,293665681,"c(-1.2464666667, 49.5888388889)",1,2.028669595718384,16.650000000000034,5.4500000000000455,6.024,2.028669595718384,16.650000000000034,5.4500000000000455,6.024,Sambucus_nigra,0.7540488243103027,3.5494046211242676,2.795355796813965,0.4559780092612336,12.750000000000057,20.950000000000045,8.199999999999989,0.47560975609755884,-9.449999999999989,7.250000000000057,16.700000000000045,0.892215568862275,1.054,7.063,6.0089999999999995,0.8270926942918955,1.4425532426990446,0.43190954905472156,1.357034949336302,16.689890710382553,1.058349320731795,-0.037691440435693176,-0.24344262295078586,2.9055007806787687,1.9595391819584222,3.9750928961748633,1.0121387631833243,2.0243341904829575
Sambucus nigra,765394,49.5888527778,-1.2464888889,293666310,293666310,"c(-1.2464888889, 49.5888527778)",1,2.028669595718384,16.650000000000034,5.4500000000000455,6.024,2.028669595718384,16.650000000000034,5.4500000000000455,6.024,Sambucus_nigra,0.7540488243103027,3.5494046211242676,2.795355796813965,0.4559780092612336,12.750000000000057,20.950000000000045,8.199999999999989,0.47560975609755884,-9.449999999999989,7.250000000000057,16.700000000000045,0.892215568862275,1.054,7.063,6.0089999999999995,0.8270926942918955,1.4425532426990446,0.43190954905472156,1.357034949336302,16.689890710382553,1.058349320731795,-0.037691440435693176,-0.24344262295078586,2.9055007806787687,1.9595391819584222,3.9750928961748633,1.0121387631833243,2.0243341904829575
Sambucus nigra,765394,49.5893027778,-1.2475611111,293668829,293668829,"c(-1.2475611111, 49.5893027778)",1,2.028669595718384,16.650000000000034,5.4500000000000455,6.024,2.028669595718384,16.650000000000034,5.4500000000000455,6.024,Sambucus_nigra,0.7540488243103027,3.5494046211242676,2.795355796813965,0.4559780092612336,12.750000000000057,20.950000000000045,8.199999999999989,0.47560975609755884,-9.449999999999989,7.250000000000057,16.700000000000045,0.892215568862275,1.054,7.063,6.0089999999999995,0.8270926942918955,1.4425532426990446,0.43190954905472156,1.357034949336302,16.689890710382553,1.058349320731795,-0.037691440435693176,-0.24344262295078586,2.9055007806787687,1.9595391819584222,3.9750928961748633,1.0121387631833243,2.0243341904829575
Sambucus nigra,765394,49.6644527778,-1.6989111111,294537034,294537034,"c(-1.6989111111, 49.6644527778)",1,1.7520263195037842,16.450000000000045,5.050000000000011,4.107,1.7520263195037842,16.450000000000045,5.050000000000011,4.107,Sambucus_nigra,0.7540488243103027,3.5494046211242676,2.795355796813965,0.3570126909536655,12.750000000000057,20.950000000000045,8.199999999999989,0.4512195121951212,-9.449999999999989,7.250000000000057,16.700000000000045,0.8682634730538898,1.054,7.063,6.0089999999999995,0.5080712264935929,1.4425532426990446,0.43190954905472156,0.7165228865211551,16.689890710382553,1.058349320731795,-0.22666496371598283,-0.24344262295078586,2.9055007806787687,1.8218692826212801,3.9750928961748633,1.0121387631833243,0.13032511807992594
Sambucus nigra,765394,49.6318388889,-1.6162861111,294538886,294538886,"c(-1.6162861111, 49.6318388889)",1,1.6895004510879517,16.350000000000023,4.550000000000011,4.311,1.6895004510879517,16.350000000000023,4.550000000000011,4.311,Sambucus_nigra,0.7540488243103027,3.5494046211242676,2.795355796813965,0.33464492349912645,12.750000000000057,20.950000000000045,8.199999999999989,0.4390243902438989,-9.449999999999989,7.250000000000057,16.700000000000045,0.8383233532934109,1.054,7.063,6.0089999999999995,0.5420203028790148,1.4425532426990446,0.43190954905472156,0.5717567692804579,16.689890710382553,1.058349320731795,-0.32115172535615455,-0.24344262295078586,2.9055007806787687,1.649781908449867,3.9750928961748633,1.0121387631833243,0.33187850919636724
Sambucus nigra,765394,49.6798027778,-1.7695555556,295348522,295348522,"c(-1.7695555556, 49.6798027778)",1,1.9411238431930542,16.250000000000057,5.150000000000034,5.431,1.9411238431930542,16.250000000000057,5.150000000000034,5.431,Sambucus_nigra,0.7540488243103027,3.5494046211242676,2.795355796813965,0.42465972318648393,12.750000000000057,20.950000000000045,8.199999999999989,0.42682926829268353,-9.449999999999989,7.250000000000057,16.700000000000045,0.874251497005987,1.054,7.063,6.0089999999999995,0.728407388916625,1.4425532426990446,0.43190954905472156,1.154340304781829,16.689890710382553,1.058349320731795,-0.4156384869962725,-0.24344262295078586,2.9055007806787687,1.8562867574555704,3.9750928961748633,1.0121387631833243,1.4384461466983995
Sambucus nigra,765394,53.1320111111,8.1109138889,299607654,299607654,"c(8.1109138889, 53.1320111111)",1,1.296431303024292,16.750000000000057,-0.3499999999999659,4.486,1.296431303024292,16.750000000000057,-0.3499999999999659,4.486,Sambucus_nigra,0.7540488243103027,3.5494046211242676,2.795355796813965,0.19402985456526686,12.750000000000057,20.950000000000045,8.199999999999989,0.48780487804878114,-9.449999999999989,7.250000000000057,16.700000000000045,0.5449101796407184,1.054,7.063,6.0089999999999995,0.5711432850723914,1.4425532426990446,0.43190954905472156,-0.33831606639528,16.689890710382553,1.058349320731795,0.056795321204478506,-0.24344262295078586,2.9055007806787687,-0.03667435842997317,3.9750928961748633,1.0121387631833243,0.5047797025560596
Sambucus nigra,765394,48.6122444444,-1.5095583333,305830486,305830486,"c(-1.5095583333, 48.6122444444)",1,1.3235280513763428,17.250000000000057,3.8500000000000227,4.1690000000000005,1.3235280513763428,17.250000000000057,3.8500000000000227,4.1690000000000005,Sambucus_nigra,0.7540488243103027,3.5494046211242676,2.795355796813965,0.20372334273694595,12.750000000000057,20.950000000000045,8.199999999999989,0.5487804878048788,-9.449999999999989,7.250000000000057,16.700000000000045,0.796407185628741,1.054,7.063,6.0089999999999995,0.5183890830421036,1.4425532426990446,0.43190954905472156,-0.27557897616109833,16.689890710382553,1.058349320731795,0.5292291294052295,-0.24344262295078586,2.9055007806787687,1.4088595846098926,3.9750928961748633,1.0121387631833243,0.19158154087021728
Sambucus nigra,765394,48.2742613741,-4.5994910584,308135642,308135642,"c(-4.5994910584, 48.2742613741)",1,2.4421863555908203,16.150000000000034,7.250000000000057,4.244,2.4421863555908203,16.150000000000034,7.250000000000057,4.244,Sambucus_nigra,0.7540488243103027,3.5494046211242676,2.795355796813965,0.6039079294323068,12.750000000000057,20.950000000000045,8.199999999999989,0.41463414634146123,-9.449999999999989,7.250000000000057,16.700000000000045,1,1.054,7.063,6.0089999999999995,0.5308703611249792,1.4425532426990446,0.43190954905472156,2.3144501321621056,16.689890710382553,1.058349320731795,-0.5101252486364442,-0.24344262295078586,2.9055007806787687,2.579053728975513,3.9750928961748633,1.0121387631833243,0.2656820523100848
Sambucus nigra,765394,51.9584888889,7.616275,310509365,310509365,"c(7.616275, 51.9584888889)",1,1.2086783647537231,17.450000000000045,-0.3499999999999659,3.282,1.2086783647537231,17.450000000000045,-0.3499999999999659,3.282,Sambucus_nigra,0.7540488243103027,3.5494046211242676,2.795355796813965,0.16263745064638607,12.750000000000057,20.950000000000045,8.199999999999989,0.5731707317073165,-9.449999999999989,7.250000000000057,16.700000000000045,0.5449101796407184,1.054,7.063,6.0089999999999995,0.3707771675819604,1.4425532426990446,0.43190954905472156,-0.5414904080198751,16.689890710382553,1.058349320731795,0.7182026526855192,-0.24344262295078586,2.9055007806787687,-0.03667435842997317,3.9750928961748633,1.0121387631833243,-0.6847805077586248
Sambucus nigra,765394,51.7957416667,10.3359,311003371,311003371,"c(10.3359, 51.7957416667)",1,2.4911746978759766,14.050000000000011,-4.249999999999943,4.547,2.4911746978759766,14.050000000000011,-4.249999999999943,4.547,Sambucus_nigra,0.7540488243103027,3.5494046211242676,2.795355796813965,0.6214328335396806,12.750000000000057,20.950000000000045,8.199999999999989,0.15853658536584833,-9.449999999999989,7.250000000000057,16.700000000000045,0.31137724550898394,1.054,7.063,6.0089999999999995,0.5812947245797969,1.4425532426990446,0.43190954905472156,2.427872820760615,16.689890710382553,1.058349320731795,-2.49434724307962,-0.24344262295078586,2.9055007806787687,-1.3789558769669872,3.9750928961748633,1.0121387631833243,0.5650481185271524
Sambucus nigra,765394,51.8008833333,10.3317972222,311062660,311062660,"c(10.3317972222, 51.8008833333)",1,2.4354374408721924,14.250000000000057,-4.149999999999977,3.451,2.4354374408721924,14.250000000000057,-4.149999999999977,3.451,Sambucus_nigra,0.7540488243103027,3.5494046211242676,2.795355796813965,0.6014935982311337,12.750000000000057,20.950000000000045,8.199999999999989,0.18292682926829293,-9.449999999999989,7.250000000000057,16.700000000000045,0.3173652694610777,1.054,7.063,6.0089999999999995,0.398901647528707,1.4425532426990446,0.43190954905472156,2.298824372709927,16.689890710382553,1.058349320731795,-2.3053737197992765,-0.24344262295078586,2.9055007806787687,-1.3445384021327162,3.9750928961748633,1.0121387631833243,-0.5178073553141216
Sambucus nigra,765394,51.2792027778,1.0846611111,311998648,311998648,"c(1.0846611111, 51.2792027778)",1,1.1253212690353394,16.750000000000057,2.750000000000057,2.973,1.1253212690353394,16.750000000000057,2.750000000000057,2.973,Sambucus_nigra,0.7540488243103027,3.5494046211242676,2.795355796813965,0.132817598800195,12.750000000000057,20.950000000000045,8.199999999999989,0.48780487804878114,-9.449999999999989,7.250000000000057,16.700000000000045,0.7305389221556894,1.054,7.063,6.0089999999999995,0.31935430188051256,1.4425532426990446,0.43190954905472156,-0.7344870572044541,16.689890710382553,1.058349320731795,0.056795321204478506,-0.24344262295078586,2.9055007806787687,1.0302673614327955,3.9750928961748633,1.0121387631833243,-0.990074614890882
Sambucus nigra,765394,51.074361111100004,-1.7979638889,312228766,312228766,"c(-1.7979638889, 51.0743611111)",1,1.2059396505355835,16.350000000000023,1.9500000000000455,3.1830000000000003,1.2059396505355835,16.350000000000023,1.9500000000000455,3.1830000000000003,Sambucus_nigra,0.7540488243103027,3.5494046211242676,2.795355796813965,0.1616577133903054,12.750000000000057,20.950000000000045,8.199999999999989,0.4390243902438989,-9.449999999999989,7.250000000000057,16.700000000000045,0.6826347305389223,1.054,7.063,6.0089999999999995,0.3543018805125646,1.4425532426990446,0.43190954905472156,-0.5478313519145717,16.689890710382553,1.058349320731795,-0.32115172535615455,-0.24344262295078586,2.9055007806787687,0.7549275627585308,3.9750928961748633,1.0121387631833243,-0.7825931828592505
Sambucus nigra,765394,51.133025,-1.8211305556,312252740,312252740,"c(-1.8211305556, 51.133025)",1,1.2860764265060425,16.250000000000057,1.7500000000000568,4.135,1.2860764265060425,16.250000000000057,1.7500000000000568,4.135,Sambucus_nigra,0.7540488243103027,3.5494046211242676,2.795355796813965,0.19032554024146894,12.750000000000057,20.950000000000045,8.199999999999989,0.42682926829268353,-9.449999999999989,7.250000000000057,16.700000000000045,0.6706586826347314,1.054,7.063,6.0089999999999995,0.5127309036445332,1.4425532426990446,0.43190954905472156,-0.3622907077082869,16.689890710382553,1.058349320731795,-0.4156384869962725,-0.24344262295078586,2.9055007806787687,0.6860926130899695,3.9750928961748633,1.0121387631833243,0.15798930901747632
Sambucus nigra,765394,55.1494611111,-6.8776194444,314537186,314537186,"c(-6.8776194444, 55.1494611111)",1,3.5494046211242676,12.750000000000057,3.150000000000034,7.063,3.5494046211242676,12.750000000000057,3.150000000000034,7.063,Sambucus_nigra,0.7540488243103027,3.5494046211242676,2.795355796813965,1,12.750000000000057,20.950000000000045,8.199999999999989,0,-9.449999999999989,7.250000000000057,16.700000000000045,0.7544910179640711,1.054,7.063,6.0089999999999995,1,1.4425532426990446,0.43190954905472156,4.877992123666364,16.689890710382553,1.058349320731795,-3.7226751444015296,-0.24344262295078586,2.9055007806787687,1.1679372607699183,3.9750928961748633,1.0121387631833243,3.050873275629932
Sambucus nigra,765394,53.9924638889,-8.0677833333,316550985,316550985,"c(-8.0677833333, 53.9924638889)",1,2.3052804470062256,14.550000000000011,2.3500000000000227,4.753,2.3052804470062256,14.550000000000011,2.3500000000000227,4.753,Sambucus_nigra,0.7540488243103027,3.5494046211242676,2.795355796813965,0.5549317279982587,12.750000000000057,20.950000000000045,8.199999999999989,0.21951219512194597,-9.449999999999989,7.250000000000057,16.700000000000045,0.7065868263473042,1.054,7.063,6.0089999999999995,0.6155766350474289,1.4425532426990446,0.43190954905472156,1.9974719387319593,16.689890710382553,1.058349320731795,-2.021913434878869,-0.24344262295078586,2.9055007806787687,0.8925974620956535,3.9750928961748633,1.0121387631833243,0.7685775232819908
Sambucus nigra,765394,53.9854611111,-8.2308888889,317191843,317191843,"c(-8.2308888889, 53.9854611111)",1,2.2559642791748047,14.550000000000011,2.4500000000000455,5.41,2.2559642791748047,14.550000000000011,2.4500000000000455,5.41,Sambucus_nigra,0.7540488243103027,3.5494046211242676,2.795355796813965,0.5372895488210572,12.750000000000057,20.950000000000045,8.199999999999989,0.21951219512194597,-9.449999999999989,7.250000000000057,16.700000000000045,0.7125748502994013,1.054,7.063,6.0089999999999995,0.72491263105342,1.4425532426990446,0.43190954905472156,1.8832902357819912,16.689890710382553,1.058349320731795,-2.021913434878869,-0.24344262295078586,2.9055007806787687,0.9270149369299439,3.9750928961748633,1.0121387631833243,1.4176980034952364
Sambucus nigra,765394,50.13235,1.7383888889,322910257,322910257,"c(1.7383888889, 50.13235)",1,1.1835459470748901,17.250000000000057,1.9500000000000455,4.106,1.1835459470748901,17.250000000000057,1.9500000000000455,4.106,Sambucus_nigra,0.7540488243103027,3.5494046211242676,2.795355796813965,0.1536466746931146,12.750000000000057,20.950000000000045,8.199999999999989,0.5487804878048788,-9.449999999999989,7.250000000000057,16.700000000000045,0.6826347305389223,1.054,7.063,6.0089999999999995,0.507904809452488,1.4425532426990446,0.43190954905472156,-0.5996794842601155,16.689890710382553,1.058349320731795,0.5292291294052295,-0.24344262295078586,2.9055007806787687,0.7549275627585308,3.9750928961748633,1.0121387631833243,0.12933711126072736
Sambucus nigra,765394,50.1340027778,1.7401111111,322915361,322915361,"c(1.7401111111, 50.1340027778)",1,1.1803523302078247,17.250000000000057,1.9500000000000455,4.25,1.1803523302078247,17.250000000000057,1.9500000000000455,4.25,Sambucus_nigra,0.7540488243103027,3.5494046211242676,2.795355796813965,0.15250420228559303,12.750000000000057,20.950000000000045,8.199999999999989,0.5487804878048788,-9.449999999999989,7.250000000000057,16.700000000000045,0.6826347305389223,1.054,7.063,6.0089999999999995,0.5318688633716092,1.4425532426990446,0.43190954905472156,-0.6070736640694181,16.689890710382553,1.058349320731795,0.5292291294052295,-0.24344262295078586,2.9055007806787687,0.7549275627585308,3.9750928961748633,1.0121387631833243,0.27161009322527446
Sambucus nigra,765394,50.760719,8.845628,324731763,324731763,"c(8.845628, 50.760719)",1,1.1221522092819214,17.350000000000023,-1.849999999999966,3.874,1.1221522092819214,17.350000000000023,-1.849999999999966,3.874,Sambucus_nigra,0.7540488243103027,3.5494046211242676,2.795355796813965,0.13168391136154053,12.750000000000057,20.950000000000045,8.199999999999989,0.5609756097560942,-9.449999999999989,7.250000000000057,16.700000000000045,0.4550898203592816,1.054,7.063,6.0089999999999995,0.4692960559161259,1.4425532426990446,0.43190954905472156,-0.741824379938702,16.689890710382553,1.058349320731795,0.6237158910453475,-0.24344262295078586,2.9055007806787687,-0.5529364809442123,3.9750928961748633,1.0121387631833243,-0.09988047079326479
Sambucus nigra,765394,45.7558462576,9.6167358778,334480641,334480641,"c(9.6167358778, 45.7558462576)",1,1.3291631937026978,20.950000000000045,-3.0499999999999545,1.2750000000000001,1.3291631937026978,20.950000000000045,-3.0499999999999545,1.2750000000000001,Sambucus_nigra,0.7540488243103027,3.5494046211242676,2.795355796813965,0.20573923721906437,12.750000000000057,20.950000000000045,8.199999999999989,1,-9.449999999999989,7.250000000000057,16.700000000000045,0.38323353293413276,1.054,7.063,6.0089999999999995,0.03677816608420704,1.4425532426990446,0.43190954905472156,-0.262531933467349,16.689890710382553,1.058349320731795,4.025239310090776,-0.24344262295078586,2.9055007806787687,-0.9659461789555996,3.9750928961748633,1.0121387631833243,-2.6677101938894983
Sambucus nigra,765394,51.555006243,6.3620236278,351963195,351963195,"c(6.3620236278, 51.555006243)",1,1.1634211540222168,17.650000000000034,0.25000000000005684,4.558,1.1634211540222168,17.650000000000034,0.25000000000005684,4.558,Sambucus_nigra,0.7540488243103027,3.5494046211242676,2.795355796813965,0.14644730741557133,12.750000000000057,20.950000000000045,8.199999999999989,0.5975609756097542,-9.449999999999989,7.250000000000057,16.700000000000045,0.58083832335329455,1.054,7.063,6.0089999999999995,0.5831253120319521,1.4425532426990446,0.43190954905472156,-0.646274409277908,16.689890710382553,1.058349320731795,0.9071761759658088,-0.24344262295078586,2.9055007806787687,0.16983049057573033,3.9750928961748633,1.0121387631833243,0.5759161935383331
Sambucus nigra,765394,51.5205194444,6.3113555556,351964721,351964721,"c(6.3113555556, 51.5205194444)",1,1.1579416990280151,17.650000000000034,0.25000000000005684,3.856,1.1579416990280151,17.650000000000034,0.25000000000005684,3.856,Sambucus_nigra,0.7540488243103027,3.5494046211242676,2.795355796813965,0.1444871079302511,12.750000000000057,20.950000000000045,8.199999999999989,0.5975609756097542,-9.449999999999989,7.250000000000057,16.700000000000045,0.58083832335329455,1.054,7.063,6.0089999999999995,0.46630054917623565,1.4425532426990446,0.43190954905472156,-0.6589609891560191,16.689890710382553,1.058349320731795,0.9071761759658088,-0.24344262295078586,2.9055007806787687,0.16983049057573033,3.9750928961748633,1.0121387631833243,-0.11766459353883339
Sambucus nigra,765394,51.5683972222,6.2997166667,351995529,351995529,"c(6.2997166667, 51.5683972222)",1,1.156252384185791,17.650000000000034,0.25000000000005684,4.333,1.156252384185791,17.650000000000034,0.25000000000005684,4.333,Sambucus_nigra,0.7540488243103027,3.5494046211242676,2.795355796813965,0.14388277883405892,12.750000000000057,20.950000000000045,8.199999999999989,0.5975609756097542,-9.449999999999989,7.250000000000057,16.700000000000045,0.58083832335329455,1.054,7.063,6.0089999999999995,0.5456814777833251,1.4425532426990446,0.43190954905472156,-0.6628722591103912,16.689890710382553,1.058349320731795,0.9071761759658088,-0.24344262295078586,2.9055007806787687,0.16983049057573033,3.9750928961748633,1.0121387631833243,0.3536146592187288
Sambucus nigra,765394,50.8156972222,3.5820333333,352015113,352015113,"c(3.5820333333, 50.8156972222)",1,1.1740831136703491,17.150000000000034,0.8500000000000227,4.714,1.1740831136703491,17.150000000000034,0.8500000000000227,4.714,Sambucus_nigra,0.7540488243103027,3.5494046211242676,2.795355796813965,0.15026147649568786,12.750000000000057,20.950000000000045,8.199999999999989,0.5365853658536565,-9.449999999999989,7.250000000000057,16.700000000000045,0.6167664670658672,1.054,7.063,6.0089999999999995,0.6090863704443336,1.4425532426990446,0.43190954905472156,-0.6215887785214982,16.689890710382553,1.058349320731795,0.4347423677650578,-0.24344262295078586,2.9055007806787687,0.3763353395814142,3.9750928961748633,1.0121387631833243,0.7300452573332596
Sambucus nigra,765394,50.8114083333,3.7185527778,352016883,352016883,"c(3.7185527778, 50.8114083333)",1,1.2470582723617554,16.950000000000045,0.5500000000000114,4.757,1.2470582723617554,16.950000000000045,0.5500000000000114,4.757,Sambucus_nigra,0.7540488243103027,3.5494046211242676,2.795355796813965,0.17636733349413522,12.750000000000057,20.950000000000045,8.199999999999989,0.5121951219512189,-9.449999999999989,7.250000000000057,16.700000000000045,0.5988023952095792,1.054,7.063,6.0089999999999995,0.6162423032118488,1.4425532426990446,0.43190954905472156,-0.4526294238345739,16.689890710382553,1.058349320731795,0.24576884448476816,-0.24344262295078586,2.9055007806787687,0.2730829150785625,3.9750928961748633,1.0121387631833243,0.7725295505587834
Sambucus nigra,765394,50.8112694444,3.7191472222,352017449,352017449,"c(3.7191472222, 50.8112694444)",1,1.2470582723617554,16.950000000000045,0.5500000000000114,4.757,1.2470582723617554,16.950000000000045,0.5500000000000114,4.757,Sambucus_nigra,0.7540488243103027,3.5494046211242676,2.795355796813965,0.17636733349413522,12.750000000000057,20.950000000000045,8.199999999999989,0.5121951219512189,-9.449999999999989,7.250000000000057,16.700000000000045,0.5988023952095792,1.054,7.063,6.0089999999999995,0.6162423032118488,1.4425532426990446,0.43190954905472156,-0.4526294238345739,16.689890710382553,1.058349320731795,0.24576884448476816,-0.24344262295078586,2.9055007806787687,0.2730829150785625,3.9750928961748633,1.0121387631833243,0.7725295505587834
Sambucus nigra,765394,50.7979972222,3.7154666667,352218677,352218677,"c(3.7154666667, 50.7979972222)",1,1.2559624910354614,16.850000000000023,0.5500000000000114,5.047,1.2559624910354614,16.850000000000023,0.5500000000000114,5.047,Sambucus_nigra,0.7540488243103027,3.5494046211242676,2.795355796813965,0.17955269497257553,12.750000000000057,20.950000000000045,8.199999999999989,0.49999999999999656,-9.449999999999989,7.250000000000057,16.700000000000045,0.5988023952095792,1.054,7.063,6.0089999999999995,0.6645032451323015,1.4425532426990446,0.43190954905472156,-0.432013490028077,16.689890710382553,1.058349320731795,0.1512820828445965,-0.24344262295078586,2.9055007806787687,0.2730829150785625,3.9750928961748633,1.0121387631833243,1.0590515281262738
Sambucus nigra,765394,50.7806305556,3.7765972222,352224458,352224458,"c(3.7765972222, 50.7806305556)",1,1.1991541385650635,17.05000000000001,0.6500000000000341,4.6530000000000005,1.1991541385650635,17.05000000000001,0.6500000000000341,4.6530000000000005,Sambucus_nigra,0.7540488243103027,3.5494046211242676,2.795355796813965,0.1592302900267916,12.750000000000057,20.950000000000045,8.199999999999989,0.5243902439024342,-9.449999999999989,7.250000000000057,16.700000000000045,0.6047904191616763,1.054,7.063,6.0089999999999995,0.5989349309369281,1.4425532426990446,0.43190954905472156,-0.5635418449688947,16.689890710382553,1.058349320731795,0.34025560612488615,-0.24344262295078586,2.9055007806787687,0.30750038991285294,3.9750928961748633,1.0121387631833243,0.6697768413621669
Sambucus nigra,765394,53.3914763027,8.1318673119,357124844,357124844,"c(8.1318673119, 53.3914763027)",1,1.350456953048706,16.450000000000045,-0.44999999999998863,3.969,1.350456953048706,16.450000000000045,-0.44999999999998863,3.969,Sambucus_nigra,0.7540488243103027,3.5494046211242676,2.795355796813965,0.21335678607287328,12.750000000000057,20.950000000000045,8.199999999999989,0.4512195121951212,-9.449999999999989,7.250000000000057,16.700000000000045,0.5389221556886213,1.054,7.063,6.0089999999999995,0.48510567482110173,1.4425532426990446,0.43190954905472156,-0.21323050127486357,16.689890710382553,1.058349320731795,-0.22666496371598283,-0.24344262295078586,2.9055007806787687,-0.0710918332642636,3.9750928961748633,1.0121387631833243,-0.0060198229694319455
Sambucus nigra,765394,53.3921451,8.1325648,357248471,357248471,"c(8.1325648, 53.3921451)",1,1.3422740697860718,16.55000000000001,-0.3499999999999659,3.775,1.3422740697860718,16.55000000000001,-0.3499999999999659,3.775,Sambucus_nigra,0.7540488243103027,3.5494046211242676,2.795355796813965,0.21042947239353385,12.750000000000057,20.950000000000045,8.199999999999989,0.46341463414633655,-9.449999999999989,7.250000000000057,16.700000000000045,0.5449101796407184,1.054,7.063,6.0089999999999995,0.45282076884672995,1.4425532426990446,0.43190954905472156,-0.2321763275029323,16.689890710382553,1.058349320731795,-0.13217820207586486,-0.24344262295078586,2.9055007806787687,-0.03667435842997317,3.9750928961748633,1.0121387631833243,-0.19769314589389103
Sambucus nigra,765394,53.1467146,8.191105,358564137,358564137,"c(8.191105, 53.1467146)",1,1.283303141593933,16.750000000000057,-0.3499999999999659,3.2600000000000002,1.283303141593933,16.750000000000057,-0.3499999999999659,3.2600000000000002,Sambucus_nigra,0.7540488243103027,3.5494046211242676,2.795355796813965,0.18933343579620646,12.750000000000057,20.950000000000045,8.199999999999989,0.48780487804878114,-9.449999999999989,7.250000000000057,16.700000000000045,0.5449101796407184,1.054,7.063,6.0089999999999995,0.36711599267765027,1.4425532426990446,0.43190954905472156,-0.36871169311640994,16.689890710382553,1.058349320731795,0.056795321204478506,-0.24344262295078586,2.9055007806787687,-0.03667435842997317,3.9750928961748633,1.0121387631833243,-0.7065166577809859
Sambucus nigra,765394,53.1464421,8.1900835,358564515,358564515,"c(8.1900835, 53.1464421)",1,1.283303141593933,16.750000000000057,-0.3499999999999659,3.2600000000000002,1.283303141593933,16.750000000000057,-0.3499999999999659,3.2600000000000002,Sambucus_nigra,0.7540488243103027,3.5494046211242676,2.795355796813965,0.18933343579620646,12.750000000000057,20.950000000000045,8.199999999999989,0.48780487804878114,-9.449999999999989,7.250000000000057,16.700000000000045,0.5449101796407184,1.054,7.063,6.0089999999999995,0.36711599267765027,1.4425532426990446,0.43190954905472156,-0.36871169311640994,16.689890710382553,1.058349320731795,0.056795321204478506,-0.24344262295078586,2.9055007806787687,-0.03667435842997317,3.9750928961748633,1.0121387631833243,-0.7065166577809859
Sambucus nigra,765394,51.5609361111,6.3639694444,358611368,358611368,"c(6.3639694444, 51.5609361111)",1,1.1637541055679321,17.650000000000034,0.25000000000005684,4.588,1.1637541055679321,17.650000000000034,0.25000000000005684,4.588,Sambucus_nigra,0.7540488243103027,3.5494046211242676,2.795355796813965,0.14656641624103633,12.750000000000057,20.950000000000045,8.199999999999989,0.5975609756097542,-9.449999999999989,7.250000000000057,16.700000000000045,0.58083832335329455,1.054,7.063,6.0089999999999995,0.5881178232651023,1.4425532426990446,0.43190954905472156,-0.6455035267020446,16.689890710382553,1.058349320731795,0.9071761759658088,-0.24344262295078586,2.9055007806787687,0.16983049057573033,3.9750928961748633,1.0121387631833243,0.6055563981142807
Sambucus nigra,765394,51.5601861111,6.3440361111,358615916,358615916,"c(6.3440361111, 51.5601861111)",1,1.1604255437850952,17.650000000000034,0.25000000000005684,4.679,1.1604255437850952,17.650000000000034,0.25000000000005684,4.679,Sambucus_nigra,0.7540488243103027,3.5494046211242676,2.795355796813965,0.1453756691502257,12.750000000000057,20.950000000000045,8.199999999999989,0.5975609756097542,-9.449999999999989,7.250000000000057,16.700000000000045,0.58083832335329455,1.054,7.063,6.0089999999999995,0.6032617740056583,1.4425532426990446,0.43190954905472156,-0.6532101444189296,16.689890710382553,1.058349320731795,0.9071761759658088,-0.24344262295078586,2.9055007806787687,0.16983049057573033,3.9750928961748633,1.0121387631833243,0.695465018661321
Sambucus nigra,765394,53.185147,8.1507096,359195795,359195795,"c(8.1507096, 53.185147)",1,1.3192670345306396,16.650000000000034,-0.3499999999999659,4.798,1.3192670345306396,16.650000000000034,-0.3499999999999659,4.798,Sambucus_nigra,0.7540488243103027,3.5494046211242676,2.795355796813965,0.20219902270206538,12.750000000000057,20.950000000000045,8.199999999999989,0.47560975609755884,-9.449999999999989,7.250000000000057,16.700000000000045,0.5449101796407184,1.054,7.063,6.0089999999999995,0.6230654018971543,1.4425532426990446,0.43190954905472156,-0.28544450669875093,16.689890710382553,1.058349320731795,-0.037691440435693176,-0.24344262295078586,2.9055007806787687,-0.03667435842997317,3.9750928961748633,1.0121387631833243,0.8130378301459117
Sambucus nigra,765394,50.872367,3.603287,361176861,361176861,"c(3.603287, 50.872367)",1,1.1792118549346924,17.350000000000023,0.9500000000000455,3.741,1.1792118549346924,17.350000000000023,0.9500000000000455,3.741,Sambucus_nigra,0.7540488243103027,3.5494046211242676,2.795355796813965,0.15209621297903242,12.750000000000057,20.950000000000045,8.199999999999989,0.5609756097560942,-9.449999999999989,7.250000000000057,16.700000000000045,0.6227544910179644,1.054,7.063,6.0089999999999995,0.44716258944915965,1.4425532426990446,0.43190954905472156,-0.6097142059968388,16.689890710382553,1.058349320731795,0.6237158910453475,-0.24344262295078586,2.9055007806787687,0.41075281441570466,3.9750928961748633,1.0121387631833243,-0.2312853777466311
Sambucus nigra,765394,53.3403873997,8.4760524,363308779,363308779,"c(8.4760524, 53.3403873997)",1,1.318185567855835,16.650000000000034,-0.3499999999999659,3.862,1.318185567855835,16.650000000000034,-0.3499999999999659,3.862,Sambucus_nigra,0.7540488243103027,3.5494046211242676,2.795355796813965,0.20181214290807375,12.750000000000057,20.950000000000045,8.199999999999989,0.47560975609755884,-9.449999999999989,7.250000000000057,16.700000000000045,0.5449101796407184,1.054,7.063,6.0089999999999995,0.4672990514228657,1.4425532426990446,0.43190954905472156,-0.28794842604290893,16.689890710382553,1.058349320731795,-0.037691440435693176,-0.24344262295078586,2.9055007806787687,-0.03667435842997317,3.9750928961748633,1.0121387631833243,-0.11173655262364371
Sambucus nigra,765394,50.586668,8.687162,363478854,363478854,"c(8.687162, 50.586668)",1,0.9657576680183411,17.850000000000023,-1.6499999999999773,2.259,0.9657576680183411,17.850000000000023,-1.6499999999999773,2.259,Sambucus_nigra,0.7540488243103027,3.5494046211242676,2.795355796813965,0.07573592025363485,12.750000000000057,20.950000000000045,8.199999999999989,0.6219512195121918,-9.449999999999989,7.250000000000057,16.700000000000045,0.46706586826347246,1.054,7.063,6.0089999999999995,0.20053253453153602,1.4425532426990446,0.43190954905472156,-1.1039245965369824,16.689890710382553,1.058349320731795,1.0961496992460984,-0.24344262295078586,2.9055007806787687,-0.48410153127565103,3.9750928961748633,1.0121387631833243,-1.6955114837984275
Sambucus nigra,765394,-43.5239778796,172.5767746334,364924315,364924315,"c(172.5767746334, -43.5239778796)",1,0.7540488243103027,16.55000000000001,2.3500000000000227,2.541,0.7540488243103027,16.55000000000001,2.3500000000000227,2.541,Sambucus_nigra,0.7540488243103027,3.5494046211242676,2.795355796813965,0,12.750000000000057,20.950000000000045,8.199999999999989,0.46341463414633655,-9.449999999999989,7.250000000000057,16.700000000000045,0.7065868263473042,1.054,7.063,6.0089999999999995,0.2474621401231486,1.4425532426990446,0.43190954905472156,-1.5940939946699595,16.689890710382553,1.058349320731795,-0.13217820207586486,-0.24344262295078586,2.9055007806787687,0.8925974620956535,3.9750928961748633,1.0121387631833243,-1.416893560784523
Sambucus nigra,765394,53.1579867408,8.1558154151,365087299,365087299,"c(8.1558154151, 53.1579867408)",1,1.292100429534912,16.750000000000057,-0.3499999999999659,4.909,1.292100429534912,16.750000000000057,-0.3499999999999659,4.909,Sambucus_nigra,0.7540488243103027,3.5494046211242676,2.795355796813965,0.192480544279143,12.750000000000057,20.950000000000045,8.199999999999989,0.48780487804878114,-9.449999999999989,7.250000000000057,16.700000000000045,0.5449101796407184,1.054,7.063,6.0089999999999995,0.6415376934598103,1.4425532426990446,0.43190954905472156,-0.348343335991098,16.689890710382553,1.058349320731795,0.056795321204478506,-0.24344262295078586,2.9055007806787687,-0.03667435842997317,3.9750928961748633,1.0121387631833243,0.9227065870769164
Sambucus nigra,765394,-43.567465,172.6283814,43760639,43760639,"c(172.6283814, -43.567465)",1,0.8606035113334656,16.350000000000023,2.750000000000057,2.727,0.8606035113334656,16.350000000000023,2.750000000000057,2.727,Sambucus_nigra,0.7540488243103027,3.5494046211242676,2.795355796813965,0.038118470337339394,12.750000000000057,20.950000000000045,8.199999999999989,0.4390243902438989,-9.449999999999989,7.250000000000057,16.700000000000045,0.7305389221556894,1.054,7.063,6.0089999999999995,0.2784157097686803,1.4425532426990446,0.43190954905472156,-1.3473879719474502,16.689890710382553,1.058349320731795,-0.32115172535615455,-0.24344262295078586,2.9055007806787687,1.0302673614327955,3.9750928961748633,1.0121387631833243,-1.2331242924136498
Sambucus nigra,765394,41.13435,-3.514998,62591758,62591758,"c(-3.514998, 41.13435)",1,1.000740885734558,17.450000000000045,-3.249999999999943,3.332,1.000740885734558,17.450000000000045,-3.249999999999943,3.332,Sambucus_nigra,0.7540488243103027,3.5494046211242676,2.795355796813965,0.08825068411878915,12.750000000000057,20.950000000000045,8.199999999999989,0.5731707317073165,-9.449999999999989,7.250000000000057,16.700000000000045,0.3712574850299418,1.054,7.063,6.0089999999999995,0.3790980196372108,1.4425532426990446,0.43190954905472156,-1.0229279670510603,16.689890710382553,1.058349320731795,0.7182026526855192,-0.24344262295078586,2.9055007806787687,-1.034781128624161,3.9750928961748633,1.0121387631833243,-0.6353801667987128
Sonchus oleraceus,53294,-36.7216503864,175.8067628369,128108025,128108025,"c(175.8067628369, -36.7216503864)",1,3.7271716594696045,18.950000000000045,11.850000000000023,4.902,3.7271716594696045,18.950000000000045,11.850000000000023,4.902,Sonchus_oleraceus,0.444887638092041,3.7271716594696045,3.2822840213775635,1,15.750000000000057,25.350000000000023,9.599999999999966,0.3333333333333333,1.9500000000000455,14.450000000000045,12.5,0.79199999999999815,0.857,6.604,5.747,0.7038454846006612,2.0945448109916613,0.7981873617480859,2.045418064378239,17.416666666666707,2.081794098047794,0.7365441831020775,6.293137254902,2.2022947034364675,2.5232148705743502,4.5161372549019605,1.219060819149034,0.31652460569390733
Sonchus oleraceus,53294,-36.8977655865,174.9340861485,140048739,140048739,"c(174.9340861485, -36.8977655865)",1,1.6775144338607788,19.450000000000045,9.450000000000045,3.237,1.6775144338607788,19.450000000000045,9.450000000000045,3.237,Sonchus_oleraceus,0.444887638092041,3.7271716594696045,3.2822840213775635,0.37553934630294683,15.750000000000057,25.350000000000023,9.599999999999966,0.38541666666666685,1.9500000000000455,14.450000000000045,12.5,0.6,0.857,6.604,5.747,0.41412911084043846,2.0945448109916613,0.7981873617480859,-0.5224717868465832,17.416666666666707,2.081794098047794,0.9767216341136237,6.293137254902,2.2022947034364675,1.4334424635231913,4.5161372549019605,1.219060819149034,-1.049280917579537
Sonchus oleraceus,53294,32.7415361111,-16.7027666667,252758778,252758778,"c(-16.7027666667, 32.7415361111)",1,2.1022088527679443,21.05000000000001,14.450000000000045,5.545,2.1022088527679443,21.05000000000001,14.450000000000045,5.545,Sonchus_oleraceus,0.444887638092041,3.7271716594696045,3.2822840213775635,0.5049292516679684,15.750000000000057,25.350000000000023,9.599999999999966,0.5520833333333306,1.9500000000000455,14.450000000000045,12.5,1,0.857,6.604,5.747,0.8157299460588132,2.0945448109916613,0.7981873617480859,0.009601807975884518,17.416666666666707,2.081794098047794,1.7452894773505552,6.293137254902,2.2022947034364675,3.703801644879794,4.5161372549019605,1.219060819149034,0.843979831798907
Sonchus oleraceus,53294,51.4888166667,-0.2344833333,259193812,259193812,"c(-0.2344833333, 51.4888166667)",1,0.965961217880249,16.850000000000023,1.9500000000000455,2.833,0.965961217880249,16.850000000000023,1.9500000000000455,2.833,Sonchus_oleraceus,0.444887638092041,3.7271716594696045,3.2822840213775635,0.15875334870305197,15.750000000000057,25.350000000000023,9.599999999999966,0.11458333333333019,1.9500000000000455,14.450000000000045,12.5,0,0.857,6.604,5.747,0.3438315642944145,2.0945448109916613,0.7981873617480859,-1.4139331780945963,17.416666666666707,2.081794098047794,-0.2722011111464274,6.293137254902,2.2022947034364675,-1.9720963085117125,4.5161372549019605,1.219060819149034,-1.380683579082523
Sonchus oleraceus,53294,-35.2263767935,173.9500178646,266701489,266701489,"c(173.9500178646, -35.2263767935)",1,1.8000463247299194,19.150000000000034,9.150000000000034,3.794,1.8000463247299194,19.150000000000034,9.150000000000034,3.794,Sonchus_oleraceus,0.444887638092041,3.7271716594696045,3.2822840213775635,0.4128706345373253,15.750000000000057,25.350000000000023,9.599999999999966,0.3541666666666656,1.9500000000000455,14.450000000000045,12.5,0.5759999999999991,0.857,6.604,5.747,0.5110492430833479,2.0945448109916613,0.7981873617480859,-0.3689590945373649,17.416666666666707,2.081794098047794,0.8326151635066905,6.293137254902,2.2022947034364675,1.29722091264179,4.5161372549019605,1.219060819149034,-0.592371802586559
Sonchus oleraceus,53294,-34.8792309014,173.2918181216,267006647,267006647,"c(173.2918181216, -34.8792309014)",1,2.0125961303710938,19.55000000000001,11.650000000000034,4.97,2.0125961303710938,19.55000000000001,11.650000000000034,4.97,Sonchus_oleraceus,0.444887638092041,3.7271716594696045,3.2822840213775635,0.47762731136871295,15.750000000000057,25.350000000000023,9.599999999999966,0.39583333333333,1.9500000000000455,14.450000000000045,12.5,0.7759999999999991,0.857,6.604,5.747,0.7156777449103879,2.0945448109916613,0.7981873617480859,-0.10266847678606972,17.416666666666707,2.081794098047794,1.0247571243159166,6.293137254902,2.2022947034364675,2.4324005033200913,4.5161372549019605,1.219060819149034,0.3723052516894591
Sonchus oleraceus,53294,-37.756455,144.9479833333,269912127,269912127,"c(144.9479833333, -37.756455)",1,0.6059910655021667,18.850000000000023,6.250000000000057,2.3000000000000003,0.6059910655021667,18.850000000000023,6.250000000000057,2.3000000000000003,Sonchus_oleraceus,0.444887638092041,3.7271716594696045,3.2822840213775635,0.04908271994771225,15.750000000000057,25.350000000000023,9.599999999999966,0.32291666666666424,1.9500000000000455,14.450000000000045,12.5,0.3440000000000009,0.857,6.604,5.747,0.2510875239255264,2.0945448109916613,0.7981873617480859,-1.8649177083303576,17.416666666666707,2.081794098047794,0.6885086928997574,6.293137254902,2.2022947034364675,-0.019587412545029218,4.5161372549019605,1.219060819149034,-1.8179054072535412
Sonchus oleraceus,53294,-37.8020776,144.9822717126,269913226,269913226,"c(144.9822717126, -37.8020776)",1,0.6677497029304504,18.850000000000023,6.550000000000011,2.6,0.6677497029304504,18.850000000000023,6.550000000000011,2.6,Sonchus_oleraceus,0.444887638092041,3.7271716594696045,3.2822840213775635,0.06789847051227303,15.750000000000057,25.350000000000023,9.599999999999966,0.32291666666666424,1.9500000000000455,14.450000000000045,12.5,0.3679999999999973,0.857,6.604,5.747,0.30328867235079177,2.0945448109916613,0.7981873617480859,-1.7875440985891211,17.416666666666707,2.081794098047794,0.6885086928997574,6.293137254902,2.2022947034364675,0.11663413833634628,4.5161372549019605,1.219060819149034,-1.571814321979047
Sonchus oleraceus,53294,49.5895861111,-1.2449,293661040,293661040,"c(-1.2449, 49.5895861111)",1,2.028669595718384,16.650000000000034,5.4500000000000455,6.024,2.028669595718384,16.650000000000034,5.4500000000000455,6.024,Sonchus_oleraceus,0.444887638092041,3.7271716594696045,3.2822840213775635,0.4825243480793094,15.750000000000057,25.350000000000023,9.599999999999966,0.09374999999999796,1.9500000000000455,14.450000000000045,12.5,0.28,0.857,6.604,5.747,0.8990777797111537,2.0945448109916613,0.7981873617480859,-0.08253101769114239,17.416666666666707,2.081794098047794,-0.36827209155104046,6.293137254902,2.2022947034364675,-0.3828448815620908,4.5161372549019605,1.219060819149034,1.2369052646205165
Sonchus oleraceus,53294,49.6616888889,-1.6975222222,295342269,295342269,"c(-1.6975222222, 49.6616888889)",1,1.7520263195037842,16.450000000000045,5.050000000000011,4.107,1.7520263195037842,16.450000000000045,5.050000000000011,4.107,Sonchus_oleraceus,0.444887638092041,3.7271716594696045,3.2822840213775635,0.39824057665282164,15.750000000000057,25.350000000000023,9.599999999999966,0.07291666666666574,1.9500000000000455,14.450000000000045,12.5,0.24799999999999728,0.857,6.604,5.747,0.565512441273708,2.0945448109916613,0.7981873617480859,-0.4291204144572495,17.416666666666707,2.081794098047794,-0.4643430719556535,6.293137254902,2.2022947034364675,-0.5644736160706345,4.5161372549019605,1.219060819149034,-0.33561677028350295
Sonchus oleraceus,53294,49.6617027778,-1.6975194444,295342272,295342272,"c(-1.6975194444, 49.6617027778)",1,1.7520263195037842,16.450000000000045,5.050000000000011,4.107,1.7520263195037842,16.450000000000045,5.050000000000011,4.107,Sonchus_oleraceus,0.444887638092041,3.7271716594696045,3.2822840213775635,0.39824057665282164,15.750000000000057,25.350000000000023,9.599999999999966,0.07291666666666574,1.9500000000000455,14.450000000000045,12.5,0.24799999999999728,0.857,6.604,5.747,0.565512441273708,2.0945448109916613,0.7981873617480859,-0.4291204144572495,17.416666666666707,2.081794098047794,-0.4643430719556535,6.293137254902,2.2022947034364675,-0.5644736160706345,4.5161372549019605,1.219060819149034,-0.33561677028350295
Sonchus oleraceus,53294,49.6617027778,-1.6975361111,295342277,295342277,"c(-1.6975361111, 49.6617027778)",1,1.7520263195037842,16.450000000000045,5.050000000000011,4.107,1.7520263195037842,16.450000000000045,5.050000000000011,4.107,Sonchus_oleraceus,0.444887638092041,3.7271716594696045,3.2822840213775635,0.39824057665282164,15.750000000000057,25.350000000000023,9.599999999999966,0.07291666666666574,1.9500000000000455,14.450000000000045,12.5,0.24799999999999728,0.857,6.604,5.747,0.565512441273708,2.0945448109916613,0.7981873617480859,-0.4291204144572495,17.416666666666707,2.081794098047794,-0.4643430719556535,6.293137254902,2.2022947034364675,-0.5644736160706345,4.5161372549019605,1.219060819149034,-0.33561677028350295
Sonchus oleraceus,53294,49.6608916667,-1.6999861111,295345855,295345855,"c(-1.6999861111, 49.6608916667)",1,1.7520263195037842,16.450000000000045,5.050000000000011,4.107,1.7520263195037842,16.450000000000045,5.050000000000011,4.107,Sonchus_oleraceus,0.444887638092041,3.7271716594696045,3.2822840213775635,0.39824057665282164,15.750000000000057,25.350000000000023,9.599999999999966,0.07291666666666574,1.9500000000000455,14.450000000000045,12.5,0.24799999999999728,0.857,6.604,5.747,0.565512441273708,2.0945448109916613,0.7981873617480859,-0.4291204144572495,17.416666666666707,2.081794098047794,-0.4643430719556535,6.293137254902,2.2022947034364675,-0.5644736160706345,4.5161372549019605,1.219060819149034,-0.33561677028350295
Sonchus oleraceus,53294,49.6729388889,-1.7379416667,295350575,295350575,"c(-1.7379416667, 49.6729388889)",1,1.8641188144683838,16.250000000000057,5.050000000000011,4.586,1.8641188144683838,16.250000000000057,5.050000000000011,4.586,Sonchus_oleraceus,0.444887638092041,3.7271716594696045,3.2822840213775635,0.4323913369875579,15.750000000000057,25.350000000000023,9.599999999999966,0.052083333333333516,1.9500000000000455,14.450000000000045,12.5,0.24799999999999728,0.857,6.604,5.747,0.6488602749260484,2.0945448109916613,0.7981873617480859,-0.2886866011241127,17.416666666666707,2.081794098047794,-0.5604140523602665,6.293137254902,2.2022947034364675,-0.5644736160706345,4.5161372549019605,1.219060819149034,0.05730866253810661
Sonchus oleraceus,53294,49.6729694444,-1.7379638889,295350577,295350577,"c(-1.7379638889, 49.6729694444)",1,1.8641188144683838,16.250000000000057,5.050000000000011,4.586,1.8641188144683838,16.250000000000057,5.050000000000011,4.586,Sonchus_oleraceus,0.444887638092041,3.7271716594696045,3.2822840213775635,0.4323913369875579,15.750000000000057,25.350000000000023,9.599999999999966,0.052083333333333516,1.9500000000000455,14.450000000000045,12.5,0.24799999999999728,0.857,6.604,5.747,0.6488602749260484,2.0945448109916613,0.7981873617480859,-0.2886866011241127,17.416666666666707,2.081794098047794,-0.5604140523602665,6.293137254902,2.2022947034364675,-0.5644736160706345,4.5161372549019605,1.219060819149034,0.05730866253810661
Sonchus oleraceus,53294,49.6729277778,-1.7379388889,295350582,295350582,"c(-1.7379388889, 49.6729277778)",1,1.8641188144683838,16.250000000000057,5.050000000000011,4.586,1.8641188144683838,16.250000000000057,5.050000000000011,4.586,Sonchus_oleraceus,0.444887638092041,3.7271716594696045,3.2822840213775635,0.4323913369875579,15.750000000000057,25.350000000000023,9.599999999999966,0.052083333333333516,1.9500000000000455,14.450000000000045,12.5,0.24799999999999728,0.857,6.604,5.747,0.6488602749260484,2.0945448109916613,0.7981873617480859,-0.2886866011241127,17.416666666666707,2.081794098047794,-0.5604140523602665,6.293137254902,2.2022947034364675,-0.5644736160706345,4.5161372549019605,1.219060819149034,0.05730866253810661
Sonchus oleraceus,53294,49.7196888889,-2.1773861111,303927789,303927789,"c(-2.1773861111, 49.7196888889)",1,2.704892158508301,15.950000000000045,6.4500000000000455,5.93,2.704892158508301,15.950000000000045,6.4500000000000455,5.93,Sonchus_oleraceus,0.444887638092041,3.7271716594696045,3.2822840213775635,0.6885463005933726,15.750000000000057,25.350000000000023,9.599999999999966,0.020833333333332222,1.9500000000000455,14.450000000000045,12.5,0.36,0.857,6.604,5.747,0.8827214198712371,2.0945448109916613,0.7981873617480859,0.764666764680333,17.416666666666707,2.081794098047794,-0.7045205229671997,6.293137254902,2.2022947034364675,0.07122695470922971,4.5161372549019605,1.219060819149034,1.1597967245678413
Sonchus oleraceus,53294,49.7197194444,-2.1774138889,303927794,303927794,"c(-2.1774138889, 49.7197194444)",1,2.704892158508301,15.950000000000045,6.4500000000000455,5.93,2.704892158508301,15.950000000000045,6.4500000000000455,5.93,Sonchus_oleraceus,0.444887638092041,3.7271716594696045,3.2822840213775635,0.6885463005933726,15.750000000000057,25.350000000000023,9.599999999999966,0.020833333333332222,1.9500000000000455,14.450000000000045,12.5,0.36,0.857,6.604,5.747,0.8827214198712371,2.0945448109916613,0.7981873617480859,0.764666764680333,17.416666666666707,2.081794098047794,-0.7045205229671997,6.293137254902,2.2022947034364675,0.07122695470922971,4.5161372549019605,1.219060819149034,1.1597967245678413
Sonchus oleraceus,53294,49.7197222222,-2.1774361111,303927797,303927797,"c(-2.1774361111, 49.7197222222)",1,2.704892158508301,15.950000000000045,6.4500000000000455,5.93,2.704892158508301,15.950000000000045,6.4500000000000455,5.93,Sonchus_oleraceus,0.444887638092041,3.7271716594696045,3.2822840213775635,0.6885463005933726,15.750000000000057,25.350000000000023,9.599999999999966,0.020833333333332222,1.9500000000000455,14.450000000000045,12.5,0.36,0.857,6.604,5.747,0.8827214198712371,2.0945448109916613,0.7981873617480859,0.764666764680333,17.416666666666707,2.081794098047794,-0.7045205229671997,6.293137254902,2.2022947034364675,0.07122695470922971,4.5161372549019605,1.219060819149034,1.1597967245678413
Sonchus oleraceus,53294,49.7197111111,-2.1774388889,303927798,303927798,"c(-2.1774388889, 49.7197111111)",1,2.704892158508301,15.950000000000045,6.4500000000000455,5.93,2.704892158508301,15.950000000000045,6.4500000000000455,5.93,Sonchus_oleraceus,0.444887638092041,3.7271716594696045,3.2822840213775635,0.6885463005933726,15.750000000000057,25.350000000000023,9.599999999999966,0.020833333333332222,1.9500000000000455,14.450000000000045,12.5,0.36,0.857,6.604,5.747,0.8827214198712371,2.0945448109916613,0.7981873617480859,0.764666764680333,17.416666666666707,2.081794098047794,-0.7045205229671997,6.293137254902,2.2022947034364675,0.07122695470922971,4.5161372549019605,1.219060819149034,1.1597967245678413
Sonchus oleraceus,53294,49.7197138889,-2.1774222222,303927799,303927799,"c(-2.1774222222, 49.7197138889)",1,2.704892158508301,15.950000000000045,6.4500000000000455,5.93,2.704892158508301,15.950000000000045,6.4500000000000455,5.93,Sonchus_oleraceus,0.444887638092041,3.7271716594696045,3.2822840213775635,0.6885463005933726,15.750000000000057,25.350000000000023,9.599999999999966,0.020833333333332222,1.9500000000000455,14.450000000000045,12.5,0.36,0.857,6.604,5.747,0.8827214198712371,2.0945448109916613,0.7981873617480859,0.764666764680333,17.416666666666707,2.081794098047794,-0.7045205229671997,6.293137254902,2.2022947034364675,0.07122695470922971,4.5161372549019605,1.219060819149034,1.1597967245678413
Sonchus oleraceus,53294,49.4373722222,-2.3609083333,304167828,304167828,"c(-2.3609083333, 49.4373722222)",1,2.7348597049713135,15.750000000000057,6.250000000000057,6.402,2.7348597049713135,15.750000000000057,6.250000000000057,6.402,Sonchus_oleraceus,0.444887638092041,3.7271716594696045,3.2822840213775635,0.6976763899664535,15.750000000000057,25.350000000000023,9.599999999999966,0,1.9500000000000455,14.450000000000045,12.5,0.3440000000000009,0.857,6.604,5.747,0.964851226726988,2.0945448109916613,0.7981873617480859,0.8022112660081687,17.416666666666707,2.081794098047794,-0.8005915033718127,6.293137254902,2.2022947034364675,-0.019587412545029218,4.5161372549019605,1.219060819149034,1.5469800320663796
Sonchus oleraceus,53294,49.4335888889,-2.3628861111,304168243,304168243,"c(-2.3628861111, 49.4335888889)",1,2.7348597049713135,15.750000000000057,6.250000000000057,6.402,2.7348597049713135,15.750000000000057,6.250000000000057,6.402,Sonchus_oleraceus,0.444887638092041,3.7271716594696045,3.2822840213775635,0.6976763899664535,15.750000000000057,25.350000000000023,9.599999999999966,0,1.9500000000000455,14.450000000000045,12.5,0.3440000000000009,0.857,6.604,5.747,0.964851226726988,2.0945448109916613,0.7981873617480859,0.8022112660081687,17.416666666666707,2.081794098047794,-0.8005915033718127,6.293137254902,2.2022947034364675,-0.019587412545029218,4.5161372549019605,1.219060819149034,1.5469800320663796
Sonchus oleraceus,53294,49.4352861111,-2.3558416667,304170014,304170014,"c(-2.3558416667, 49.4352861111)",1,2.76068115234375,15.850000000000023,6.350000000000023,6.604,2.76068115234375,15.850000000000023,6.350000000000023,6.604,Sonchus_oleraceus,0.444887638092041,3.7271716594696045,3.2822840213775635,0.705543304348104,15.750000000000057,25.350000000000023,9.599999999999966,0.010416666666663152,1.9500000000000455,14.450000000000045,12.5,0.3519999999999982,0.857,6.604,5.747,1,2.0945448109916613,0.7981873617480859,0.8345613740277767,17.416666666666707,2.081794098047794,-0.7525560131695198,6.293137254902,2.2022947034364675,0.025819771082087346,4.5161372549019605,1.219060819149034,1.7126813628178725
Sonchus oleraceus,53294,49.4414861111,-2.3594861111,304171377,304171377,"c(-2.3594861111, 49.4414861111)",1,2.7348597049713135,15.750000000000057,6.250000000000057,6.402,2.7348597049713135,15.750000000000057,6.250000000000057,6.402,Sonchus_oleraceus,0.444887638092041,3.7271716594696045,3.2822840213775635,0.6976763899664535,15.750000000000057,25.350000000000023,9.599999999999966,0,1.9500000000000455,14.450000000000045,12.5,0.3440000000000009,0.857,6.604,5.747,0.964851226726988,2.0945448109916613,0.7981873617480859,0.8022112660081687,17.416666666666707,2.081794098047794,-0.8005915033718127,6.293137254902,2.2022947034364675,-0.019587412545029218,4.5161372549019605,1.219060819149034,1.5469800320663796
Sonchus oleraceus,53294,49.4371388889,-2.3642916667,304173673,304173673,"c(-2.3642916667, 49.4371388889)",1,2.7348597049713135,15.750000000000057,6.250000000000057,6.402,2.7348597049713135,15.750000000000057,6.250000000000057,6.402,Sonchus_oleraceus,0.444887638092041,3.7271716594696045,3.2822840213775635,0.6976763899664535,15.750000000000057,25.350000000000023,9.599999999999966,0,1.9500000000000455,14.450000000000045,12.5,0.3440000000000009,0.857,6.604,5.747,0.964851226726988,2.0945448109916613,0.7981873617480859,0.8022112660081687,17.416666666666707,2.081794098047794,-0.8005915033718127,6.293137254902,2.2022947034364675,-0.019587412545029218,4.5161372549019605,1.219060819149034,1.5469800320663796
Sonchus oleraceus,53294,49.4319416667,-2.3556805556,304176422,304176422,"c(-2.3556805556, 49.4319416667)",1,2.7374749183654785,15.850000000000023,6.350000000000023,6.2330000000000005,2.7374749183654785,15.850000000000023,6.350000000000023,6.2330000000000005,Sonchus_oleraceus,0.444887638092041,3.7271716594696045,3.2822840213775635,0.6984731562965859,15.750000000000057,25.350000000000023,9.599999999999966,0.010416666666663152,1.9500000000000455,14.450000000000045,12.5,0.3519999999999982,0.857,6.604,5.747,0.9354445797807552,2.0945448109916613,0.7981873617480859,0.8054877065025879,17.416666666666707,2.081794098047794,-0.7525560131695198,6.293137254902,2.2022947034364675,0.025819771082087346,4.5161372549019605,1.219060819149034,1.4083487206950815
Sonchus oleraceus,53294,49.4560361111,-2.5339388889,305270165,305270165,"c(-2.5339388889, 49.4560361111)",1,2.8415491580963135,15.950000000000045,6.750000000000057,4.003,2.8415491580963135,15.950000000000045,6.750000000000057,4.003,Sonchus_oleraceus,0.444887638092041,3.7271716594696045,3.2822840213775635,0.730181027721788,15.750000000000057,25.350000000000023,9.599999999999966,0.020833333333332222,1.9500000000000455,14.450000000000045,12.5,0.3840000000000009,0.857,6.604,5.747,0.5474160431529493,2.0945448109916613,0.7981873617480859,0.9358759395396347,17.416666666666707,2.081794098047794,-0.7045205229671997,6.293137254902,2.2022947034364675,0.20744850559063102,4.5161372549019605,1.219060819149034,-0.42092834651199446
Sonchus oleraceus,53294,49.4560972222,-2.5339527778,305270166,305270166,"c(-2.5339527778, 49.4560972222)",1,2.8415491580963135,15.950000000000045,6.750000000000057,4.003,2.8415491580963135,15.950000000000045,6.750000000000057,4.003,Sonchus_oleraceus,0.444887638092041,3.7271716594696045,3.2822840213775635,0.730181027721788,15.750000000000057,25.350000000000023,9.599999999999966,0.020833333333332222,1.9500000000000455,14.450000000000045,12.5,0.3840000000000009,0.857,6.604,5.747,0.5474160431529493,2.0945448109916613,0.7981873617480859,0.9358759395396347,17.416666666666707,2.081794098047794,-0.7045205229671997,6.293137254902,2.2022947034364675,0.20744850559063102,4.5161372549019605,1.219060819149034,-0.42092834651199446
Sonchus oleraceus,53294,49.4561916667,-2.5343277778,305464993,305464993,"c(-2.5343277778, 49.4561916667)",1,2.8415491580963135,15.950000000000045,6.750000000000057,4.003,2.8415491580963135,15.950000000000045,6.750000000000057,4.003,Sonchus_oleraceus,0.444887638092041,3.7271716594696045,3.2822840213775635,0.730181027721788,15.750000000000057,25.350000000000023,9.599999999999966,0.020833333333332222,1.9500000000000455,14.450000000000045,12.5,0.3840000000000009,0.857,6.604,5.747,0.5474160431529493,2.0945448109916613,0.7981873617480859,0.9358759395396347,17.416666666666707,2.081794098047794,-0.7045205229671997,6.293137254902,2.2022947034364675,0.20744850559063102,4.5161372549019605,1.219060819149034,-0.42092834651199446
Sonchus oleraceus,53294,49.4562333333,-2.5350638889,305467096,305467096,"c(-2.5350638889, 49.4562333333)",1,2.8415491580963135,15.950000000000045,6.750000000000057,4.003,2.8415491580963135,15.950000000000045,6.750000000000057,4.003,Sonchus_oleraceus,0.444887638092041,3.7271716594696045,3.2822840213775635,0.730181027721788,15.750000000000057,25.350000000000023,9.599999999999966,0.020833333333332222,1.9500000000000455,14.450000000000045,12.5,0.3840000000000009,0.857,6.604,5.747,0.5474160431529493,2.0945448109916613,0.7981873617480859,0.9358759395396347,17.416666666666707,2.081794098047794,-0.7045205229671997,6.293137254902,2.2022947034364675,0.20744850559063102,4.5161372549019605,1.219060819149034,-0.42092834651199446
Sonchus oleraceus,53294,49.4574694444,-2.5351194444,305468302,305468302,"c(-2.5351194444, 49.4574694444)",1,2.8415491580963135,15.950000000000045,6.750000000000057,4.003,2.8415491580963135,15.950000000000045,6.750000000000057,4.003,Sonchus_oleraceus,0.444887638092041,3.7271716594696045,3.2822840213775635,0.730181027721788,15.750000000000057,25.350000000000023,9.599999999999966,0.020833333333332222,1.9500000000000455,14.450000000000045,12.5,0.3840000000000009,0.857,6.604,5.747,0.5474160431529493,2.0945448109916613,0.7981873617480859,0.9358759395396347,17.416666666666707,2.081794098047794,-0.7045205229671997,6.293137254902,2.2022947034364675,0.20744850559063102,4.5161372549019605,1.219060819149034,-0.42092834651199446
Sonchus oleraceus,53294,49.4572888889,-2.5352361111,305711613,305711613,"c(-2.5352361111, 49.4572888889)",1,2.8415491580963135,15.950000000000045,6.750000000000057,4.003,2.8415491580963135,15.950000000000045,6.750000000000057,4.003,Sonchus_oleraceus,0.444887638092041,3.7271716594696045,3.2822840213775635,0.730181027721788,15.750000000000057,25.350000000000023,9.599999999999966,0.020833333333332222,1.9500000000000455,14.450000000000045,12.5,0.3840000000000009,0.857,6.604,5.747,0.5474160431529493,2.0945448109916613,0.7981873617480859,0.9358759395396347,17.416666666666707,2.081794098047794,-0.7045205229671997,6.293137254902,2.2022947034364675,0.20744850559063102,4.5161372549019605,1.219060819149034,-0.42092834651199446
Sonchus oleraceus,53294,49.4492305556,-2.5328888889,305713225,305713225,"c(-2.5328888889, 49.4492305556)",1,2.8371989727020264,16.05000000000001,6.850000000000023,5.261,2.8371989727020264,16.05000000000001,6.850000000000023,5.261,Sonchus_oleraceus,0.444887638092041,3.7271716594696045,3.2822840213775635,0.728855674593919,15.750000000000057,25.350000000000023,9.599999999999966,0.031249999999995375,1.9500000000000455,14.450000000000045,12.5,0.3919999999999982,0.857,6.604,5.747,0.7663128588828955,2.0945448109916613,0.7981873617480859,0.9304258590162349,17.416666666666707,2.081794098047794,-0.6564850327649068,6.293137254902,2.2022947034364675,0.2528556892177476,4.5161372549019605,1.219060819149034,0.6110136044057191
Sonchus oleraceus,53294,49.4347916667,-2.5418083333,305724617,305724617,"c(-2.5418083333, 49.4347916667)",1,2.9327824115753174,15.750000000000057,6.4500000000000455,4.993,2.9327824115753174,15.750000000000057,6.4500000000000455,4.993,Sonchus_oleraceus,0.444887638092041,3.7271716594696045,3.2822840213775635,0.7579766885740483,15.750000000000057,25.350000000000023,9.599999999999966,0,1.9500000000000455,14.450000000000045,12.5,0.36,0.857,6.604,5.747,0.7196798329563251,2.0945448109916613,0.7981873617480859,1.0501764883220617,17.416666666666707,2.081794098047794,-0.8005915033718127,6.293137254902,2.2022947034364675,0.07122695470922971,4.5161372549019605,1.219060819149034,0.39117223489383746
Sonchus oleraceus,53294,49.2151023331,-2.0312591194,305734025,305734025,"c(-2.0312591194, 49.2151023331)",1,2.7794926166534424,16.450000000000045,6.050000000000011,4.84,2.7794926166534424,16.450000000000045,6.050000000000011,4.84,Sonchus_oleraceus,0.444887638092041,3.7271716594696045,3.2822840213775635,0.7112745159639097,15.750000000000057,25.350000000000023,9.599999999999966,0.07291666666666574,1.9500000000000455,14.450000000000045,12.5,0.3279999999999973,0.857,6.604,5.747,0.6930572472594396,2.0945448109916613,0.7981873617480859,0.8581291041262513,17.416666666666707,2.081794098047794,-0.4643430719556535,6.293137254902,2.2022947034364675,-0.11040177979931397,4.5161372549019605,1.219060819149034,0.2656657814038449
Sonchus oleraceus,53294,49.2281694444,-2.0271861111,305737913,305737913,"c(-2.0271861111, 49.2281694444)",1,2.6759653091430664,16.450000000000045,6.050000000000011,5.168,2.6759653091430664,16.450000000000045,6.050000000000011,5.168,Sonchus_oleraceus,0.444887638092041,3.7271716594696045,3.2822840213775635,0.6797332761333218,15.750000000000057,25.350000000000023,9.599999999999966,0.07291666666666574,1.9500000000000455,14.450000000000045,12.5,0.3279999999999973,0.857,6.604,5.747,0.7501305028710632,2.0945448109916613,0.7981873617480859,0.7284260889298644,17.416666666666707,2.081794098047794,-0.4643430719556535,6.293137254902,2.2022947034364675,-0.11040177979931397,4.5161372549019605,1.219060819149034,0.5347253679706258
Sonchus oleraceus,53294,48.6298111111,-2.4654583333,305830848,305830848,"c(-2.4654583333, 48.6298111111)",1,1.3724642992019653,16.750000000000057,4.9500000000000455,4.158,1.3724642992019653,16.750000000000057,4.9500000000000455,4.158,Sonchus_oleraceus,0.444887638092041,3.7271716594696045,3.2822840213775635,0.28260097391590855,15.750000000000057,25.350000000000023,9.599999999999966,0.10416666666666703,1.9500000000000455,14.450000000000045,12.5,0.24,0.857,6.604,5.747,0.5743866365060032,2.0945448109916613,0.7981873617480859,-0.9046503946245019,17.416666666666707,2.081794098047794,-0.3202366013487203,6.293137254902,2.2022947034364675,-0.609880799697751,4.5161372549019605,1.219060819149034,-0.29378128578683876
Sonchus oleraceus,53294,48.6297694444,-2.4652277778,305833257,305833257,"c(-2.4652277778, 48.6297694444)",1,1.3724642992019653,16.750000000000057,4.9500000000000455,4.158,1.3724642992019653,16.750000000000057,4.9500000000000455,4.158,Sonchus_oleraceus,0.444887638092041,3.7271716594696045,3.2822840213775635,0.28260097391590855,15.750000000000057,25.350000000000023,9.599999999999966,0.10416666666666703,1.9500000000000455,14.450000000000045,12.5,0.24,0.857,6.604,5.747,0.5743866365060032,2.0945448109916613,0.7981873617480859,-0.9046503946245019,17.416666666666707,2.081794098047794,-0.3202366013487203,6.293137254902,2.2022947034364675,-0.609880799697751,4.5161372549019605,1.219060819149034,-0.29378128578683876
Sonchus oleraceus,53294,48.6297916667,-2.4649722222,305835485,305835485,"c(-2.4649722222, 48.6297916667)",1,1.3724642992019653,16.750000000000057,4.9500000000000455,4.158,1.3724642992019653,16.750000000000057,4.9500000000000455,4.158,Sonchus_oleraceus,0.444887638092041,3.7271716594696045,3.2822840213775635,0.28260097391590855,15.750000000000057,25.350000000000023,9.599999999999966,0.10416666666666703,1.9500000000000455,14.450000000000045,12.5,0.24,0.857,6.604,5.747,0.5743866365060032,2.0945448109916613,0.7981873617480859,-0.9046503946245019,17.416666666666707,2.081794098047794,-0.3202366013487203,6.293137254902,2.2022947034364675,-0.609880799697751,4.5161372549019605,1.219060819149034,-0.29378128578683876
Sonchus oleraceus,53294,48.6298777778,-2.4650055556,305951958,305951958,"c(-2.4650055556, 48.6298777778)",1,1.3724642992019653,16.750000000000057,4.9500000000000455,4.158,1.3724642992019653,16.750000000000057,4.9500000000000455,4.158,Sonchus_oleraceus,0.444887638092041,3.7271716594696045,3.2822840213775635,0.28260097391590855,15.750000000000057,25.350000000000023,9.599999999999966,0.10416666666666703,1.9500000000000455,14.450000000000045,12.5,0.24,0.857,6.604,5.747,0.5743866365060032,2.0945448109916613,0.7981873617480859,-0.9046503946245019,17.416666666666707,2.081794098047794,-0.3202366013487203,6.293137254902,2.2022947034364675,-0.609880799697751,4.5161372549019605,1.219060819149034,-0.29378128578683876
Sonchus oleraceus,53294,-35.5874221993,146.7773876844,30736421,30736421,"c(146.7773876844, -35.5874221993)",1,0.45672520995140076,23.05000000000001,3.750000000000057,3.565,0.45672520995140076,23.05000000000001,3.750000000000057,3.565,Sonchus_oleraceus,0.444887638092041,3.7271716594696045,3.2822840213775635,0.003606504428703142,15.750000000000057,25.350000000000023,9.599999999999966,0.7604166666666646,1.9500000000000455,14.450000000000045,12.5,0.1440000000000009,0.857,6.604,5.747,0.471202366452062,2.0945448109916613,0.7981873617480859,-2.051923745639522,17.416666666666707,2.081794098047794,2.70599928139674,6.293137254902,2.2022947034364675,-1.1547670032233304,4.5161372549019605,1.219060819149034,-0.7802213310127565
Sonchus oleraceus,53294,45.9671805556,-1.2422805556,315597462,315597462,"c(-1.2422805556, 45.9671805556)",1,1.095029592514038,19.55000000000001,4.850000000000023,4.146,1.095029592514038,19.55000000000001,4.850000000000023,4.146,Sonchus_oleraceus,0.444887638092041,3.7271716594696045,3.2822840213775635,0.1980760806156972,15.750000000000057,25.350000000000023,9.599999999999966,0.39583333333333,1.9500000000000455,14.450000000000045,12.5,0.23199999999999818,0.857,6.604,5.747,0.5722985905689925,2.0945448109916613,0.7981873617480859,-1.2522313260994453,17.416666666666707,2.081794098047794,1.0247571243159166,6.293137254902,2.2022947034364675,-0.6552879833248934,4.5161372549019605,1.219060819149034,-0.3036249291978189
Sonchus oleraceus,53294,45.9690666667,-1.2386472222,315735494,315735494,"c(-1.2386472222, 45.9690666667)",1,1.0868557691574097,19.55000000000001,4.850000000000023,4.541,1.0868557691574097,19.55000000000001,4.850000000000023,4.541,Sonchus_oleraceus,0.444887638092041,3.7271716594696045,3.2822840213775635,0.19558579540473064,15.750000000000057,25.350000000000023,9.599999999999966,0.39583333333333,1.9500000000000455,14.450000000000045,12.5,0.23199999999999818,0.857,6.604,5.747,0.6410301026622586,2.0945448109916613,0.7981873617480859,-1.2624718081571005,17.416666666666707,2.081794098047794,1.0247571243159166,6.293137254902,2.2022947034364675,-0.6552879833248934,4.5161372549019605,1.219060819149034,0.0203949997469325
Sonchus oleraceus,53294,-43.6440171167,172.4688657,317070544,317070544,"c(172.4688657, -43.6440171167)",1,0.6906266808509827,17.05000000000001,1.9500000000000455,4.218,0.6906266808509827,17.05000000000001,1.9500000000000455,4.218,Sonchus_oleraceus,0.444887638092041,3.7271716594696045,3.2822840213775635,0.07486830547217721,15.750000000000057,25.350000000000023,9.599999999999966,0.1354166666666624,1.9500000000000455,14.450000000000045,12.5,0,0.857,6.604,5.747,0.5848268661910562,2.0945448109916613,0.7981873617480859,-1.7588829357884097,17.416666666666707,2.081794098047794,-0.17613013074181444,6.293137254902,2.2022947034364675,-1.9720963085117125,4.5161372549019605,1.219060819149034,-0.2445630687319402
Sonchus oleraceus,53294,43.3631805556,-1.7887277778,320606912,320606912,"c(-1.7887277778, 43.3631805556)",1,2.6777169704437256,19.850000000000023,6.650000000000034,3.354,2.6777169704437256,19.850000000000023,6.650000000000034,3.354,Sonchus_oleraceus,0.444887638092041,3.7271716594696045,3.2822840213775635,0.6802669475917485,15.750000000000057,25.350000000000023,9.599999999999966,0.4270833333333313,1.9500000000000455,14.450000000000045,12.5,0.3759999999999991,0.857,6.604,5.747,0.43448755872629197,2.0945448109916613,0.7981873617480859,0.7306206379600857,17.416666666666707,2.081794098047794,1.1688635949228496,6.293137254902,2.2022947034364675,0.16204132196348867,4.5161372549019605,1.219060819149034,-0.9533053943224842
Sonchus oleraceus,53294,-35.0493907304,173.7440822015,322478761,322478761,"c(173.7440822015, -35.0493907304)",1,1.6893833875656128,19.750000000000057,9.750000000000057,4.69,1.6893833875656128,19.750000000000057,9.750000000000057,4.69,Sonchus_oleraceus,0.444887638092041,3.7271716594696045,3.2822840213775635,0.3791554117096975,15.750000000000057,25.350000000000023,9.599999999999966,0.41666666666666813,1.9500000000000455,14.450000000000045,12.5,0.6240000000000009,0.857,6.604,5.747,0.6669566730468071,2.0945448109916613,0.7981873617480859,-0.507601902564226,17.416666666666707,2.081794098047794,1.1208281047205568,6.293137254902,2.2022947034364675,1.5696640144045926,4.5161372549019605,1.219060819149034,0.1426202387665981
Sonchus oleraceus,53294,43.3725972222,-1.7792333333,324906385,324906385,"c(-1.7792333333, 43.3725972222)",1,2.6506524085998535,19.850000000000023,6.750000000000057,3.371,2.6506524085998535,19.850000000000023,6.750000000000057,3.371,Sonchus_oleraceus,0.444887638092041,3.7271716594696045,3.2822840213775635,0.6720212986266986,15.750000000000057,25.350000000000023,9.599999999999966,0.4270833333333313,1.9500000000000455,14.450000000000045,12.5,0.3840000000000009,0.857,6.604,5.747,0.4374456238037237,2.0945448109916613,0.7981873617480859,0.6967131080480625,17.416666666666707,2.081794098047794,1.1688635949228496,6.293137254902,2.2022947034364675,0.20744850559063102,4.5161372549019605,1.219060819149034,-0.9393602328235963
Sonchus oleraceus,53294,37.1814982,-3.6060395,344742382,344742382,"c(-3.6060395, 37.1814982)",1,0.444887638092041,25.350000000000023,2.250000000000057,0.857,0.444887638092041,25.350000000000023,2.250000000000057,0.857,Sonchus_oleraceus,0.444887638092041,3.7271716594696045,3.2822840213775635,0,15.750000000000057,25.350000000000023,9.599999999999966,1,1.9500000000000455,14.450000000000045,12.5,0.02400000000000091,0.857,6.604,5.747,0,2.0945448109916613,0.7981873617480859,-2.066754313532046,17.416666666666707,2.081794098047794,3.810815556049858,6.293137254902,2.2022947034364675,-1.8358747576303112,4.5161372549019605,1.219060819149034,-3.00160352742386
Sonchus oleraceus,53294,43.3681861111,-1.7833777778,358226179,358226179,"c(-1.7833777778, 43.3681861111)",1,2.6506524085998535,19.850000000000023,6.750000000000057,3.371,2.6506524085998535,19.850000000000023,6.750000000000057,3.371,Sonchus_oleraceus,0.444887638092041,3.7271716594696045,3.2822840213775635,0.6720212986266986,15.750000000000057,25.350000000000023,9.599999999999966,0.4270833333333313,1.9500000000000455,14.450000000000045,12.5,0.3840000000000009,0.857,6.604,5.747,0.4374456238037237,2.0945448109916613,0.7981873617480859,0.6967131080480625,17.416666666666707,2.081794098047794,1.1688635949228496,6.293137254902,2.2022947034364675,0.20744850559063102,4.5161372549019605,1.219060819149034,-0.9393602328235963
Sonchus oleraceus,53294,-37.7768333333,175.26915,94678487,94678487,"c(175.26915, -37.7768333333)",1,1.4642374515533447,18.650000000000034,5.650000000000034,2.8120000000000003,1.4642374515533447,18.650000000000034,5.650000000000034,2.8120000000000003,Sonchus_oleraceus,0.444887638092041,3.7271716594696045,3.2822840213775635,0.31056112354149235,15.750000000000057,25.350000000000023,9.599999999999966,0.30208333333333204,1.9500000000000455,14.450000000000045,12.5,0.2959999999999991,0.857,6.604,5.747,0.34017748390464597,2.0945448109916613,0.7981873617480859,-0.7896734396519378,17.416666666666707,2.081794098047794,0.5924377124951443,6.293137254902,2.2022947034364675,-0.29203051430783183,4.5161372549019605,1.219060819149034,-1.3979099550517373
Umbilicus rupestris,129454,50.508675,-4.1502388333,100597079,100597079,"c(-4.1502388333, 50.508675)",1,2.324803590774536,15.550000000000011,2.8500000000000227,3.025,2.324803590774536,15.550000000000011,2.8500000000000227,3.025,Umbilicus_rupestris,0.3950655162334442,6.1157755851745605,5.720710068941116,0.3373249214320487,13.150000000000034,28.05000000000001,14.899999999999977,0.16107382550335442,-0.3499999999999659,11.350000000000023,11.699999999999989,0.2735042735042728,0.857,7.191,6.334,0.34227976002526056,1.4804231460350918,0.9840136227260619,0.8580983283546575,19.70896414342633,3.6126153023411103,-1.1512336065041724,5.518525896414379,2.5755165342755406,-1.0361128965397917,3.569262948207171,1.364850562729002,-0.39877109118739285
Umbilicus rupestris,129454,37.884253,-4.792936,103523669,103523669,"c(-4.792936, 37.884253)",1,0.526385486125946,27.950000000000045,4.550000000000011,1.6640000000000001,0.526385486125946,27.950000000000045,4.550000000000011,1.6640000000000001,Umbilicus_rupestris,0.3950655162334442,6.1157755851745605,5.720710068941116,0.02295518708515999,13.150000000000034,28.05000000000001,14.899999999999977,0.9932885906040291,-0.3499999999999659,11.350000000000023,11.699999999999989,0.41880341880341726,0.857,7.191,6.334,0.12740764130091572,1.4804231460350918,0.9840136227260619,-0.9695370448898134,19.70896414342633,3.6126153023411103,2.2811827905487796,5.518525896414379,2.5755165342755406,-0.3760511274243483,3.569262948207171,1.364850562729002,-1.395949857248563
Umbilicus rupestris,129454,37.1726074219,-3.5873811245,104920049,104920049,"c(-3.5873811245, 37.1726074219)",1,0.4853658676147461,25.05000000000001,1.9500000000000455,0.858,0.4853658676147461,25.05000000000001,1.9500000000000455,0.858,Umbilicus_rupestris,0.3950655162334442,6.1157755851745605,5.720710068941116,0.015784815222774636,13.150000000000034,28.05000000000001,14.899999999999977,0.7986577181208051,-0.3499999999999659,11.350000000000023,11.699999999999989,0.19658119658119774,0.857,7.191,6.334,1.578781180928325e-4,1.4804231460350918,0.9840136227260619,-1.0112230719567572,19.70896414342633,3.6126153023411103,1.478440246076711,5.518525896414379,2.5755165342755406,-1.3855573625420787,3.569262948207171,1.364850562729002,-1.986490698868918
Umbilicus rupestris,129454,53.7439472222,-2.0098138889,106322853,106322853,"c(-2.0098138889, 53.7439472222)",1,2.2252514362335205,14.450000000000045,0.6500000000000341,4.15,2.2252514362335205,14.450000000000045,0.6500000000000341,4.15,Umbilicus_rupestris,0.3950655162334442,6.1157755851745605,5.720710068941116,0.31992285886616123,13.150000000000034,28.05000000000001,14.899999999999977,0.08724832214765191,-0.3499999999999659,11.350000000000023,11.699999999999989,0.08547008547008556,0.857,7.191,6.334,0.5198926428796969,1.4804231460350918,0.9840136227260619,0.7569288402075104,19.70896414342633,3.6126153023411103,-1.4557221578556336,5.518525896414379,2.5755165342755406,-1.890310480100955,3.569262948207171,1.364850562729002,0.425494971868314
Umbilicus rupestris,129454,50.817995,-1.4518533333,107317535,107317535,"c(-1.4518533333, 50.817995)",1,1.4216055870056152,16.650000000000034,3.5500000000000114,4.338,1.4216055870056152,16.650000000000034,3.5500000000000114,4.338,Umbilicus_rupestris,0.3950655162334442,6.1157755851745605,5.720710068941116,0.17944277168414166,13.150000000000034,28.05000000000001,14.899999999999977,0.23489932885906076,-0.3499999999999659,11.350000000000023,11.699999999999989,0.3333333333333317,0.857,7.191,6.334,0.5495737290811493,1.4804231460350918,0.9840136227260619,-0.05977311459015313,19.70896414342633,3.6126153023411103,-0.8467450551526953,5.518525896414379,2.5755165342755406,-0.7643227563157882,3.569262948207171,1.364850562729002,0.563238989516734
Umbilicus rupestris,129454,48.80431375,-3.03071915,107725845,107725845,"c(-3.03071915, 48.80431375)",1,1.7746028900146484,16.350000000000023,5.550000000000011,4.942,1.7746028900146484,16.350000000000023,5.550000000000011,4.942,Umbilicus_rupestris,0.3950655162334442,6.1157755851745605,5.720710068941116,0.24114792694546602,13.150000000000034,28.05000000000001,14.899999999999977,0.2147651006711405,-0.3499999999999659,11.350000000000023,11.699999999999989,0.5042735042735028,0.857,7.191,6.334,0.6449321124092201,1.4804231460350918,0.9840136227260619,0.2989590155922596,19.70896414342633,3.6126153023411103,-0.9297873873394632,5.518525896414379,2.5755165342755406,0.012220501467091532,3.569262948207171,1.364850562729002,1.0057782802595312
Umbilicus rupestris,129454,38.9616838,-9.2935462997,108775327,108775327,"c(-9.2935462997, 38.9616838)",1,1.0288310050964355,19.850000000000023,8.650000000000034,2.9370000000000003,1.0288310050964355,19.850000000000023,8.650000000000034,2.9370000000000003,Umbilicus_rupestris,0.3950655162334442,6.1157755851745605,5.720710068941116,0.11078440984167882,13.150000000000034,28.05000000000001,14.899999999999977,0.44966442953020125,-0.3499999999999659,11.350000000000023,11.699999999999989,0.7692307692307699,0.857,7.191,6.334,0.3283864856330913,1.4804231460350918,0.9840136227260619,-0.45892874906303444,19.70896414342633,3.6126153023411103,0.03903982150612541,5.518525896414379,2.5755165342755406,1.2158625510305638,3.569262948207171,1.364850562729002,-0.46324701434197224
Umbilicus rupestris,129454,43.3667075334,-8.4032163883,109136682,109136682,"c(-8.4032163883, 43.3667075334)",1,1.6433930397033691,18.650000000000034,7.9500000000000455,3.082,1.6433930397033691,18.650000000000034,7.9500000000000455,3.082,Umbilicus_rupestris,0.3950655162334442,6.1157755851745605,5.720710068941116,0.21821198914577855,13.150000000000034,28.05000000000001,14.899999999999977,0.36912751677852407,-0.3499999999999659,11.350000000000023,11.699999999999989,0.7094017094017111,0.857,7.191,6.334,0.35127881275655193,1.4804231460350918,0.9840136227260619,0.16561751779085507,19.70896414342633,3.6126153023411103,-0.2931295072409304,5.518525896414379,2.5755165342755406,0.9440724108065603,3.569262948207171,1.364850562729002,-0.35700827732590373
Umbilicus rupestris,129454,51.4591986,-2.6084822997,109909985,109909985,"c(-2.6084822997, 51.4591986)",1,1.3830056190490723,16.05000000000001,1.7500000000000568,3.0100000000000002,1.3830056190490723,16.05000000000001,1.7500000000000568,3.0100000000000002,Umbilicus_rupestris,0.3950655162334442,6.1157755851745605,5.720710068941116,0.17269536314719972,13.150000000000034,28.05000000000001,14.899999999999977,0.19463087248322025,-0.3499999999999659,11.350000000000023,11.699999999999989,0.1794871794871816,0.857,7.191,6.334,0.33991158825386814,1.4804231460350918,0.9840136227260619,-0.09900018123340504,19.70896414342633,3.6126153023411103,-1.012829719526231,5.518525896414379,2.5755165342755406,-1.4632116883203623,3.569262948207171,1.364850562729002,-0.40976130536146865
Umbilicus rupestris,129454,38.6465552182,-9.2019678407,110486520,110486520,"c(-9.2019678407, 38.6465552182)",1,0.9932267069816589,20.250000000000057,9.750000000000057,3.321,0.9932267069816589,20.250000000000057,9.750000000000057,3.321,Umbilicus_rupestris,0.3950655162334442,6.1157755851745605,5.720710068941116,0.10456065480328254,13.150000000000034,28.05000000000001,14.899999999999977,0.4765100671140962,-0.3499999999999659,11.350000000000023,11.699999999999989,0.8632478632478661,0.857,7.191,6.334,0.38901168298073896,1.4804231460350918,0.9840136227260619,-0.495111477932316,19.70896414342633,3.6126153023411103,0.14976293108848782,5.518525896414379,2.5755165342755406,1.6429613428111565,3.569262948207171,1.364850562729002,-0.18189753148562451
Umbilicus rupestris,129454,36.7688661993,-5.3969099745,110686209,110686209,"c(-5.3969099745, 36.7688661993)",1,1.7507421970367432,20.850000000000023,1.7500000000000568,5.01,1.7507421970367432,20.850000000000023,1.7500000000000568,5.01,Umbilicus_rupestris,0.3950655162334442,6.1157755851745605,5.720710068941116,0.23697699489501134,13.150000000000034,28.05000000000001,14.899999999999977,0.5167785234899329,-0.3499999999999659,11.350000000000023,11.699999999999989,0.1794871794871816,0.857,7.191,6.334,0.6556678244395326,1.4804231460350918,0.9840136227260619,0.2747106795663794,19.70896414342633,3.6126153023411103,0.31584759546200786,5.518525896414379,2.5755165342755406,-1.4632116883203623,3.569262948207171,1.364850562729002,1.0556005845153424
Umbilicus rupestris,129454,43.5053214,11.6200067,111104816,111104816,"c(11.6200067, 43.5053214)",1,0.7672876119613647,23.150000000000034,0.8500000000000227,1.85,0.7672876119613647,23.150000000000034,0.8500000000000227,1.85,Umbilicus_rupestris,0.3950655162334442,6.1157755851745605,5.720710068941116,0.06506571583635902,13.150000000000034,28.05000000000001,14.899999999999977,0.6711409395973165,-0.3499999999999659,11.350000000000023,11.699999999999989,0.10256410256410169,0.857,7.191,6.334,0.15677297126618253,1.4804231460350918,0.9840136227260619,-0.7247212006050203,19.70896414342633,3.6126153023411103,0.9525054755605407,5.518525896414379,2.5755165342755406,-1.8126561543226714,3.569262948207171,1.364850562729002,-1.2596712014900195
Umbilicus rupestris,129454,50.3816812681,-4.1454259873,137008236,137008236,"c(-4.1454259873, 50.3816812681)",1,2.396056890487671,15.850000000000023,4.350000000000023,3.246,2.396056890487671,15.850000000000023,4.350000000000023,3.246,Umbilicus_rupestris,0.3950655162334442,6.1157755851745605,5.720710068941116,0.3497802458331197,13.150000000000034,28.05000000000001,14.899999999999977,0.18120805369127468,-0.3499999999999659,11.350000000000023,11.699999999999989,0.4017094017094011,0.857,7.191,6.334,0.3771708241237765,1.4804231460350918,0.9840136227260619,0.9305092158337741,19.70896414342633,3.6126153023411103,-1.0681912743174045,5.518525896414379,2.5755165342755406,-0.45370545320263184,3.569262948207171,1.364850562729002,-0.23684860235600508
Umbilicus rupestris,129454,51.45904763,-2.60857998,141266539,141266539,"c(-2.60857998, 51.45904763)",1,1.3830056190490723,16.05000000000001,1.7500000000000568,3.0100000000000002,1.3830056190490723,16.05000000000001,1.7500000000000568,3.0100000000000002,Umbilicus_rupestris,0.3950655162334442,6.1157755851745605,5.720710068941116,0.17269536314719972,13.150000000000034,28.05000000000001,14.899999999999977,0.19463087248322025,-0.3499999999999659,11.350000000000023,11.699999999999989,0.1794871794871816,0.857,7.191,6.334,0.33991158825386814,1.4804231460350918,0.9840136227260619,-0.09900018123340504,19.70896414342633,3.6126153023411103,-1.012829719526231,5.518525896414379,2.5755165342755406,-1.4632116883203623,3.569262948207171,1.364850562729002,-0.40976130536146865
Umbilicus rupestris,129454,42.4959416667,-8.6489866667,141291778,141291778,"c(-8.6489866667, 42.4959416667)",1,2.2901692390441895,19.250000000000057,5.4500000000000455,2.568,2.2901692390441895,19.250000000000057,5.4500000000000455,2.568,Umbilicus_rupestris,0.3950655162334442,6.1157755851745605,5.720710068941116,0.3312707163922961,13.150000000000034,28.05000000000001,14.899999999999977,0.40939597315436455,-0.3499999999999659,11.350000000000023,11.699999999999989,0.4957264957264972,0.857,7.191,6.334,0.27012946005683613,1.4804231460350918,0.9840136227260619,0.8229013037094118,19.70896414342633,3.6126153023411103,-0.12704484286739462,5.518525896414379,2.5755165342755406,-0.02660666142203921,3.569262948207171,1.364850562729002,-0.7336062830242441
Umbilicus rupestris,129454,39.8546754583,9.0540129886,141463183,141463183,"c(9.0540129886, 39.8546754583)",1,0.8144565224647522,22.150000000000034,2.0500000000000114,2.874,0.8144565224647522,22.150000000000034,2.0500000000000114,2.874,Umbilicus_rupestris,0.3950655162334442,6.1157755851745605,5.720710068941116,0.07331100530828612,13.150000000000034,28.05000000000001,14.899999999999977,0.6040268456375848,-0.3499999999999659,11.350000000000023,11.699999999999989,0.20512820512820337,0.857,7.191,6.334,0.3184401641932429,1.4804231460350918,0.9840136227260619,-0.6767859795735136,19.70896414342633,3.6126153023411103,0.6756977016046583,5.518525896414379,2.5755165342755406,-1.346730199652948,3.569262948207171,1.364850562729002,-0.509405913873092
Umbilicus rupestris,129454,38.7687840904,-9.151293399,143527988,143527988,"c(-9.151293399, 38.7687840904)",1,0.8033376932144165,20.850000000000023,8.250000000000057,2.592,0.8033376932144165,20.850000000000023,8.250000000000057,2.592,Umbilicus_rupestris,0.3950655162334442,6.1157755851745605,5.720710068941116,0.07136739531645973,13.150000000000034,28.05000000000001,14.899999999999977,0.5167785234899329,-0.3499999999999659,11.350000000000023,11.699999999999989,0.7350427350427376,0.857,7.191,6.334,0.2739185348910641,1.4804231460350918,0.9840136227260619,-0.6880854463629394,19.70896414342633,3.6126153023411103,0.31584759546200786,5.518525896414379,2.5755165342755406,1.0605538994739967,3.569262948207171,1.364850562729002,-0.7160219403457224
Umbilicus rupestris,129454,47.5624495037,-2.9399107956,143572953,143572953,"c(-2.9399107956, 47.5624495037)",1,1.3655436038970947,17.650000000000034,5.050000000000011,5.508,1.3655436038970947,17.650000000000034,5.050000000000011,5.508,Umbilicus_rupestris,0.3950655162334442,6.1157755851745605,5.720710068941116,0.16964294221666135,13.150000000000034,28.05000000000001,14.899999999999977,0.3020134228187924,-0.3499999999999659,11.350000000000023,11.699999999999989,0.46153846153846007,0.857,7.191,6.334,0.7342911272497632,1.4804231460350918,0.9840136227260619,-0.11674588591542118,19.70896414342633,3.6126153023411103,-0.5699372811968129,5.518525896414379,2.5755165342755406,-0.1819153129786284,3.569262948207171,1.364850562729002,1.4204756950946686
Umbilicus rupestris,129454,51.458925363,-2.6087617502,145354164,145354164,"c(-2.6087617502, 51.458925363)",1,1.3830056190490723,16.05000000000001,1.7500000000000568,3.0100000000000002,1.3830056190490723,16.05000000000001,1.7500000000000568,3.0100000000000002,Umbilicus_rupestris,0.3950655162334442,6.1157755851745605,5.720710068941116,0.17269536314719972,13.150000000000034,28.05000000000001,14.899999999999977,0.19463087248322025,-0.3499999999999659,11.350000000000023,11.699999999999989,0.1794871794871816,0.857,7.191,6.334,0.33991158825386814,1.4804231460350918,0.9840136227260619,-0.09900018123340504,19.70896414342633,3.6126153023411103,-1.012829719526231,5.518525896414379,2.5755165342755406,-1.4632116883203623,3.569262948207171,1.364850562729002,-0.40976130536146865
Umbilicus rupestris,129454,48.4930883333,-4.0399861667,146072248,146072248,"c(-4.0399861667, 48.4930883333)",1,1.8020285367965698,16.150000000000034,3.750000000000057,4.39,1.8020285367965698,16.150000000000034,3.750000000000057,4.39,Umbilicus_rupestris,0.3950655162334442,6.1157755851745605,5.720710068941116,0.2459420253093773,13.150000000000034,28.05000000000001,14.899999999999977,0.20134228187919495,-0.3499999999999659,11.350000000000023,11.699999999999989,0.35042735042735274,0.857,7.191,6.334,0.5577833912219766,1.4804231460350918,0.9840136227260619,0.326830221994812,19.70896414342633,3.6126153023411103,-0.9851489421306365,5.518525896414379,2.5755165342755406,-0.6866684305374825,3.569262948207171,1.364850562729002,0.6013383986535309
Umbilicus rupestris,129454,38.769592,-9.155071,147125405,147125405,"c(-9.155071, 38.769592)",1,0.8033376932144165,20.850000000000023,8.250000000000057,2.592,0.8033376932144165,20.850000000000023,8.250000000000057,2.592,Umbilicus_rupestris,0.3950655162334442,6.1157755851745605,5.720710068941116,0.07136739531645973,13.150000000000034,28.05000000000001,14.899999999999977,0.5167785234899329,-0.3499999999999659,11.350000000000023,11.699999999999989,0.7350427350427376,0.857,7.191,6.334,0.2739185348910641,1.4804231460350918,0.9840136227260619,-0.6880854463629394,19.70896414342633,3.6126153023411103,0.31584759546200786,5.518525896414379,2.5755165342755406,1.0605538994739967,3.569262948207171,1.364850562729002,-0.7160219403457224
Umbilicus rupestris,129454,51.6551084734,-2.6243470998,147335840,147335840,"c(-2.6243470998, 51.6551084734)",1,1.392693281173706,16.450000000000045,1.9500000000000455,5.571,1.392693281173706,16.450000000000045,1.9500000000000455,5.571,Umbilicus_rupestris,0.3950655162334442,6.1157755851745605,5.720710068941116,0.17438880015202715,13.150000000000034,28.05000000000001,14.899999999999977,0.2214765100671152,-0.3499999999999659,11.350000000000023,11.699999999999989,0.19658119658119774,0.857,7.191,6.334,0.7442374486896116,1.4804231460350918,0.9840136227260619,-0.08915513244455232,19.70896414342633,3.6126153023411103,-0.9021066099438686,5.518525896414379,2.5755165342755406,-1.3855573625420787,3.569262948207171,1.364850562729002,1.4666345946257882
Umbilicus rupestris,129454,37.371677739,-5.9857927951,152164686,152164686,"c(-5.9857927951, 37.371677739)",1,0.42163723707199097,26.650000000000034,5.750000000000057,1.829,0.42163723707199097,26.650000000000034,5.750000000000057,1.829,Umbilicus_rupestris,0.3950655162334442,6.1157755851745605,5.720710068941116,0.004644829141544851,13.150000000000034,28.05000000000001,14.899999999999977,0.9060402684563772,-0.3499999999999659,11.350000000000023,11.699999999999989,0.5213675213675238,0.857,7.191,6.334,0.15345753078623303,1.4804231460350918,0.9840136227260619,-1.0759870437869485,19.70896414342633,3.6126153023411103,1.9213326844061291,5.518525896414379,2.5755165342755406,0.08987482724539715,3.569262948207171,1.364850562729002,-1.275057501333726
Umbilicus rupestris,129454,51.9111671447,-8.0612421033,152675859,152675859,"c(-8.0612421033, 51.9111671447)",1,2.486974000930786,15.150000000000034,4.850000000000023,4.918,2.486974000930786,15.150000000000034,4.850000000000023,4.918,Umbilicus_rupestris,0.3950655162334442,6.1157755851745605,5.720710068941116,0.36567287268318893,13.150000000000034,28.05000000000001,14.899999999999977,0.13422818791946328,-0.3499999999999659,11.350000000000023,11.699999999999989,0.4444444444444439,0.857,7.191,6.334,0.6411430375749921,1.4804231460350918,0.9840136227260619,1.0229033741496347,19.70896414342633,3.6126153023411103,-1.261956716086519,5.518525896414379,2.5755165342755406,-0.25956963875691197,3.569262948207171,1.364850562729002,0.9881939375810095
Umbilicus rupestris,129454,55.6664083333,-5.1530055,153300228,153300228,"c(-5.1530055, 55.6664083333)",1,5.506070137023926,13.650000000000034,4.350000000000023,4.5680000000000005,5.506070137023926,13.650000000000034,4.350000000000023,4.5680000000000005,Umbilicus_rupestris,0.3950655162334442,6.1157755851745605,5.720710068941116,0.893421368885508,13.150000000000034,28.05000000000001,14.899999999999977,0.03355704697986582,-0.3499999999999659,11.350000000000023,11.699999999999989,0.4017094017094011,0.857,7.191,6.334,0.5858856962425009,1.4804231460350918,0.9840136227260619,4.091048028213659,19.70896414342633,3.6126153023411103,-1.6771683770203427,5.518525896414379,2.5755165342755406,-0.45370545320263184,3.569262948207171,1.364850562729002,0.7317556068525677
Umbilicus rupestris,129454,50.642975,-4.170645,153794590,153794590,"c(-4.170645, 50.642975)",1,2.4150891304016113,14.950000000000045,2.0500000000000114,5.577,2.4150891304016113,14.950000000000045,2.0500000000000114,5.577,Umbilicus_rupestris,0.3950655162334442,6.1157755851745605,5.720710068941116,0.3531071475087124,13.150000000000034,28.05000000000001,14.899999999999977,0.12080536912751773,-0.3499999999999659,11.350000000000023,11.699999999999989,0.20512820512820337,0.857,7.191,6.334,0.7451847173981686,1.4804231460350918,0.9840136227260619,0.9498506552959783,19.70896414342633,3.6126153023411103,-1.3173182708776923,5.518525896414379,2.5755165342755406,-1.346730199652948,3.569262948207171,1.364850562729002,1.4710306802954187
Umbilicus rupestris,129454,42.7700463167,-8.4236764645,153825721,153825721,"c(-8.4236764645, 42.7700463167)",1,1.884303092956543,18.750000000000057,4.4500000000000455,3.388,1.884303092956543,18.750000000000057,4.4500000000000455,3.388,Umbilicus_rupestris,0.3950655162334442,6.1157755851745605,5.720710068941116,0.26032390363714963,13.150000000000034,28.05000000000001,14.899999999999977,0.37583892617449877,-0.3499999999999659,11.350000000000023,11.699999999999989,0.41025641025641163,0.857,7.191,6.334,0.39958951689295863,1.4804231460350918,0.9840136227260619,0.410441418282973,19.70896414342633,3.6126153023411103,-0.26544872984533585,5.518525896414379,2.5755165342755406,-0.41487829031347906,3.569262948207171,1.364850562729002,-0.13280790817475155
Umbilicus rupestris,129454,36.08388,-5.532285,154139171,154139171,"c(-5.532285, 36.08388)",1,1.1751123666763306,21.650000000000034,8.850000000000023,3.9050000000000002,1.1751123666763306,21.650000000000034,8.850000000000023,3.9050000000000002,Umbilicus_rupestris,0.3950655162334442,6.1157755851745605,5.720710068941116,0.1363549001858908,13.150000000000034,28.05000000000001,14.899999999999977,0.570469798657719,-0.3499999999999659,11.350000000000023,11.699999999999989,0.7863247863247861,0.857,7.191,6.334,0.481212503946953,1.4804231460350918,0.9840136227260619,-0.3102708868124647,19.70896414342633,3.6126153023411103,0.537293814626717,5.518525896414379,2.5755165342755406,1.2935168768088474,3.569262948207171,1.364850562729002,0.2459881403584045
Umbilicus rupestris,129454,41.7922108924,8.8754298472,154234187,154234187,"c(8.8754298472, 41.7922108924)",1,1.415831446647644,22.750000000000057,5.550000000000011,1.506,1.415831446647644,22.750000000000057,5.550000000000011,1.506,Umbilicus_rupestris,0.3950655162334442,6.1157755851745605,5.720710068941116,0.17843343188394445,13.150000000000034,28.05000000000001,14.899999999999977,0.6442953020134253,-0.3499999999999659,11.350000000000023,11.699999999999989,0.5042735042735028,0.857,7.191,6.334,0.1024628986422482,1.4804231460350918,0.9840136227260619,-0.06564106217199128,19.70896414342633,3.6126153023411103,0.841782365978194,5.518525896414379,2.5755165342755406,0.012220501467091532,3.569262948207171,1.364850562729002,-1.5117134465488313
Umbilicus rupestris,129454,51.99337759,-7.88233998,156204737,156204737,"c(-7.88233998, 51.99337759)",1,2.5310745239257813,15.050000000000011,4.550000000000011,4.888,2.5310745239257813,15.050000000000011,4.550000000000011,4.888,Umbilicus_rupestris,0.3950655162334442,6.1157755851745605,5.720710068941116,0.37338179735574417,13.150000000000034,28.05000000000001,14.899999999999977,0.1275167785234886,-0.3499999999999659,11.350000000000023,11.699999999999989,0.41880341880341726,0.857,7.191,6.334,0.6364066940322072,1.4804231460350918,0.9840136227260619,1.0677203583625374,19.70896414342633,3.6126153023411103,-1.2896374934821135,5.518525896414379,2.5755165342755406,-0.3760511274243483,3.569262948207171,1.364850562729002,0.9662135092328571
Umbilicus rupestris,129454,37.39225471,-5.972442627,15639282,15639282,"c(-5.972442627, 37.39225471)",1,0.4103565514087677,26.750000000000057,5.850000000000023,1.699,0.4103565514087677,26.750000000000057,5.850000000000023,1.699,Umbilicus_rupestris,0.3950655162334442,6.1157755851745605,5.720710068941116,0.0026729260862810695,13.150000000000034,28.05000000000001,14.899999999999977,0.9127516778523519,-0.3499999999999659,11.350000000000023,11.699999999999989,0.5299145299145295,0.857,7.191,6.334,0.13293337543416484,1.4804231460350918,0.9840136227260619,-1.0874509965236716,19.70896414342633,3.6126153023411103,1.9490134618017239,5.518525896414379,2.5755165342755406,0.1287019901345279,3.569262948207171,1.364850562729002,-1.3703060241757188
Umbilicus rupestris,129454,38.5848285738,-8.2197703421,156612040,156612040,"c(-8.2197703421, 38.5848285738)",1,0.6486247777938843,22.350000000000023,5.4500000000000455,3.698,0.6486247777938843,22.350000000000023,5.4500000000000455,3.698,Umbilicus_rupestris,0.3950655162334442,6.1157755851745605,5.720710068941116,0.044323040060544966,13.150000000000034,28.05000000000001,14.899999999999977,0.6174496644295304,-0.3499999999999659,11.350000000000023,11.699999999999989,0.4957264957264972,0.857,7.191,6.334,0.4485317335017367,1.4804231460350918,0.9840136227260619,-0.8453118422657963,19.70896414342633,3.6126153023411103,0.7310592563958316,5.518525896414379,2.5755165342755406,-0.02660666142203921,3.569262948207171,1.364850562729002,0.09432318475615428
Umbilicus rupestris,129454,38.1942184452,15.2380592132,159653693,159653693,"c(15.2380592132, 38.1942184452)",1,0.9502342343330383,24.750000000000057,9.450000000000045,2.118,0.9502342343330383,24.750000000000057,9.450000000000045,2.118,Umbilicus_rupestris,0.3950655162334442,6.1157755851745605,5.720710068941116,0.09704542118184184,13.150000000000034,28.05000000000001,14.899999999999977,0.7785234899328887,-0.3499999999999659,11.350000000000023,11.699999999999989,0.8376068376068394,0.857,7.191,6.334,0.19908430691506157,1.4804231460350918,0.9840136227260619,-0.5388024103093663,19.70896414342633,3.6126153023411103,1.3953979138899588,5.518525896414379,2.5755165342755406,1.5264798541437201,3.569262948207171,1.364850562729002,-1.0633127082465268
Umbilicus rupestris,129454,37.87733,-4.7813883333,164277185,164277185,"c(-4.7813883333, 37.87733)",1,0.49329400062561035,28.05000000000001,4.550000000000011,1.6640000000000001,0.49329400062561035,28.05000000000001,4.550000000000011,1.6640000000000001,Umbilicus_rupestris,0.3950655162334442,6.1157755851745605,5.720710068941116,0.01717068042400336,13.150000000000034,28.05000000000001,14.899999999999977,1,-0.3499999999999659,11.350000000000023,11.699999999999989,0.41880341880341726,0.857,7.191,6.334,0.12740764130091572,1.4804231460350918,0.9840136227260619,-1.0031661377560896,19.70896414342633,3.6126153023411103,2.3088635679443583,5.518525896414379,2.5755165342755406,-0.3760511274243483,3.569262948207171,1.364850562729002,-1.395949857248563
Umbilicus rupestris,129454,47.7387440128,-3.3707605037,164873901,164873901,"c(-3.3707605037, 47.7387440128)",1,1.673092007637024,17.150000000000034,5.550000000000011,3.117,1.673092007637024,17.150000000000034,5.550000000000011,3.117,Umbilicus_rupestris,0.3950655162334442,6.1157755851745605,5.720710068941116,0.2234034719469952,13.150000000000034,28.05000000000001,14.899999999999977,0.26845637583892656,-0.3499999999999659,11.350000000000023,11.699999999999989,0.5042735042735028,0.857,7.191,6.334,0.35680454688980107,1.4804231460350918,0.9840136227260619,0.19579897793302084,19.70896414342633,3.6126153023411103,-0.7083411681747541,5.518525896414379,2.5755165342755406,0.012220501467091532,3.569262948207171,1.364850562729002,-0.33136444425305944
Umbilicus rupestris,129454,36.7156550894,4.0466507524,182087549,182087549,"c(4.0466507524, 36.7156550894)",1,0.6335390210151672,25.850000000000023,5.650000000000034,1.625,0.6335390210151672,25.850000000000023,5.650000000000034,1.625,Umbilicus_rupestris,0.3950655162334442,6.1157755851745605,5.720710068941116,0.041685997351350416,13.150000000000034,28.05000000000001,14.899999999999977,0.8523489932885912,-0.3499999999999659,11.350000000000023,11.699999999999989,0.5128205128205133,0.857,7.191,6.334,0.12125039469529524,1.4804231460350918,0.9840136227260619,-0.8606426836589512,19.70896414342633,3.6126153023411103,1.69988646524142,5.518525896414379,2.5755165342755406,0.051047664356244346,3.569262948207171,1.364850562729002,-1.4245244141011608
Umbilicus rupestris,129454,38.7596582997,-9.1569946,184933859,184933859,"c(-9.1569946, 38.7596582997)",1,0.8139325380325317,20.850000000000023,8.350000000000023,2.46,0.8139325380325317,20.850000000000023,8.350000000000023,2.46,Umbilicus_rupestris,0.3950655162334442,6.1157755851745605,5.720710068941116,0.07321941100864396,13.150000000000034,28.05000000000001,14.899999999999977,0.5167785234899329,-0.3499999999999659,11.350000000000023,11.699999999999989,0.7435897435897434,0.857,7.191,6.334,0.2530786233028102,1.4804231460350918,0.9840136227260619,-0.6773184767057879,19.70896414342633,3.6126153023411103,0.31584759546200786,5.518525896414379,2.5755165342755406,1.0993810623631275,3.569262948207171,1.364850562729002,-0.812735825077592
Umbilicus rupestris,129454,42.8671017,-8.5495414167,188259446,188259446,"c(-8.5495414167, 42.8671017)",1,2.10452938079834,18.250000000000057,4.250000000000057,2.8080000000000003,2.10452938079834,18.250000000000057,4.250000000000057,2.8080000000000003,Umbilicus_rupestris,0.3950655162334442,6.1157755851745605,5.720710068941116,0.29882022405678593,13.150000000000034,28.05000000000001,14.899999999999977,0.34228187919463293,-0.3499999999999659,11.350000000000023,11.699999999999989,0.3931623931623955,0.857,7.191,6.334,0.3080202083991159,1.4804231460350918,0.9840136227260619,0.6342455229778786,19.70896414342633,3.6126153023411103,-0.40385261682327706,5.518525896414379,2.5755165342755406,-0.4925326160917626,3.569262948207171,1.364850562729002,-0.5577628562390267
Umbilicus rupestris,129454,38.6330681989,-8.1932754815,193378761,193378761,"c(-8.1932754815, 38.6330681989)",1,0.601955771446228,22.55000000000001,5.550000000000011,3.583,0.601955771446228,22.55000000000001,5.550000000000011,3.583,Umbilicus_rupestris,0.3950655162334442,6.1157755851745605,5.720710068941116,0.03616513557224872,13.150000000000034,28.05000000000001,14.899999999999977,0.6308724832214759,-0.3499999999999659,11.350000000000023,11.699999999999989,0.5042735042735028,0.857,7.191,6.334,0.430375749921061,1.4804231460350918,0.9840136227260619,-0.8927390376519402,19.70896414342633,3.6126153023411103,0.7864208111870049,5.518525896414379,2.5755165342755406,0.012220501467091532,3.569262948207171,1.364850562729002,0.01006487608823779
Umbilicus rupestris,129454,45.4435533333,12.3243416667,195350836,195350836,"c(12.3243416667, 45.4435533333)",1,1.3536763191223145,23.05000000000001,3.4500000000000455,2.684,1.3536763191223145,23.05000000000001,3.4500000000000455,2.684,Umbilicus_rupestris,0.3950655162334442,6.1157755851745605,5.720710068941116,0.1675684995982161,13.150000000000034,28.05000000000001,14.899999999999977,0.6644295302013418,-0.3499999999999659,11.350000000000023,11.699999999999989,0.3247863247863261,0.857,7.191,6.334,0.2884433217556047,1.4804231460350918,0.9840136227260619,-0.12880596770768718,19.70896414342633,3.6126153023411103,0.9248246981649461,5.518525896414379,2.5755165342755406,-0.8031499192049188,3.569262948207171,1.364850562729002,-0.648615293411389
Umbilicus rupestris,129454,38.7128966667,-9.1342055,206122896,206122896,"c(-9.1342055, 38.7128966667)",1,0.8107967972755432,21.05000000000001,8.850000000000023,2.801,0.8107967972755432,21.05000000000001,8.850000000000023,2.801,Umbilicus_rupestris,0.3950655162334442,6.1157755851745605,5.720710068941116,0.07267127262735926,13.150000000000034,28.05000000000001,14.899999999999977,0.5302013422818784,-0.3499999999999659,11.350000000000023,11.699999999999989,0.7863247863247861,0.857,7.191,6.334,0.3069150615724661,1.4804231460350918,0.9840136227260619,-0.6805051610001592,19.70896414342633,3.6126153023411103,0.3712091502531812,5.518525896414379,2.5755165342755406,1.2935168768088474,3.569262948207171,1.364850562729002,-0.5628916228535955
Umbilicus rupestris,129454,47.837239925,-1.6796103954,219771770,219771770,"c(-1.6796103954, 47.837239925)",1,1.118037462234497,17.750000000000057,2.250000000000057,4.2010000000000005,1.118037462234497,17.750000000000057,2.250000000000057,4.2010000000000005,Umbilicus_rupestris,0.3950655162334442,6.1157755851745605,5.720710068941116,0.12637800854936046,13.150000000000034,28.05000000000001,14.899999999999977,0.3087248322147671,-0.3499999999999659,11.350000000000023,11.699999999999989,0.22222222222222437,0.857,7.191,6.334,0.5279444269024314,1.4804231460350918,0.9840136227260619,-0.3682730354856874,19.70896414342633,3.6126153023411103,-0.5422565038012183,5.518525896414379,2.5755165342755406,-1.2690758738746424,3.569262948207171,1.364850562729002,0.4628617000601728
Umbilicus rupestris,129454,51.9973056661,-4.9979775243,220718873,220718873,"c(-4.9979775243, 51.9973056661)",1,3.096308469772339,15.250000000000057,4.850000000000023,4.716,3.096308469772339,15.250000000000057,4.850000000000023,4.716,Umbilicus_rupestris,0.3950655162334442,6.1157755851745605,5.720710068941116,0.472186655325269,13.150000000000034,28.05000000000001,14.899999999999977,0.14093959731543798,-0.3499999999999659,11.350000000000023,11.699999999999989,0.4444444444444439,0.857,7.191,6.334,0.60925165772024,1.4804231460350918,0.9840136227260619,1.6421371477161866,19.70896414342633,3.6126153023411103,-1.2342759386909243,5.518525896414379,2.5755165342755406,-0.25956963875691197,3.569262948207171,1.364850562729002,0.8401923867034515
Umbilicus rupestris,129454,48.1838918198,-0.1507094689,220847386,220847386,"c(-0.1507094689, 48.1838918198)",1,1.1494200229644775,17.250000000000057,1.150000000000034,4.8340000000000005,1.1494200229644775,17.250000000000057,1.150000000000034,4.8340000000000005,Umbilicus_rupestris,0.3950655162334442,6.1157755851745605,5.720710068941116,0.13186378922200154,13.150000000000034,28.05000000000001,14.899999999999977,0.27516778523490126,-0.3499999999999659,11.350000000000023,11.699999999999989,0.12820512820512833,0.857,7.191,6.334,0.6278812756551942,1.4804231460350918,0.9840136227260619,-0.3363806307412898,19.70896414342633,3.6126153023411103,-0.6806603907791595,5.518525896414379,2.5755165342755406,-1.696174665655235,3.569262948207171,1.364850562729002,0.9266487382061837
Umbilicus rupestris,129454,48.2566541352,-2.2339574696,221127031,221127031,"c(-2.2339574696, 48.2566541352)",1,1.1002860069274902,17.05000000000001,2.3500000000000227,4.099,1.1002860069274902,17.05000000000001,2.3500000000000227,4.099,Umbilicus_rupestris,0.3950655162334442,6.1157755851745605,5.720710068941116,0.12327499247389405,13.150000000000034,28.05000000000001,14.899999999999977,0.2617449664429519,-0.3499999999999659,11.350000000000023,11.699999999999989,0.23076923076923003,0.857,7.191,6.334,0.5118408588569624,1.4804231460350918,0.9840136227260619,-0.3863128825945405,19.70896414342633,3.6126153023411103,-0.7360219455703486,5.518525896414379,2.5755165342755406,-1.2302487109855116,3.569262948207171,1.364850562729002,0.38812824367645515
Umbilicus rupestris,129454,48.4014255473,-2.0066462128,221382627,221382627,"c(-2.0066462128, 48.4014255473)",1,0.9810177683830261,17.450000000000045,2.8500000000000227,4,0.9810177683830261,17.450000000000045,2.8500000000000227,4,Umbilicus_rupestris,0.3950655162334442,6.1157755851745605,5.720710068941116,0.10242648990915207,13.150000000000034,28.05000000000001,14.899999999999977,0.28859060402684683,-0.3499999999999659,11.350000000000023,11.699999999999989,0.2735042735042728,0.857,7.191,6.334,0.49621092516577203,1.4804231460350918,0.9840136227260619,-0.5075187640883855,19.70896414342633,3.6126153023411103,-0.6252988359879862,5.518525896414379,2.5755165342755406,-1.0361128965397917,3.569262948207171,1.364850562729002,0.31559283012755285
Umbilicus rupestris,129454,41.1806216667,-7.8138033333,221791332,221791332,"c(-7.8138033333, 41.1806216667)",1,0.8588513731956482,20.350000000000023,2.3500000000000227,3.068,0.8588513731956482,20.350000000000023,2.3500000000000227,3.068,Umbilicus_rupestris,0.3950655162334442,6.1157755851745605,5.720710068941116,0.08107137949189044,13.150000000000034,28.05000000000001,14.899999999999977,0.4832214765100671,-0.3499999999999659,11.350000000000023,11.699999999999989,0.23076923076923003,0.857,7.191,6.334,0.3490685191032524,1.4804231460350918,0.9840136227260619,-0.6316698859488068,19.70896414342633,3.6126153023411103,0.17744370848406663,5.518525896414379,2.5755165342755406,-1.2302487109855116,3.569262948207171,1.364850562729002,-0.36726581055504126
Umbilicus rupestris,129454,50.5409295819,-4.9429229712,222312740,222312740,"c(-4.9429229712, 50.5409295819)",1,2.1727609634399414,15.750000000000057,4.350000000000023,4.897,2.1727609634399414,15.750000000000057,4.350000000000023,4.897,Umbilicus_rupestris,0.3950655162334442,6.1157755851745605,5.720710068941116,0.3107473418130317,13.150000000000034,28.05000000000001,14.899999999999977,0.17449664429530382,-0.3499999999999659,11.350000000000023,11.699999999999989,0.4017094017094011,0.857,7.191,6.334,0.6378275970950427,1.4804231460350918,0.9840136227260619,0.703585602287529,19.70896414342633,3.6126153023411103,-1.0958720517129832,5.518525896414379,2.5755165342755406,-0.45370545320263184,3.569262948207171,1.364850562729002,0.972807637737303
Umbilicus rupestris,129454,38.4022176515,-8.1348599213,223087466,223087466,"c(-8.1348599213, 38.4022176515)",1,0.5524342656135559,22.950000000000045,5.850000000000023,3.074,0.5524342656135559,22.950000000000045,5.850000000000023,3.074,Umbilicus_rupestris,0.3950655162334442,6.1157755851745605,5.720710068941116,0.027508604261295855,13.150000000000034,28.05000000000001,14.899999999999977,0.6577181208053708,-0.3499999999999659,11.350000000000023,11.699999999999989,0.5299145299145295,0.857,7.191,6.334,0.35001578781180925,1.4804231460350918,0.9840136227260619,-0.9430650744963085,19.70896414342633,3.6126153023411103,0.8971439207693673,5.518525896414379,2.5755165342755406,0.1287019901345279,3.569262948207171,1.364850562729002,-0.36286972488541097
Umbilicus rupestris,129454,43.54843,11.044525,223313081,223313081,"c(11.044525, 43.54843)",1,0.7428171038627625,22.950000000000045,0.9500000000000455,2.008,0.7428171038627625,22.950000000000045,0.9500000000000455,2.008,Umbilicus_rupestris,0.3950655162334442,6.1157755851745605,5.720710068941116,0.06078818598364763,13.150000000000034,28.05000000000001,14.899999999999977,0.6577181208053708,-0.3499999999999659,11.350000000000023,11.699999999999989,0.11111111111111219,0.857,7.191,6.334,0.18171771392485003,1.4804231460350918,0.9840136227260619,-0.7495892588650376,19.70896414342633,3.6126153023411103,0.8971439207693673,5.518525896414379,2.5755165342755406,-1.7738289914335186,3.569262948207171,1.364850562729002,-1.1439076121897513
Umbilicus rupestris,129454,50.734055,-2.8870116667,223420153,223420153,"c(-2.8870116667, 50.734055)",1,1.4427523612976074,16.350000000000023,2.8500000000000227,5.5520000000000005,1.4427523612976074,16.350000000000023,2.8500000000000227,5.5520000000000005,Umbilicus_rupestris,0.3950655162334442,6.1157755851745605,5.720710068941116,0.18313930131720282,13.150000000000034,28.05000000000001,14.899999999999977,0.2147651006711405,-0.3499999999999659,11.350000000000023,11.699999999999989,0.2735042735042728,0.857,7.191,6.334,0.7412377644458479,1.4804231460350918,0.9840136227260619,-0.038282787826781475,19.70896414342633,3.6126153023411103,-0.9297873873394632,5.518525896414379,2.5755165342755406,-1.0361128965397917,3.569262948207171,1.364850562729002,1.452713656671959
Umbilicus rupestris,129454,51.1799291209,-3.508773485,223582346,223582346,"c(-3.508773485, 51.1799291209)",1,2.81721568107605,15.350000000000023,3.650000000000034,4.398,2.81721568107605,15.350000000000023,3.650000000000034,4.398,Umbilicus_rupestris,0.3950655162334442,6.1157755851745605,5.720710068941116,0.42340026599022124,13.150000000000034,28.05000000000001,14.899999999999977,0.14765100671140885,-0.3499999999999659,11.350000000000023,11.699999999999989,0.3418803418803422,0.857,7.191,6.334,0.5590464161667192,1.4804231460350918,0.9840136227260619,1.3585101914926494,19.70896414342633,3.6126153023411103,-1.2065951612953456,5.518525896414379,2.5755165342755406,-0.7254955934266354,3.569262948207171,1.364850562729002,0.6071998462130381
Umbilicus rupestris,129454,51.0920833333,0.4088833333,227988515,227988515,"c(0.4088833333, 51.0920833333)",1,1.1366772651672363,16.650000000000034,1.7500000000000568,4.638,1.1366772651672363,16.650000000000034,1.7500000000000568,4.638,Umbilicus_rupestris,0.3950655162334442,6.1157755851745605,5.720710068941116,0.12963631087688768,13.150000000000034,28.05000000000001,14.899999999999977,0.23489932885906076,-0.3499999999999659,11.350000000000023,11.699999999999989,0.1794871794871816,0.857,7.191,6.334,0.596937164508999,1.4804231460350918,0.9840136227260619,-0.3493304085725553,19.70896414342633,3.6126153023411103,-0.8467450551526953,5.518525896414379,2.5755165342755406,-1.4632116883203623,3.569262948207171,1.364850562729002,0.7830432729982557
Umbilicus rupestris,129454,38.7100222222,-9.1340444444,228353060,228353060,"c(-9.1340444444, 38.7100222222)",1,0.8107967972755432,21.05000000000001,8.850000000000023,2.801,0.8107967972755432,21.05000000000001,8.850000000000023,2.801,Umbilicus_rupestris,0.3950655162334442,6.1157755851745605,5.720710068941116,0.07267127262735926,13.150000000000034,28.05000000000001,14.899999999999977,0.5302013422818784,-0.3499999999999659,11.350000000000023,11.699999999999989,0.7863247863247861,0.857,7.191,6.334,0.3069150615724661,1.4804231460350918,0.9840136227260619,-0.6805051610001592,19.70896414342633,3.6126153023411103,0.3712091502531812,5.518525896414379,2.5755165342755406,1.2935168768088474,3.569262948207171,1.364850562729002,-0.5628916228535955
Umbilicus rupestris,129454,48.3994869043,-3.9661050215,231695547,231695547,"c(-3.9661050215, 48.3994869043)",1,2.0030744075775146,15.650000000000034,2.650000000000034,4.814,2.0030744075775146,15.650000000000034,2.650000000000034,4.814,Umbilicus_rupestris,0.3950655162334442,6.1157755851745605,5.720710068941116,0.28108554217321263,13.150000000000034,28.05000000000001,14.899999999999977,0.16778523489932912,-0.3499999999999659,11.350000000000023,11.699999999999989,0.25641025641025667,0.857,7.191,6.334,0.6247237132933375,1.4804231460350918,0.9840136227260619,0.5311423027808254,19.70896414342633,3.6126153023411103,-1.1235528291085777,5.518525896414379,2.5755165342755406,-1.1137672223180752,3.569262948207171,1.364850562729002,0.9119951193074152
Umbilicus rupestris,129454,51.1920955371,-3.5813387457,233369160,233369160,"c(-3.5813387457, 51.1920955371)",1,2.9671831130981445,15.450000000000045,3.9500000000000455,3.9410000000000003,2.9671831130981445,15.450000000000045,3.9500000000000455,3.9410000000000003,Umbilicus_rupestris,0.3950655162334442,6.1157755851745605,5.720710068941116,0.4496150942571348,13.150000000000034,28.05000000000001,14.899999999999977,0.15436241610738355,-0.3499999999999659,11.350000000000023,11.699999999999989,0.3675213675213688,0.857,7.191,6.334,0.48689611619829504,1.4804231460350918,0.9840136227260619,1.5109140084302977,19.70896414342633,3.6126153023411103,-1.1789143838997511,5.518525896414379,2.5755165342755406,-0.6090141047591989,3.569262948207171,1.364850562729002,0.2723646543761871
Umbilicus rupestris,129454,50.9785216667,-4.1761783333,234413443,234413443,"c(-4.1761783333, 50.9785216667)",1,1.7535148859024048,15.550000000000011,3.5500000000000114,4.663,1.7535148859024048,15.550000000000011,3.5500000000000114,4.663,Umbilicus_rupestris,0.3950655162334442,6.1157755851745605,5.720710068941116,0.23746167054405623,13.150000000000034,28.05000000000001,14.899999999999977,0.16107382550335442,-0.3499999999999659,11.350000000000023,11.699999999999989,0.3333333333333317,0.857,7.191,6.334,0.6008841174613199,1.4804231460350918,0.9840136227260619,0.27752841379446896,19.70896414342633,3.6126153023411103,-1.1512336065041724,5.518525896414379,2.5755165342755406,-0.7643227563157882,3.569262948207171,1.364850562729002,0.801360296621716
Umbilicus rupestris,129454,38.7234258026,-9.1376966983,236982360,236982360,"c(-9.1376966983, 38.7234258026)",1,0.8196662664413452,20.950000000000045,8.750000000000057,2.487,0.8196662664413452,20.950000000000045,8.750000000000057,2.487,Umbilicus_rupestris,0.3950655162334442,6.1157755851745605,5.720710068941116,0.07422168665969348,13.150000000000034,28.05000000000001,14.899999999999977,0.5234899328859076,-0.3499999999999659,11.350000000000023,11.699999999999989,0.7777777777777805,0.857,7.191,6.334,0.25734133249131674,1.4804231460350918,0.9840136227260619,-0.6714915976094101,19.70896414342633,3.6126153023411103,0.3435283728576024,5.518525896414379,2.5755165342755406,1.2546897139197166,3.569262948207171,1.364850562729002,-0.792953439564255
Umbilicus rupestris,129454,47.47125,-0.5594694444,237944549,237944549,"c(-0.5594694444, 47.47125)",1,0.8355919122695923,18.950000000000045,2.3500000000000227,2.9090000000000003,0.8355919122695923,18.950000000000045,2.3500000000000227,2.9090000000000003,Umbilicus_rupestris,0.3950655162334442,6.1157755851745605,5.720710068941116,0.07700554489343103,13.150000000000034,28.05000000000001,14.899999999999977,0.38926174496644433,-0.3499999999999659,11.350000000000023,11.699999999999989,0.23076923076923003,0.857,7.191,6.334,0.32396589832649203,1.4804231460350918,0.9840136227260619,-0.6553072222507362,19.70896414342633,3.6126153023411103,-0.2100871750541625,5.518525896414379,2.5755165342755406,-1.2302487109855116,3.569262948207171,1.364850562729002,-0.48376208080024763
Umbilicus rupestris,129454,42.8772666667,-8.5483888889,247305155,247305155,"c(-8.5483888889, 42.8772666667)",1,2.138216018676758,18.05000000000001,4.150000000000034,2.7520000000000002,2.138216018676758,18.05000000000001,4.150000000000034,2.7520000000000002,Umbilicus_rupestris,0.3950655162334442,6.1157755851745605,5.720710068941116,0.30470876542183595,13.150000000000034,28.05000000000001,14.899999999999977,0.32885906040268353,-0.3499999999999659,11.350000000000023,11.699999999999989,0.38461538461538497,0.857,7.191,6.334,0.2991790337859173,1.4804231460350918,0.9840136227260619,0.6684794371233903,19.70896414342633,3.6126153023411103,-0.45921417161446615,5.518525896414379,2.5755165342755406,-0.5313597789809155,3.569262948207171,1.364850562729002,-0.5987929891555773
Umbilicus rupestris,129454,40.2050490091,-8.4206294132,247847431,247847431,"c(-8.4206294132, 40.2050490091)",1,0.909815788269043,21.150000000000034,4.750000000000057,2.453,0.909815788269043,21.150000000000034,4.750000000000057,2.453,Umbilicus_rupestris,0.3950655162334442,6.1157755851745605,5.720710068941116,0.08998013635235272,13.150000000000034,28.05000000000001,14.899999999999977,0.5369127516778531,-0.3499999999999659,11.350000000000023,11.699999999999989,0.4358974358974383,0.857,7.191,6.334,0.2519734764761604,1.4804231460350918,0.9840136227260619,-0.5798774982253466,19.70896414342633,3.6126153023411103,0.39888992764877573,5.518525896414379,2.5755165342755406,-0.2983968016460427,3.569262948207171,1.364850562729002,-0.817864591692161
Umbilicus rupestris,129454,43.4525552304,11.9943786776,248428496,248428496,"c(11.9943786776, 43.4525552304)",1,1.1961077451705933,20.850000000000023,-0.3499999999999659,2.501,1.1961077451705933,20.850000000000023,-0.3499999999999659,2.501,Umbilicus_rupestris,0.3950655162334442,6.1157755851745605,5.720710068941116,0.1400249653073957,13.150000000000034,28.05000000000001,14.899999999999977,0.5167785234899329,-0.3499999999999659,11.350000000000023,11.699999999999989,0,0.857,7.191,6.334,0.25955162614461635,1.4804231460350918,0.9840136227260619,-0.28893441543710086,19.70896414342633,3.6126153023411103,0.31584759546200786,5.518525896414379,2.5755165342755406,-2.2785821089923948,3.569262948207171,1.364850562729002,-0.7826959063351174
Umbilicus rupestris,129454,38.7396106886,-9.1898197308,251113623,251113623,"c(-9.1898197308, 38.7396106886)",1,0.9147856831550598,20.350000000000023,8.450000000000045,3.985,0.9147856831550598,20.350000000000023,8.450000000000045,3.985,Umbilicus_rupestris,0.3950655162334442,6.1157755851745605,5.720710068941116,0.09084889124923158,13.150000000000034,28.05000000000001,14.899999999999977,0.4832214765100671,-0.3499999999999659,11.350000000000023,11.699999999999989,0.7521367521367538,0.857,7.191,6.334,0.4938427533943796,1.4804231460350918,0.9840136227260619,-0.5748268619625595,19.70896414342633,3.6126153023411103,0.17744370848406663,5.518525896414379,2.5755165342755406,1.1382082252522803,3.569262948207171,1.364850562729002,0.30460261595347665
Umbilicus rupestris,129454,38.7469878987,-9.1501300782,251753574,251753574,"c(-9.1501300782, 38.7469878987)",1,0.8303152322769165,20.950000000000045,8.450000000000045,2.436,0.8303152322769165,20.950000000000045,8.450000000000045,2.436,Umbilicus_rupestris,0.3950655162334442,6.1157755851745605,5.720710068941116,0.07608316289380411,13.150000000000034,28.05000000000001,14.899999999999977,0.5234899328859076,-0.3499999999999659,11.350000000000023,11.699999999999989,0.7521367521367538,0.857,7.191,6.334,0.24928954846858226,1.4804231460350918,0.9840136227260619,-0.6606696276796952,19.70896414342633,3.6126153023411103,0.3435283728576024,5.518525896414379,2.5755165342755406,1.1382082252522803,3.569262948207171,1.364850562729002,-0.8303201677561138
Umbilicus rupestris,129454,38.7084917701,-9.1815105826,252400369,252400369,"c(-9.1815105826, 38.7084917701)",1,0.8796535134315491,20.750000000000057,9.050000000000011,2.968,0.8796535134315491,20.750000000000057,9.050000000000011,2.968,Umbilicus_rupestris,0.3950655162334442,6.1157755851745605,5.720710068941116,0.08470766589431449,13.150000000000034,28.05000000000001,14.899999999999977,0.510067114093962,-0.3499999999999659,11.350000000000023,11.699999999999989,0.8034188034188022,0.857,7.191,6.334,0.333280707293969,1.4804231460350918,0.9840136227260619,-0.6105297921986088,19.70896414342633,3.6126153023411103,0.2881668180664291,5.518525896414379,2.5755165342755406,1.371171202587131,3.569262948207171,1.364850562729002,-0.4405339050488819
Umbilicus rupestris,129454,38.69925888,-9.20354285,253399430,253399430,"c(-9.20354285, 38.69925888)",1,0.8793618679046631,20.750000000000057,9.650000000000034,2.999,0.8793618679046631,20.750000000000057,9.650000000000034,2.999,Umbilicus_rupestris,0.3950655162334442,6.1157755851745605,5.720710068941116,0.08465668524272206,13.150000000000034,28.05000000000001,14.899999999999977,0.510067114093962,-0.3499999999999659,11.350000000000023,11.699999999999989,0.8547008547008556,0.857,7.191,6.334,0.3381749289548469,1.4804231460350918,0.9840136227260619,-0.6108261758259798,19.70896414342633,3.6126153023411103,0.2881668180664291,5.518525896414379,2.5755165342755406,1.6041341799220037,3.569262948207171,1.364850562729002,-0.41782079575579123
Umbilicus rupestris,129454,37.375003831,-5.9736932069,254549035,254549035,"c(-5.9736932069, 37.375003831)",1,0.4148794710636139,26.650000000000034,5.750000000000057,1.732,0.4148794710636139,26.650000000000034,5.750000000000057,1.732,Umbilicus_rupestris,0.3950655162334442,6.1157755851745605,5.720710068941116,0.0034635481594747506,13.150000000000034,28.05000000000001,14.899999999999977,0.9060402684563772,-0.3499999999999659,11.350000000000023,11.699999999999989,0.5213675213675238,0.857,7.191,6.334,0.1381433533312283,1.4804231460350918,0.9840136227260619,-1.0828545970934318,19.70896414342633,3.6126153023411103,1.9213326844061291,5.518525896414379,2.5755165342755406,0.08987482724539715,3.569262948207171,1.364850562729002,-1.3461275529927514
Umbilicus rupestris,129454,35.9032284507,-5.3674941744,255066732,255066732,"c(-5.3674941744, 35.9032284507)",1,1.031675934791565,21.850000000000023,11.150000000000034,5.2780000000000005,1.031675934791565,21.850000000000023,11.150000000000034,5.2780000000000005,Umbilicus_rupestris,0.3950655162334442,6.1157755851745605,5.720710068941116,0.11128171343875763,13.150000000000034,28.05000000000001,14.899999999999977,0.5838926174496646,-0.3499999999999659,11.350000000000023,11.699999999999989,0.9829059829059839,0.857,7.191,6.334,0.6979791600884119,1.4804231460350918,0.9840136227260619,-0.4560376003742105,19.70896414342633,3.6126153023411103,0.5926553694178903,5.518525896414379,2.5755165342755406,2.1865416232591635,3.569262948207171,1.364850562729002,1.2519590777588359
Umbilicus rupestris,129454,38.7461255025,-9.1947663948,255374822,255374822,"c(-9.1947663948, 38.7461255025)",1,0.8974327445030212,20.650000000000034,8.850000000000023,2.454,0.8974327445030212,20.650000000000034,8.850000000000023,2.454,Umbilicus_rupestris,0.3950655162334442,6.1157755851745605,5.720710068941116,0.08781553726993255,13.150000000000034,28.05000000000001,14.899999999999977,0.5033557046979873,-0.3499999999999659,11.350000000000023,11.699999999999989,0.7863247863247861,0.857,7.191,6.334,0.2521313545942533,1.4804231460350918,0.9840136227260619,-0.592461718077625,19.70896414342633,3.6126153023411103,0.26048604067083453,5.518525896414379,2.5755165342755406,1.2935168768088474,3.569262948207171,1.364850562729002,-0.8171319107472224
Umbilicus rupestris,129454,38.6992936247,-9.2035204545,255587277,255587277,"c(-9.2035204545, 38.6992936247)",1,0.8793618679046631,20.750000000000057,9.650000000000034,2.999,0.8793618679046631,20.750000000000057,9.650000000000034,2.999,Umbilicus_rupestris,0.3950655162334442,6.1157755851745605,5.720710068941116,0.08465668524272206,13.150000000000034,28.05000000000001,14.899999999999977,0.510067114093962,-0.3499999999999659,11.350000000000023,11.699999999999989,0.8547008547008556,0.857,7.191,6.334,0.3381749289548469,1.4804231460350918,0.9840136227260619,-0.6108261758259798,19.70896414342633,3.6126153023411103,0.2881668180664291,5.518525896414379,2.5755165342755406,1.6041341799220037,3.569262948207171,1.364850562729002,-0.41782079575579123
Umbilicus rupestris,129454,50.1187028333,-5.5376916667,256209921,256209921,"c(-5.5376916667, 50.1187028333)",1,2.532874584197998,15.850000000000023,6.350000000000023,3.866,2.532874584197998,15.850000000000023,6.350000000000023,3.866,Umbilicus_rupestris,0.3950655162334442,6.1157755851745605,5.720710068941116,0.3736964541466886,13.150000000000034,28.05000000000001,14.899999999999977,0.18120805369127468,-0.3499999999999659,11.350000000000023,11.699999999999989,0.5726495726495723,0.857,7.191,6.334,0.4750552573413326,1.4804231460350918,0.9840136227260619,1.069549662582158,19.70896414342633,3.6126153023411103,-1.0681912743174045,5.518525896414379,2.5755165342755406,0.3228378045802478,3.569262948207171,1.364850562729002,0.21741358350580656
Umbilicus rupestris,129454,32.6986859557,-16.8474376486,257122306,257122306,"c(-16.8474376486, 32.6986859557)",1,3.4468133449554443,19.750000000000057,10.450000000000045,3.761,3.4468133449554443,19.750000000000057,10.450000000000045,3.761,Umbilicus_rupestris,0.3950655162334442,6.1157755851745605,5.720710068941116,0.5334561255412247,13.150000000000034,28.05000000000001,14.899999999999977,0.4429530201342304,-0.3499999999999659,11.350000000000023,11.699999999999989,0.9230769230769249,0.857,7.191,6.334,0.4584780549415851,1.4804231460350918,0.9840136227260619,1.9983363578572866,19.70896414342633,3.6126153023411103,0.011359044110546604,5.518525896414379,2.5755165342755406,1.91475148303516,3.569262948207171,1.364850562729002,0.14048208428727396
Umbilicus rupestris,129454,44.8327789307,11.6272220612,25722845,25722845,"c(11.6272220612, 44.8327789307)",1,0.6336948275566101,24.55000000000001,-0.24999999999994316,1.827,0.6336948275566101,24.55000000000001,-0.24999999999994316,1.827,Umbilicus_rupestris,0.3950655162334442,6.1157755851745605,5.720710068941116,0.041713232876235476,13.150000000000034,28.05000000000001,14.899999999999977,0.7651006711409393,-0.3499999999999659,11.350000000000023,11.699999999999989,0.0085470085470105,0.857,7.191,6.334,0.15314177455004738,1.4804231460350918,0.9840136227260619,-0.8604843458698754,19.70896414342633,3.6126153023411103,1.3400363590987698,5.518525896414379,2.5755165342755406,-2.239754946103242,3.569262948207171,1.364850562729002,-1.276522863223603
Umbilicus rupestris,129454,40.205491,-8.420743,257910491,257910491,"c(-8.420743, 40.205491)",1,0.909815788269043,21.150000000000034,4.750000000000057,2.453,0.909815788269043,21.150000000000034,4.750000000000057,2.453,Umbilicus_rupestris,0.3950655162334442,6.1157755851745605,5.720710068941116,0.08998013635235272,13.150000000000034,28.05000000000001,14.899999999999977,0.5369127516778531,-0.3499999999999659,11.350000000000023,11.699999999999989,0.4358974358974383,0.857,7.191,6.334,0.2519734764761604,1.4804231460350918,0.9840136227260619,-0.5798774982253466,19.70896414342633,3.6126153023411103,0.39888992764877573,5.518525896414379,2.5755165342755406,-0.2983968016460427,3.569262948207171,1.364850562729002,-0.817864591692161
Umbilicus rupestris,129454,41.14631557,-8.61746558,258645907,258645907,"c(-8.61746558, 41.14631557)",1,1.754647970199585,20.55000000000001,7.050000000000011,2.7880000000000003,1.754647970199585,20.55000000000001,7.050000000000011,2.7880000000000003,Umbilicus_rupestris,0.3950655162334442,6.1157755851745605,5.720710068941116,0.23765973761676665,13.150000000000034,28.05000000000001,14.899999999999977,0.49664429530201265,-0.3499999999999659,11.350000000000023,11.699999999999989,0.6324786324786311,0.857,7.191,6.334,0.3048626460372593,1.4804231460350918,0.9840136227260619,0.27867990628503136,19.70896414342633,3.6126153023411103,0.23280526327523998,5.518525896414379,2.5755165342755406,0.5946279448042513,3.569262948207171,1.364850562729002,-0.5724164751377947
Umbilicus rupestris,129454,41.8979782518,12.4889053032,259245331,259245331,"c(12.4889053032, 41.8979782518)",1,0.7479350566864014,24.05000000000001,3.750000000000057,1.798,0.7479350566864014,24.05000000000001,3.750000000000057,1.798,Umbilicus_rupestris,0.3950655162334442,6.1157755851745605,5.720710068941116,0.061682821922536636,13.150000000000034,28.05000000000001,14.899999999999977,0.7315436241610734,-0.3499999999999659,11.350000000000023,11.699999999999989,0.35042735042735274,0.857,7.191,6.334,0.14856330912535523,1.4804231460350918,0.9840136227260619,-0.7443881593015372,19.70896414342633,3.6126153023411103,1.2016324721208285,5.518525896414379,2.5755165342755406,-0.6866684305374825,3.569262948207171,1.364850562729002,-1.2977706106268165
Umbilicus rupestris,129454,38.69872476,-9.20220825,259256006,259256006,"c(-9.20220825, 38.69872476)",1,0.8793618679046631,20.750000000000057,9.650000000000034,2.999,0.8793618679046631,20.750000000000057,9.650000000000034,2.999,Umbilicus_rupestris,0.3950655162334442,6.1157755851745605,5.720710068941116,0.08465668524272206,13.150000000000034,28.05000000000001,14.899999999999977,0.510067114093962,-0.3499999999999659,11.350000000000023,11.699999999999989,0.8547008547008556,0.857,7.191,6.334,0.3381749289548469,1.4804231460350918,0.9840136227260619,-0.6108261758259798,19.70896414342633,3.6126153023411103,0.2881668180664291,5.518525896414379,2.5755165342755406,1.6041341799220037,3.569262948207171,1.364850562729002,-0.41782079575579123
Umbilicus rupestris,129454,40.2072189,-8.4232013,260397062,260397062,"c(-8.4232013, 40.2072189)",1,0.909815788269043,21.150000000000034,4.750000000000057,2.453,0.909815788269043,21.150000000000034,4.750000000000057,2.453,Umbilicus_rupestris,0.3950655162334442,6.1157755851745605,5.720710068941116,0.08998013635235272,13.150000000000034,28.05000000000001,14.899999999999977,0.5369127516778531,-0.3499999999999659,11.350000000000023,11.699999999999989,0.4358974358974383,0.857,7.191,6.334,0.2519734764761604,1.4804231460350918,0.9840136227260619,-0.5798774982253466,19.70896414342633,3.6126153023411103,0.39888992764877573,5.518525896414379,2.5755165342755406,-0.2983968016460427,3.569262948207171,1.364850562729002,-0.817864591692161
Umbilicus rupestris,129454,44.8388889432,11.6174998507,260999660,260999660,"c(11.6174998507, 44.8388889432)",1,0.6354185938835144,24.55000000000001,-0.24999999999994316,1.883,0.6354185938835144,24.55000000000001,-0.24999999999994316,1.883,Umbilicus_rupestris,0.3950655162334442,6.1157755851745605,5.720710068941116,0.04201455322041145,13.150000000000034,28.05000000000001,14.899999999999977,0.7651006711409393,-0.3499999999999659,11.350000000000023,11.699999999999989,0.0085470085470105,0.857,7.191,6.334,0.161982949163246,1.4804231460350918,0.9840136227260619,-0.8587325750741329,19.70896414342633,3.6126153023411103,1.3400363590987698,5.518525896414379,2.5755165342755406,-2.239754946103242,3.569262948207171,1.364850562729002,-1.2354927303070522
Umbilicus rupestris,129454,41.1830331997,-8.6834866,261046550,261046550,"c(-8.6834866, 41.1830331997)",1,1.710667610168457,20.350000000000023,7.850000000000023,2.938,1.710667610168457,20.350000000000023,7.850000000000023,2.938,Umbilicus_rupestris,0.3950655162334442,6.1157755851745605,5.720710068941116,0.22997181784787185,13.150000000000034,28.05000000000001,14.899999999999977,0.4832214765100671,-0.3499999999999659,11.350000000000023,11.699999999999989,0.7008547008547006,0.857,7.191,6.334,0.3285443637511842,1.4804231460350918,0.9840136227260619,0.23398503721473643,19.70896414342633,3.6126153023411103,0.17744370848406663,5.518525896414379,2.5755165342755406,0.9052452479174076,3.569262948207171,1.364850562729002,-0.46251433339703396
Umbilicus rupestris,129454,38.69940396,-9.2020267,261258231,261258231,"c(-9.2020267, 38.69940396)",1,0.8793618679046631,20.750000000000057,9.650000000000034,2.999,0.8793618679046631,20.750000000000057,9.650000000000034,2.999,Umbilicus_rupestris,0.3950655162334442,6.1157755851745605,5.720710068941116,0.08465668524272206,13.150000000000034,28.05000000000001,14.899999999999977,0.510067114093962,-0.3499999999999659,11.350000000000023,11.699999999999989,0.8547008547008556,0.857,7.191,6.334,0.3381749289548469,1.4804231460350918,0.9840136227260619,-0.6108261758259798,19.70896414342633,3.6126153023411103,0.2881668180664291,5.518525896414379,2.5755165342755406,1.6041341799220037,3.569262948207171,1.364850562729002,-0.41782079575579123
Umbilicus rupestris,129454,38.4833586232,-6.4758175429,261725271,261725271,"c(-6.4758175429, 38.4833586232)",1,0.3950655162334442,24.950000000000045,3.8500000000000227,2.392,0.3950655162334442,24.950000000000045,3.8500000000000227,2.392,Umbilicus_rupestris,0.3950655162334442,6.1157755851745605,5.720710068941116,0,13.150000000000034,28.05000000000001,14.899999999999977,0.7919463087248342,-0.3499999999999659,11.350000000000023,11.699999999999989,0.35897435897435837,0.857,7.191,6.334,0.24234291127249763,1.4804231460350918,0.9840136227260619,-1.102990451285448,19.70896414342633,3.6126153023411103,1.4507594686811323,5.518525896414379,2.5755165342755406,-0.6478412676483518,3.569262948207171,1.364850562729002,-0.8625581293334037
Umbilicus rupestris,129454,51.402425,-3.532255,262426383,262426383,"c(-3.532255, 51.402425)",1,2.5330679416656494,15.850000000000023,3.650000000000034,5.619,2.5330679416656494,15.850000000000023,3.650000000000034,5.619,Umbilicus_rupestris,0.3950655162334442,6.1157755851745605,5.720710068941116,0.37373025370396756,13.150000000000034,28.05000000000001,14.899999999999977,0.18120805369127468,-0.3499999999999659,11.350000000000023,11.699999999999989,0.3418803418803422,0.857,7.191,6.334,0.7518155983580675,1.4804231460350918,0.9840136227260619,1.0697461613532986,19.70896414342633,3.6126153023411103,-1.0681912743174045,5.518525896414379,2.5755165342755406,-0.7254955934266354,3.569262948207171,1.364850562729002,1.5018032799828316
Umbilicus rupestris,129454,38.9595136,-9.3536488,262804064,262804064,"c(-9.3536488, 38.9595136)",1,1.1915318965911865,19.150000000000034,9.350000000000023,4.219,1.1915318965911865,19.150000000000034,9.350000000000023,4.219,Umbilicus_rupestris,0.3950655162334442,6.1157755851745605,5.720710068941116,0.13922509107425637,13.150000000000034,28.05000000000001,14.899999999999977,0.4026845637583899,-0.3499999999999659,11.350000000000023,11.699999999999989,0.8290598290598289,0.857,7.191,6.334,0.53078623302810235,1.4804231460350918,0.9840136227260619,-0.2935846036801559,19.70896414342633,3.6126153023411103,-0.15472562026298917,5.518525896414379,2.5755165342755406,1.4876526912545673,3.569262948207171,1.364850562729002,0.47604995706906394
Umbilicus rupestris,129454,43.5204641793,-5.6180426261,263369057,263369057,"c(-5.6180426261, 43.5204641793)",1,1.5217735767364502,18.850000000000023,6.350000000000023,3.015,1.5217735767364502,18.850000000000023,6.350000000000023,3.015,Umbilicus_rupestris,0.3950655162334442,6.1157755851745605,5.720710068941116,0.19695248438128865,13.150000000000034,28.05000000000001,14.899999999999977,0.38255033557046964,-0.3499999999999659,11.350000000000023,11.699999999999989,0.5726495726495723,0.857,7.191,6.334,0.34070097884433226,1.4804231460350918,0.9840136227260619,0.042022213662858854,19.70896414342633,3.6126153023411103,-0.23776795244975704,5.518525896414379,2.5755165342755406,0.3228378045802478,3.569262948207171,1.364850562729002,-0.4060979006367767
Umbilicus rupestris,129454,38.6992972,-9.2035041,263486582,263486582,"c(-9.2035041, 38.6992972)",1,0.8793618679046631,20.750000000000057,9.650000000000034,2.999,0.8793618679046631,20.750000000000057,9.650000000000034,2.999,Umbilicus_rupestris,0.3950655162334442,6.1157755851745605,5.720710068941116,0.08465668524272206,13.150000000000034,28.05000000000001,14.899999999999977,0.510067114093962,-0.3499999999999659,11.350000000000023,11.699999999999989,0.8547008547008556,0.857,7.191,6.334,0.3381749289548469,1.4804231460350918,0.9840136227260619,-0.6108261758259798,19.70896414342633,3.6126153023411103,0.2881668180664291,5.518525896414379,2.5755165342755406,1.6041341799220037,3.569262948207171,1.364850562729002,-0.41782079575579123
Umbilicus rupestris,129454,43.9593866,10.22934,263523492,263523492,"c(10.22934, 43.9593866)",1,1.6125173568725586,22.55000000000001,6.550000000000011,1.193,1.6125173568725586,22.55000000000001,6.550000000000011,1.193,Umbilicus_rupestris,0.3950655162334442,6.1157755851745605,5.720710068941116,0.21281481249135573,13.150000000000034,28.05000000000001,14.899999999999977,0.6308724832214759,-0.3499999999999659,11.350000000000023,11.699999999999989,0.5897435897435884,0.857,7.191,6.334,0.05304704767919168,1.4804231460350918,0.9840136227260619,0.13424022573134667,19.70896414342633,3.6126153023411103,0.7864208111870049,5.518525896414379,2.5755165342755406,0.4004921303585314,3.569262948207171,1.364850562729002,-1.7410425823145521
Umbilicus rupestris,129454,39.4019813536,-8.4865903853,263780064,263780064,"c(-8.4865903853, 39.4019813536)",1,0.5662515759468079,22.450000000000045,5.750000000000057,2.816,0.5662515759468079,22.450000000000045,5.750000000000057,2.816,Umbilicus_rupestris,0.3950655162334442,6.1157755851745605,5.720710068941116,0.029923918123864926,13.150000000000034,28.05000000000001,14.899999999999977,0.6241610738255051,-0.3499999999999659,11.350000000000023,11.699999999999989,0.5213675213675238,0.857,7.191,6.334,0.30928323334385854,1.4804231460350918,0.9840136227260619,-0.929023286848112,19.70896414342633,3.6126153023411103,0.7587400337914261,5.518525896414379,2.5755165342755406,0.08987482724539715,3.569262948207171,1.364850562729002,-0.5519014086795196
Umbilicus rupestris,129454,38.6466133333,-9.2021033333,263973866,263973866,"c(-9.2021033333, 38.6466133333)",1,0.9932267069816589,20.250000000000057,9.750000000000057,3.321,0.9932267069816589,20.250000000000057,9.750000000000057,3.321,Umbilicus_rupestris,0.3950655162334442,6.1157755851745605,5.720710068941116,0.10456065480328254,13.150000000000034,28.05000000000001,14.899999999999977,0.4765100671140962,-0.3499999999999659,11.350000000000023,11.699999999999989,0.8632478632478661,0.857,7.191,6.334,0.38901168298073896,1.4804231460350918,0.9840136227260619,-0.495111477932316,19.70896414342633,3.6126153023411103,0.14976293108848782,5.518525896414379,2.5755165342755406,1.6429613428111565,3.569262948207171,1.364850562729002,-0.18189753148562451
Umbilicus rupestris,129454,38.69970291,-9.20324278,263975445,263975445,"c(-9.20324278, 38.69970291)",1,0.8793618679046631,20.750000000000057,9.650000000000034,2.999,0.8793618679046631,20.750000000000057,9.650000000000034,2.999,Umbilicus_rupestris,0.3950655162334442,6.1157755851745605,5.720710068941116,0.08465668524272206,13.150000000000034,28.05000000000001,14.899999999999977,0.510067114093962,-0.3499999999999659,11.350000000000023,11.699999999999989,0.8547008547008556,0.857,7.191,6.334,0.3381749289548469,1.4804231460350918,0.9840136227260619,-0.6108261758259798,19.70896414342633,3.6126153023411103,0.2881668180664291,5.518525896414379,2.5755165342755406,1.6041341799220037,3.569262948207171,1.364850562729002,-0.41782079575579123
Umbilicus rupestris,129454,38.6465,-9.20203,263977127,263977127,"c(-9.20203, 38.6465)",1,0.9932267069816589,20.250000000000057,9.750000000000057,3.321,0.9932267069816589,20.250000000000057,9.750000000000057,3.321,Umbilicus_rupestris,0.3950655162334442,6.1157755851745605,5.720710068941116,0.10456065480328254,13.150000000000034,28.05000000000001,14.899999999999977,0.4765100671140962,-0.3499999999999659,11.350000000000023,11.699999999999989,0.8632478632478661,0.857,7.191,6.334,0.38901168298073896,1.4804231460350918,0.9840136227260619,-0.495111477932316,19.70896414342633,3.6126153023411103,0.14976293108848782,5.518525896414379,2.5755165342755406,1.6429613428111565,3.569262948207171,1.364850562729002,-0.18189753148562451
Umbilicus rupestris,129454,42.1046138333,-8.6986056715,264115984,264115984,"c(-8.6986056715, 42.1046138333)",1,2.3378937244415283,17.650000000000034,4.4500000000000455,3.593,2.3378937244415283,17.650000000000034,4.4500000000000455,3.593,Umbilicus_rupestris,0.3950655162334442,6.1157755851745605,5.720710068941116,0.33961312228635543,13.150000000000034,28.05000000000001,14.899999999999977,0.3020134228187924,-0.3499999999999659,11.350000000000023,11.699999999999989,0.41025641025641163,0.857,7.191,6.334,0.4319545311019892,1.4804231460350918,0.9840136227260619,0.8714011255565173,19.70896414342633,3.6126153023411103,-0.5699372811968129,5.518525896414379,2.5755165342755406,-0.41487829031347906,3.569262948207171,1.364850562729002,0.01739168553762169
Umbilicus rupestris,129454,41.1459471667,-8.5976583333,264544862,264544862,"c(-8.5976583333, 41.1459471667)",1,1.7822458744049072,20.450000000000045,6.650000000000034,2.837,1.7822458744049072,20.450000000000045,6.650000000000034,2.837,Umbilicus_rupestris,0.3950655162334442,6.1157755851745605,5.720710068941116,0.24248394717689745,13.150000000000034,28.05000000000001,14.899999999999977,0.4899328859060418,-0.3499999999999659,11.350000000000023,11.699999999999989,0.5982905982905988,0.857,7.191,6.334,0.31259867382380807,1.4804231460350918,0.9840136227260619,0.3067261686211832,19.70896414342633,3.6126153023411103,0.20512448587966117,5.518525896414379,2.5755165342755406,0.4393192932476842,3.569262948207171,1.364850562729002,-0.5365151088358129
Umbilicus rupestris,129454,43.779645,11.2277283333,264868550,264868550,"c(11.2277283333, 43.779645)",1,0.9781135320663452,23.350000000000023,1.5500000000000114,1.6320000000000001,0.9781135320663452,23.350000000000023,1.5500000000000114,1.6320000000000001,Umbilicus_rupestris,0.3950655162334442,6.1157755851745605,5.720710068941116,0.10191881930853056,13.150000000000034,28.05000000000001,14.899999999999977,0.684563758389262,-0.3499999999999659,11.350000000000023,11.699999999999989,0.1623931623931606,0.857,7.191,6.334,0.12235554152194508,1.4804231460350918,0.9840136227260619,-0.510470182899677,19.70896414342633,3.6126153023411103,1.007867030351714,5.518525896414379,2.5755165342755406,-1.5408660140986679,3.569262948207171,1.364850562729002,-1.4193956474865919
Umbilicus rupestris,129454,41.2090383333,-8.5704633333,265271071,265271071,"c(-8.5704633333, 41.2090383333)",1,1.7369531393051147,20.55000000000001,6.4500000000000455,2.282,1.7369531393051147,20.55000000000001,6.4500000000000455,2.282,Umbilicus_rupestris,0.3950655162334442,6.1157755851745605,5.720710068941116,0.23456661968538625,13.150000000000034,28.05000000000001,14.899999999999977,0.49664429530201265,-0.3499999999999659,11.350000000000023,11.699999999999989,0.5811965811965827,0.857,7.191,6.334,0.2249763182822861,1.4804231460350918,0.9840136227260619,0.2606976035142127,19.70896414342633,3.6126153023411103,0.23280526327523998,5.518525896414379,2.5755165342755406,0.36166496746940063,3.569262948207171,1.364850562729002,-0.9431530332766282
Umbilicus rupestris,129454,38.69962186,-9.20352306,265710500,265710500,"c(-9.20352306, 38.69962186)",1,0.8793618679046631,20.750000000000057,9.650000000000034,2.999,0.8793618679046631,20.750000000000057,9.650000000000034,2.999,Umbilicus_rupestris,0.3950655162334442,6.1157755851745605,5.720710068941116,0.08465668524272206,13.150000000000034,28.05000000000001,14.899999999999977,0.510067114093962,-0.3499999999999659,11.350000000000023,11.699999999999989,0.8547008547008556,0.857,7.191,6.334,0.3381749289548469,1.4804231460350918,0.9840136227260619,-0.6108261758259798,19.70896414342633,3.6126153023411103,0.2881668180664291,5.518525896414379,2.5755165342755406,1.6041341799220037,3.569262948207171,1.364850562729002,-0.41782079575579123
Umbilicus rupestris,129454,37.8857538436,-4.7854484618,265814687,265814687,"c(-4.7854484618, 37.8857538436)",1,0.5173603892326355,27.950000000000045,4.550000000000011,1.709,0.5173603892326355,27.950000000000045,4.550000000000011,1.709,Umbilicus_rupestris,0.3950655162334442,6.1157755851745605,5.720710068941116,0.021377568785237815,13.150000000000034,28.05000000000001,14.899999999999977,0.9932885906040291,-0.3499999999999659,11.350000000000023,11.699999999999989,0.41880341880341726,0.857,7.191,6.334,0.13451215661509316,1.4804231460350918,0.9840136227260619,-0.9787087643506761,19.70896414342633,3.6126153023411103,2.2811827905487796,5.518525896414379,2.5755165342755406,-0.3760511274243483,3.569262948207171,1.364850562729002,-1.3629792147263347
Umbilicus rupestris,129454,37.3861144827,-6.0034058287,266270735,266270735,"c(-6.0034058287, 37.3861144827)",1,0.4318329989910126,26.650000000000034,5.850000000000023,1.925,0.4318329989910126,26.650000000000034,5.850000000000023,1.925,Umbilicus_rupestris,0.3950655162334442,6.1157755851745605,5.720710068941116,0.006427083756120836,13.150000000000034,28.05000000000001,14.899999999999977,0.9060402684563772,-0.3499999999999659,11.350000000000023,11.699999999999989,0.5299145299145295,0.857,7.191,6.334,0.16861383012314496,1.4804231460350918,0.9840136227260619,-1.0656256405669648,19.70896414342633,3.6126153023411103,1.9213326844061291,5.518525896414379,2.5755165342755406,0.1287019901345279,3.569262948207171,1.364850562729002,-1.2047201306196391
Umbilicus rupestris,129454,36.658676704,-6.1114065349,266342318,266342318,"c(-6.1114065349, 36.658676704)",1,0.48793503642082214,25.250000000000057,6.750000000000057,3.34,0.48793503642082214,25.250000000000057,6.750000000000057,3.34,Umbilicus_rupestris,0.3950655162334442,6.1157755851745605,5.720710068941116,0.01623391485815462,13.150000000000034,28.05000000000001,14.899999999999977,0.8120805369127544,-0.3499999999999659,11.350000000000023,11.699999999999989,0.6068376068376093,0.857,7.191,6.334,0.39201136722450264,1.4804231460350918,0.9840136227260619,-1.0086121641941608,19.70896414342633,3.6126153023411103,1.5338018008679002,5.518525896414379,2.5755165342755406,0.478146456136837,3.569262948207171,1.364850562729002,-0.16797659353179506
Umbilicus rupestris,129454,38.765162,-9.38157903,266400140,266400140,"c(-9.38157903, 38.765162)",1,1.3523099422454834,19.05000000000001,10.150000000000034,3.043,1.3523099422454834,19.05000000000001,10.150000000000034,3.043,Umbilicus_rupestris,0.3950655162334442,6.1157755851745605,5.720710068941116,0.16732965217187135,13.150000000000034,28.05000000000001,14.899999999999977,0.3959731543624152,-0.3499999999999659,11.350000000000023,11.699999999999989,0.8974358974358984,0.857,7.191,6.334,0.3451215661509315,1.4804231460350918,0.9840136227260619,-0.1301945428709514,19.70896414342633,3.6126153023411103,-0.1824063976585837,5.518525896414379,2.5755165342755406,1.7982699943677236,3.569262948207171,1.364850562729002,-0.38558283417850137
Umbilicus rupestris,129454,39.8286158169,2.8852660474,267185760,267185760,"c(2.8852660474, 39.8286158169)",1,1.1351290941238403,22.950000000000045,6.050000000000011,3.1270000000000002,1.1351290941238403,22.950000000000045,6.050000000000011,3.1270000000000002,Umbilicus_rupestris,0.3950655162334442,6.1157755851745605,5.720710068941116,0.12936568519847735,13.150000000000034,28.05000000000001,14.899999999999977,0.6577181208053708,-0.3499999999999659,11.350000000000023,11.699999999999989,0.5470085470085456,0.857,7.191,6.334,0.3583833280707295,1.4804231460350918,0.9840136227260619,-0.35090373134740377,19.70896414342633,3.6126153023411103,0.8971439207693673,5.518525896414379,2.5755165342755406,0.20635631591281145,3.569262948207171,1.364850562729002,-0.3240376348036752
Umbilicus rupestris,129454,38.7623434865,-9.2367579283,267488362,267488362,"c(-9.2367579283, 38.7623434865)",1,0.9442296624183655,20.250000000000057,8.750000000000057,3.078,0.9442296624183655,20.250000000000057,8.750000000000057,3.078,Umbilicus_rupestris,0.3950655162334442,6.1157755851745605,5.720710068941116,0.09599580114476412,13.150000000000034,28.05000000000001,14.899999999999977,0.4765100671140962,-0.3499999999999659,11.350000000000023,11.699999999999989,0.7777777777777805,0.857,7.191,6.334,0.3506473002841807,1.4804231460350918,0.9840136227260619,-0.5449045330605108,19.70896414342633,3.6126153023411103,0.14976293108848782,5.518525896414379,2.5755165342755406,1.2546897139197166,3.569262948207171,1.364850562729002,-0.35993900110565735
Umbilicus rupestris,129454,38.7744666667,-9.1167945,267875872,267875872,"c(-9.1167945, 38.7744666667)",1,0.7512463331222534,21.250000000000057,8.150000000000034,2.439,0.7512463331222534,21.250000000000057,8.150000000000034,2.439,Umbilicus_rupestris,0.3950655162334442,6.1157755851745605,5.720710068941116,0.06226164455048795,13.150000000000034,28.05000000000001,14.899999999999977,0.5436241610738278,-0.3499999999999659,11.350000000000023,11.699999999999989,0.7264957264957272,0.857,7.191,6.334,0.24976318282286078,1.4804231460350918,0.9840136227260619,-0.7410230875592593,19.70896414342633,3.6126153023411103,0.4265707050443703,5.518525896414379,2.5755165342755406,1.021726736584844,3.569262948207171,1.364850562729002,-0.8281221249212984
Umbilicus rupestris,129454,35.9032216667,-5.368995,271557866,271557866,"c(-5.368995, 35.9032216667)",1,1.031675934791565,21.850000000000023,11.150000000000034,5.2780000000000005,1.031675934791565,21.850000000000023,11.150000000000034,5.2780000000000005,Umbilicus_rupestris,0.3950655162334442,6.1157755851745605,5.720710068941116,0.11128171343875763,13.150000000000034,28.05000000000001,14.899999999999977,0.5838926174496646,-0.3499999999999659,11.350000000000023,11.699999999999989,0.9829059829059839,0.857,7.191,6.334,0.6979791600884119,1.4804231460350918,0.9840136227260619,-0.4560376003742105,19.70896414342633,3.6126153023411103,0.5926553694178903,5.518525896414379,2.5755165342755406,2.1865416232591635,3.569262948207171,1.364850562729002,1.2519590777588359
Umbilicus rupestris,129454,38.7059849691,-9.2498406628,271927433,271927433,"c(-9.2498406628, 38.7059849691)",1,0.9178809523582458,20.350000000000023,9.650000000000034,3.291,0.9178809523582458,20.350000000000023,9.650000000000034,3.291,Umbilicus_rupestris,0.3950655162334442,6.1157755851745605,5.720710068941116,0.09138995506226956,13.150000000000034,28.05000000000001,14.899999999999977,0.4832214765100671,-0.3499999999999659,11.350000000000023,11.699999999999989,0.8547008547008556,0.857,7.191,6.334,0.38427533943795394,1.4804231460350918,0.9840136227260619,-0.571681306726636,19.70896414342633,3.6126153023411103,0.17744370848406663,5.518525896414379,2.5755165342755406,1.6041341799220037,3.569262948207171,1.364850562729002,-0.20387795983377688
Umbilicus rupestris,129454,42.6712792,9.42967,272444679,272444679,"c(9.42967, 42.6712792)",1,1.2541983127593994,22.850000000000023,8.350000000000023,2.217,1.2541983127593994,22.850000000000023,8.350000000000023,2.217,Umbilicus_rupestris,0.3950655162334442,6.1157755851745605,5.720710068941116,0.1501793983915318,13.150000000000034,28.05000000000001,14.899999999999977,0.6510067114093963,-0.3499999999999659,11.350000000000023,11.699999999999989,0.7435897435897434,0.857,7.191,6.334,0.214714240606252,1.4804231460350918,0.9840136227260619,-0.22990010305850292,19.70896414342633,3.6126153023411103,0.8694631433737727,5.518525896414379,2.5755165342755406,1.0993810623631275,3.569262948207171,1.364850562729002,-0.9907772946976245
Umbilicus rupestris,129454,41.93298835,12.50469632,273184547,273184547,"c(12.50469632, 41.93298835)",1,0.7228332757949829,24.150000000000034,3.250000000000057,1.991,0.7228332757949829,24.150000000000034,3.250000000000057,1.991,Umbilicus_rupestris,0.3950655162334442,6.1157755851745605,5.720710068941116,0.057294943391914877,13.150000000000034,28.05000000000001,14.899999999999977,0.7382550335570481,-0.3499999999999659,11.350000000000023,11.699999999999989,0.30769230769230993,0.857,7.191,6.334,0.1790337859172719,1.4804231460350918,0.9840136227260619,-0.7698977460711571,19.70896414342633,3.6126153023411103,1.2293132495164232,5.518525896414379,2.5755165342755406,-0.8808042449832024,3.569262948207171,1.364850562729002,-1.1563631882537042
Umbilicus rupestris,129454,42.8764921028,-8.5511845036,27573676,27573676,"c(-8.5511845036, 42.8764921028)",1,2.101914167404175,18.150000000000034,4.250000000000057,3.233,2.101914167404175,18.150000000000034,4.250000000000057,3.233,Umbilicus_rupestris,0.3950655162334442,6.1157755851745605,5.720710068941116,0.29836307566739917,13.150000000000034,28.05000000000001,14.899999999999977,0.33557046979865823,-0.3499999999999659,11.350000000000023,11.699999999999989,0.3931623931623955,0.857,7.191,6.334,0.3751184085885697,1.4804231460350918,0.9840136227260619,0.6315878225825121,19.70896414342633,3.6126153023411103,-0.4315333942188716,5.518525896414379,2.5755165342755406,-0.4925326160917626,3.569262948207171,1.364850562729002,-0.2463734546402043
Umbilicus rupestris,129454,41.6819343567,-8.8289165497,280806946,280806946,"c(-8.8289165497, 41.6819343567)",1,2.1109228134155273,19.150000000000034,7.650000000000034,3.432,2.1109228134155273,19.150000000000034,7.650000000000034,3.432,Umbilicus_rupestris,0.3950655162334442,6.1157755851745605,5.720710068941116,0.29993781829598687,13.150000000000034,28.05000000000001,14.899999999999977,0.4026845637583899,-0.3499999999999659,11.350000000000023,11.699999999999989,0.6837606837606844,0.857,7.191,6.334,0.4065361540890433,1.4804231460350918,0.9840136227260619,0.6407428238988511,19.70896414342633,3.6126153023411103,-0.15472562026298917,5.518525896414379,2.5755165342755406,0.827590922139124,3.569262948207171,1.364850562729002,-0.10056994659746166
Umbilicus rupestris,129454,38.9127216667,-6.3391966667,281361683,281361683,"c(-6.3391966667, 38.9127216667)",1,0.4176885783672333,25.850000000000023,4.150000000000034,2.269,0.4176885783672333,25.850000000000023,4.150000000000034,2.269,Umbilicus_rupestris,0.3950655162334442,6.1157755851745605,5.720710068941116,0.003954589878031787,13.150000000000034,28.05000000000001,14.899999999999977,0.8523489932885912,-0.3499999999999659,11.350000000000023,11.699999999999989,0.38461538461538497,0.857,7.191,6.334,0.2229239027470793,1.4804231460350918,0.9840136227260619,-1.079999852770038,19.70896414342633,3.6126153023411103,1.69988646524142,5.518525896414379,2.5755165342755406,-0.5313597789809155,3.569262948207171,1.364850562729002,-0.9526778855608274
Umbilicus rupestris,129454,39.0563778333,-7.6677283333,291596700,291596700,"c(-7.6677283333, 39.0563778333)",1,0.5177875757217407,23.450000000000045,4.9500000000000455,3.112,0.5177875757217407,23.450000000000045,4.9500000000000455,3.112,Umbilicus_rupestris,0.3950655162334442,6.1157755851745605,5.720710068941116,0.02145224246804242,13.150000000000034,28.05000000000001,14.899999999999977,0.6912751677852367,-0.3499999999999659,11.350000000000023,11.699999999999989,0.4529914529914544,0.857,7.191,6.334,0.35601515629933694,1.4804231460350918,0.9840136227260619,-0.9782746377499469,19.70896414342633,3.6126153023411103,1.0355478077473086,5.518525896414379,2.5755165342755406,-0.22074247586775914,3.569262948207171,1.364850562729002,-0.3350278489777514
Umbilicus rupestris,129454,49.6432444444,-1.6240861111,294536459,294536459,"c(-1.6240861111, 49.6432444444)",1,1.6349499225616455,16.650000000000034,4.9500000000000455,4.249,1.6349499225616455,16.650000000000034,4.9500000000000455,4.249,Umbilicus_rupestris,0.3950655162334442,6.1157755851745605,5.720710068941116,0.2167361029288624,13.150000000000034,28.05000000000001,14.899999999999977,0.23489932885906076,-0.3499999999999659,11.350000000000023,11.699999999999989,0.4529914529914544,0.857,7.191,6.334,0.5355225765708872,1.4804231460350918,0.9840136227260619,0.15703723297901145,19.70896414342633,3.6126153023411103,-0.8467450551526953,5.518525896414379,2.5755165342755406,-0.22074247586775914,3.569262948207171,1.364850562729002,0.49803038541721567
Umbilicus rupestris,129454,49.6644555556,-1.6989666667,294537033,294537033,"c(-1.6989666667, 49.6644555556)",1,1.7520263195037842,16.450000000000045,5.050000000000011,4.107,1.7520263195037842,16.450000000000045,5.050000000000011,4.107,Umbilicus_rupestris,0.3950655162334442,6.1157755851745605,5.720710068941116,0.2372014639646838,13.150000000000034,28.05000000000001,14.899999999999977,0.2214765100671152,-0.3499999999999659,11.350000000000023,11.699999999999989,0.46153846153846007,0.857,7.191,6.334,0.5131038838017051,1.4804231460350918,0.9840136227260619,0.2760156640070252,19.70896414342633,3.6126153023411103,-0.9021066099438686,5.518525896414379,2.5755165342755406,-0.1819153129786284,3.569262948207171,1.364850562729002,0.39398969123596245
Umbilicus rupestris,129454,49.6668888889,-1.7140138889,295346268,295346268,"c(-1.7140138889, 49.6668888889)",1,1.7618998289108276,16.450000000000045,5.250000000000057,5.319,1.7618998289108276,16.450000000000045,5.250000000000057,5.319,Umbilicus_rupestris,0.3950655162334442,6.1157755851745605,5.720710068941116,0.23892738772031138,13.150000000000034,28.05000000000001,14.899999999999977,0.2214765100671152,-0.3499999999999659,11.350000000000023,11.699999999999989,0.47863247863248104,0.857,7.191,6.334,0.7044521629302178,1.4804231460350918,0.9840136227260619,0.2860495793706056,19.70896414342633,3.6126153023411103,-0.9021066099438686,5.518525896414379,2.5755165342755406,-0.10426098720032276,3.569262948207171,1.364850562729002,1.28199899650131
Umbilicus rupestris,129454,37.2864927017,-8.5540961617,296986291,296986291,"c(-8.5540961617, 37.2864927017)",1,0.8004711866378784,22.05000000000001,6.150000000000034,3.789,0.8004711866378784,22.05000000000001,6.150000000000034,3.789,Umbilicus_rupestris,0.3950655162334442,6.1157755851745605,5.720710068941116,0.07086632000552921,13.150000000000034,28.05000000000001,14.899999999999977,0.5973154362416101,-0.3499999999999659,11.350000000000023,11.699999999999989,0.5555555555555561,0.857,7.191,6.334,0.4628986422481845,1.4804231460350918,0.9840136227260619,-0.6909985224732039,19.70896414342633,3.6126153023411103,0.6480169242090636,5.518525896414379,2.5755165342755406,0.24518347880196426,3.569262948207171,1.364850562729002,0.16099715074554935
Umbilicus rupestris,129454,56.3319271997,-6.3942595997,297856183,297856183,"c(-6.3942595997, 56.3319271997)",1,6.1157755851745605,13.150000000000034,5.150000000000034,7.191,6.1157755851745605,13.150000000000034,5.150000000000034,7.191,Umbilicus_rupestris,0.3950655162334442,6.1157755851745605,5.720710068941116,1,13.150000000000034,28.05000000000001,14.899999999999977,0,-0.3499999999999659,11.350000000000023,11.699999999999989,0.4700854700854705,0.857,7.191,6.334,1,1.4804231460350918,0.9840136227260619,4.710658808053817,19.70896414342633,3.6126153023411103,-1.8155722639982839,5.518525896414379,2.5755165342755406,-0.14308815008947556,3.569262948207171,1.364850562729002,2.6535777254260053
Umbilicus rupestris,129454,49.7129472222,-2.2189361111,303916899,303916899,"c(-2.2189361111, 49.7129472222)",1,2.735825538635254,15.750000000000057,6.4500000000000455,6.33,2.735825538635254,15.750000000000057,6.4500000000000455,6.33,Umbilicus_rupestris,0.3950655162334442,6.1157755851745605,5.720710068941116,0.40917298625397325,13.150000000000034,28.05000000000001,14.899999999999977,0.17449664429530382,-0.3499999999999659,11.350000000000023,11.699999999999989,0.5811965811965827,0.857,7.191,6.334,0.8640669403220714,1.4804231460350918,0.9840136227260619,1.2757977771915987,19.70896414342633,3.6126153023411103,-1.0958720517129832,5.518525896414379,2.5755165342755406,0.36166496746940063,3.569262948207171,1.364850562729002,2.0227394318340384
Umbilicus rupestris,129454,49.4679277778,-2.4483305556,303920189,303920189,"c(-2.4483305556, 49.4679277778)",1,2.6138510704040527,15.950000000000045,6.650000000000034,6.167,2.6138510704040527,15.950000000000045,6.650000000000034,6.167,Umbilicus_rupestris,0.3950655162334442,6.1157755851745605,5.720710068941116,0.3878514253356136,13.150000000000034,28.05000000000001,14.899999999999977,0.18791946308724938,-0.3499999999999659,11.350000000000023,11.699999999999989,0.5982905982905988,0.857,7.191,6.334,0.8383328070729397,1.4804231460350918,0.9840136227260619,1.1518417003506203,19.70896414342633,3.6126153023411103,-1.04051049692181,5.518525896414379,2.5755165342755406,0.4393192932476842,3.569262948207171,1.364850562729002,1.903312437809078
Umbilicus rupestris,129454,49.4677861111,-2.4483388889,303920192,303920192,"c(-2.4483388889, 49.4677861111)",1,2.6138510704040527,15.950000000000045,6.650000000000034,6.167,2.6138510704040527,15.950000000000045,6.650000000000034,6.167,Umbilicus_rupestris,0.3950655162334442,6.1157755851745605,5.720710068941116,0.3878514253356136,13.150000000000034,28.05000000000001,14.899999999999977,0.18791946308724938,-0.3499999999999659,11.350000000000023,11.699999999999989,0.5982905982905988,0.857,7.191,6.334,0.8383328070729397,1.4804231460350918,0.9840136227260619,1.1518417003506203,19.70896414342633,3.6126153023411103,-1.04051049692181,5.518525896414379,2.5755165342755406,0.4393192932476842,3.569262948207171,1.364850562729002,1.903312437809078
Umbilicus rupestris,129454,49.4339444444,-2.3586611111,304167141,304167141,"c(-2.3586611111, 49.4339444444)",1,2.7348597049713135,15.750000000000057,6.250000000000057,6.402,2.7348597049713135,15.750000000000057,6.250000000000057,6.402,Umbilicus_rupestris,0.3950655162334442,6.1157755851745605,5.720710068941116,0.4090041551731632,13.150000000000034,28.05000000000001,14.899999999999977,0.17449664429530382,-0.3499999999999659,11.350000000000023,11.699999999999989,0.5641025641025665,0.857,7.191,6.334,0.8754341648247553,1.4804231460350918,0.9840136227260619,1.2748162525036937,19.70896414342633,3.6126153023411103,-1.0958720517129832,5.518525896414379,2.5755165342755406,0.28401064169111706,3.569262948207171,1.364850562729002,2.0754924598696034
Umbilicus rupestris,129454,49.4354805556,-2.35405,304169201,304169201,"c(-2.35405, 49.4354805556)",1,2.76068115234375,15.850000000000023,6.350000000000023,6.604,2.76068115234375,15.850000000000023,6.350000000000023,6.604,Umbilicus_rupestris,0.3950655162334442,6.1157755851745605,5.720710068941116,0.4135178339055685,13.150000000000034,28.05000000000001,14.899999999999977,0.18120805369127468,-0.3499999999999659,11.350000000000023,11.699999999999989,0.5726495726495723,0.857,7.191,6.334,0.9073255446795074,1.4804231460350918,0.9840136227260619,1.3010571975232372,19.70896414342633,3.6126153023411103,-1.0681912743174045,5.518525896414379,2.5755165342755406,0.3228378045802478,3.569262948207171,1.364850562729002,2.2234940107471615
Umbilicus rupestris,129454,49.4351722222,-2.3665888889,304173987,304173987,"c(-2.3665888889, 49.4351722222)",1,2.7348597049713135,15.750000000000057,6.250000000000057,6.402,2.7348597049713135,15.750000000000057,6.250000000000057,6.402,Umbilicus_rupestris,0.3950655162334442,6.1157755851745605,5.720710068941116,0.4090041551731632,13.150000000000034,28.05000000000001,14.899999999999977,0.17449664429530382,-0.3499999999999659,11.350000000000023,11.699999999999989,0.5641025641025665,0.857,7.191,6.334,0.8754341648247553,1.4804231460350918,0.9840136227260619,1.2748162525036937,19.70896414342633,3.6126153023411103,-1.0958720517129832,5.518525896414379,2.5755165342755406,0.28401064169111706,3.569262948207171,1.364850562729002,2.0754924598696034
Umbilicus rupestris,129454,49.4315277778,-2.3508944444,304175749,304175749,"c(-2.3508944444, 49.4315277778)",1,2.7374749183654785,15.850000000000023,6.350000000000023,6.2330000000000005,2.7374749183654785,15.850000000000023,6.350000000000023,6.2330000000000005,Umbilicus_rupestris,0.3950655162334442,6.1157755851745605,5.720710068941116,0.4094613035625499,13.150000000000034,28.05000000000001,14.899999999999977,0.18120805369127468,-0.3499999999999659,11.350000000000023,11.699999999999989,0.5726495726495723,0.857,7.191,6.334,0.8487527628670667,1.4804231460350918,0.9840136227260619,1.2774739528990602,19.70896414342633,3.6126153023411103,-1.0681912743174045,5.518525896414379,2.5755165342755406,0.3228378045802478,3.569262948207171,1.364850562729002,1.9516693801750133
Umbilicus rupestris,129454,49.4313444444,-2.3466111111,304175751,304175751,"c(-2.3466111111, 49.4313444444)",1,2.7217400074005127,16.05000000000001,6.4500000000000455,6.289,2.7217400074005127,16.05000000000001,6.4500000000000455,6.289,Umbilicus_rupestris,0.3950655162334442,6.1157755851745605,5.720710068941116,0.4067107864457336,13.150000000000034,28.05000000000001,14.899999999999977,0.19463087248322025,-0.3499999999999659,11.350000000000023,11.699999999999989,0.5811965811965827,0.857,7.191,6.334,0.8575939374802652,1.4804231460350918,0.9840136227260619,1.2614834111000812,19.70896414342633,3.6126153023411103,-1.012829719526231,5.518525896414379,2.5755165342755406,0.36166496746940063,3.569262948207171,1.364850562729002,1.9926995130915635
Umbilicus rupestris,129454,49.4372222222,-2.3531777778,304176638,304176638,"c(-2.3531777778, 49.4372222222)",1,2.76068115234375,15.850000000000023,6.350000000000023,6.604,2.76068115234375,15.850000000000023,6.350000000000023,6.604,Umbilicus_rupestris,0.3950655162334442,6.1157755851745605,5.720710068941116,0.4135178339055685,13.150000000000034,28.05000000000001,14.899999999999977,0.18120805369127468,-0.3499999999999659,11.350000000000023,11.699999999999989,0.5726495726495723,0.857,7.191,6.334,0.9073255446795074,1.4804231460350918,0.9840136227260619,1.3010571975232372,19.70896414342633,3.6126153023411103,-1.0681912743174045,5.518525896414379,2.5755165342755406,0.3228378045802478,3.569262948207171,1.364850562729002,2.2234940107471615
Umbilicus rupestris,129454,49.2235472222,-2.0853388889,305264934,305264934,"c(-2.0853388889, 49.2235472222)",1,2.9482288360595703,16.250000000000057,5.9500000000000455,4.207,2.9482288360595703,16.250000000000057,5.9500000000000455,4.207,Umbilicus_rupestris,0.3950655162334442,6.1157755851745605,5.720710068941116,0.44630182076308367,13.150000000000034,28.05000000000001,14.899999999999977,0.20805369127516962,-0.3499999999999659,11.350000000000023,11.699999999999989,0.53846153846154,0.857,7.191,6.334,0.5288916956109883,1.4804231460350918,0.9840136227260619,1.4916517984356186,19.70896414342633,3.6126153023411103,-0.957468164735042,5.518525896414379,2.5755165342755406,0.1675291530236807,3.569262948207171,1.364850562729002,0.46725778572980275
Umbilicus rupestris,129454,49.4715694444,-2.4493527778,305463341,305463341,"c(-2.4493527778, 49.4715694444)",1,2.6138510704040527,15.950000000000045,6.650000000000034,6.167,2.6138510704040527,15.950000000000045,6.650000000000034,6.167,Umbilicus_rupestris,0.3950655162334442,6.1157755851745605,5.720710068941116,0.3878514253356136,13.150000000000034,28.05000000000001,14.899999999999977,0.18791946308724938,-0.3499999999999659,11.350000000000023,11.699999999999989,0.5982905982905988,0.857,7.191,6.334,0.8383328070729397,1.4804231460350918,0.9840136227260619,1.1518417003506203,19.70896414342633,3.6126153023411103,-1.04051049692181,5.518525896414379,2.5755165342755406,0.4393192932476842,3.569262948207171,1.364850562729002,1.903312437809078
Umbilicus rupestris,129454,49.472275,-2.4474611111,305463345,305463345,"c(-2.4474611111, 49.472275)",1,2.6138510704040527,15.950000000000045,6.650000000000034,6.167,2.6138510704040527,15.950000000000045,6.650000000000034,6.167,Umbilicus_rupestris,0.3950655162334442,6.1157755851745605,5.720710068941116,0.3878514253356136,13.150000000000034,28.05000000000001,14.899999999999977,0.18791946308724938,-0.3499999999999659,11.350000000000023,11.699999999999989,0.5982905982905988,0.857,7.191,6.334,0.8383328070729397,1.4804231460350918,0.9840136227260619,1.1518417003506203,19.70896414342633,3.6126153023411103,-1.04051049692181,5.518525896414379,2.5755165342755406,0.4393192932476842,3.569262948207171,1.364850562729002,1.903312437809078
Umbilicus rupestris,129454,49.4561472222,-2.5343111111,305464990,305464990,"c(-2.5343111111, 49.4561472222)",1,2.8415491580963135,15.950000000000045,6.750000000000057,4.003,2.8415491580963135,15.950000000000045,6.750000000000057,4.003,Umbilicus_rupestris,0.3950655162334442,6.1157755851745605,5.720710068941116,0.4276538423342445,13.150000000000034,28.05000000000001,14.899999999999977,0.18791946308724938,-0.3499999999999659,11.350000000000023,11.699999999999989,0.6068376068376093,0.857,7.191,6.334,0.49668455952005053,1.4804231460350918,0.9840136227260619,1.3832389924546233,19.70896414342633,3.6126153023411103,-1.04051049692181,5.518525896414379,2.5755165342755406,0.478146456136837,3.569262948207171,1.364850562729002,0.31779087296236813
Umbilicus rupestris,129454,49.4562111111,-2.5346972222,305466326,305466326,"c(-2.5346972222, 49.4562111111)",1,2.8415491580963135,15.950000000000045,6.750000000000057,4.003,2.8415491580963135,15.950000000000045,6.750000000000057,4.003,Umbilicus_rupestris,0.3950655162334442,6.1157755851745605,5.720710068941116,0.4276538423342445,13.150000000000034,28.05000000000001,14.899999999999977,0.18791946308724938,-0.3499999999999659,11.350000000000023,11.699999999999989,0.6068376068376093,0.857,7.191,6.334,0.49668455952005053,1.4804231460350918,0.9840136227260619,1.3832389924546233,19.70896414342633,3.6126153023411103,-1.04051049692181,5.518525896414379,2.5755165342755406,0.478146456136837,3.569262948207171,1.364850562729002,0.31779087296236813
Umbilicus rupestris,129454,49.45625,-2.5350805556,305467101,305467101,"c(-2.5350805556, 49.45625)",1,2.8415491580963135,15.950000000000045,6.750000000000057,4.003,2.8415491580963135,15.950000000000045,6.750000000000057,4.003,Umbilicus_rupestris,0.3950655162334442,6.1157755851745605,5.720710068941116,0.4276538423342445,13.150000000000034,28.05000000000001,14.899999999999977,0.18791946308724938,-0.3499999999999659,11.350000000000023,11.699999999999989,0.6068376068376093,0.857,7.191,6.334,0.49668455952005053,1.4804231460350918,0.9840136227260619,1.3832389924546233,19.70896414342633,3.6126153023411103,-1.04051049692181,5.518525896414379,2.5755165342755406,0.478146456136837,3.569262948207171,1.364850562729002,0.31779087296236813
Umbilicus rupestris,129454,49.4545777778,-2.5356138889,305717753,305717753,"c(-2.5356138889, 49.4545777778)",1,2.8415491580963135,15.950000000000045,6.750000000000057,4.003,2.8415491580963135,15.950000000000045,6.750000000000057,4.003,Umbilicus_rupestris,0.3950655162334442,6.1157755851745605,5.720710068941116,0.4276538423342445,13.150000000000034,28.05000000000001,14.899999999999977,0.18791946308724938,-0.3499999999999659,11.350000000000023,11.699999999999989,0.6068376068376093,0.857,7.191,6.334,0.49668455952005053,1.4804231460350918,0.9840136227260619,1.3832389924546233,19.70896414342633,3.6126153023411103,-1.04051049692181,5.518525896414379,2.5755165342755406,0.478146456136837,3.569262948207171,1.364850562729002,0.31779087296236813
Umbilicus rupestris,129454,49.4378694444,-2.5430138889,305719476,305719476,"c(-2.5430138889, 49.4378694444)",1,2.9327824115753174,15.750000000000057,6.4500000000000455,4.993,2.9327824115753174,15.750000000000057,6.4500000000000455,4.993,Umbilicus_rupestris,0.3950655162334442,6.1157755851745605,5.720710068941116,0.4436017320856108,13.150000000000034,28.05000000000001,14.899999999999977,0.17449664429530382,-0.3499999999999659,11.350000000000023,11.699999999999989,0.5811965811965827,0.857,7.191,6.334,0.6529838964319545,1.4804231460350918,0.9840136227260619,1.4759544298956782,19.70896414342633,3.6126153023411103,-1.0958720517129832,5.518525896414379,2.5755165342755406,0.36166496746940063,3.569262948207171,1.364850562729002,1.04314500845139
Umbilicus rupestris,129454,49.4349777778,-2.5404166667,305723393,305723393,"c(-2.5404166667, 49.4349777778)",1,2.9050915241241455,15.850000000000023,6.550000000000011,5.194,2.9050915241241455,15.850000000000023,6.550000000000011,5.194,Umbilicus_rupestris,0.3950655162334442,6.1157755851745605,5.720710068941116,0.43876126873098087,13.150000000000034,28.05000000000001,14.899999999999977,0.18120805369127468,-0.3499999999999659,11.350000000000023,11.699999999999989,0.5897435897435884,0.857,7.191,6.334,0.6847173981686139,1.4804231460350918,0.9840136227260619,1.4478136736991751,19.70896414342633,3.6126153023411103,-1.0681912743174045,5.518525896414379,2.5755165342755406,0.4004921303585314,3.569262948207171,1.364850562729002,1.1904138783840092
Umbilicus rupestris,129454,49.4329194444,-2.5347666667,305726885,305726885,"c(-2.5347666667, 49.4329194444)",1,2.8922789096832275,15.750000000000057,6.550000000000011,5.688,2.8922789096832275,15.750000000000057,6.550000000000011,5.688,Umbilicus_rupestris,0.3950655162334442,6.1157755851745605,5.720710068941116,0.4365215792017946,13.150000000000034,28.05000000000001,14.899999999999977,0.17449664429530382,-0.3499999999999659,11.350000000000023,11.699999999999989,0.5897435897435884,0.857,7.191,6.334,0.762709188506473,1.4804231460350918,0.9840136227260619,1.4347929043266714,19.70896414342633,3.6126153023411103,-1.0958720517129832,5.518525896414379,2.5755165342755406,0.4004921303585314,3.569262948207171,1.364850562729002,1.5523582651835817
Umbilicus rupestris,129454,49.4317722222,-2.5338666667,305727598,305727598,"c(-2.5338666667, 49.4317722222)",1,2.8922789096832275,15.750000000000057,6.550000000000011,5.688,2.8922789096832275,15.750000000000057,6.550000000000011,5.688,Umbilicus_rupestris,0.3950655162334442,6.1157755851745605,5.720710068941116,0.4365215792017946,13.150000000000034,28.05000000000001,14.899999999999977,0.17449664429530382,-0.3499999999999659,11.350000000000023,11.699999999999989,0.5897435897435884,0.857,7.191,6.334,0.762709188506473,1.4804231460350918,0.9840136227260619,1.4347929043266714,19.70896414342633,3.6126153023411103,-1.0958720517129832,5.518525896414379,2.5755165342755406,0.4004921303585314,3.569262948207171,1.364850562729002,1.5523582651835817
Umbilicus rupestris,129454,49.4301555556,-2.5334861111,305727987,305727987,"c(-2.5334861111, 49.4301555556)",1,2.8922789096832275,15.750000000000057,6.550000000000011,5.688,2.8922789096832275,15.750000000000057,6.550000000000011,5.688,Umbilicus_rupestris,0.3950655162334442,6.1157755851745605,5.720710068941116,0.4365215792017946,13.150000000000034,28.05000000000001,14.899999999999977,0.17449664429530382,-0.3499999999999659,11.350000000000023,11.699999999999989,0.5897435897435884,0.857,7.191,6.334,0.762709188506473,1.4804231460350918,0.9840136227260619,1.4347929043266714,19.70896414342633,3.6126153023411103,-1.0958720517129832,5.518525896414379,2.5755165342755406,0.4004921303585314,3.569262948207171,1.364850562729002,1.5523582651835817
Umbilicus rupestris,129454,49.2022972222,-2.0280888889,305733281,305733281,"c(-2.0280888889, 49.2022972222)",1,2.7853827476501465,16.350000000000023,5.9500000000000455,5.192,2.7853827476501465,16.350000000000023,5.9500000000000455,5.192,Umbilicus_rupestris,0.3950655162334442,6.1157755851745605,5.720710068941116,0.4178357586052498,13.150000000000034,28.05000000000001,14.899999999999977,0.2147651006711405,-0.3499999999999659,11.350000000000023,11.699999999999989,0.53846153846154,0.857,7.191,6.334,0.6844016419324283,1.4804231460350918,0.9840136227260619,1.3261600972554224,19.70896414342633,3.6126153023411103,-0.9297873873394632,5.518525896414379,2.5755165342755406,0.1675291530236807,3.569262948207171,1.364850562729002,1.1889485164941327
Umbilicus rupestris,129454,49.2151027778,-2.0308055556,305734228,305734228,"c(-2.0308055556, 49.2151027778)",1,2.7794926166534424,16.450000000000045,6.050000000000011,4.84,2.7794926166534424,16.450000000000045,6.050000000000011,4.84,Umbilicus_rupestris,0.3950655162334442,6.1157755851745605,5.720710068941116,0.4168061432383249,13.150000000000034,28.05000000000001,14.899999999999977,0.2214765100671152,-0.3499999999999659,11.350000000000023,11.699999999999989,0.5470085470085456,0.857,7.191,6.334,0.6288285443637511,1.4804231460350918,0.9840136227260619,1.3201742746400946,19.70896414342633,3.6126153023411103,-0.9021066099438686,5.518525896414379,2.5755165342755406,0.20635631591281145,3.569262948207171,1.364850562729002,0.9310448238758136
Umbilicus rupestris,129454,49.2206416667,-2.0329611111,305735527,305735527,"c(-2.0329611111, 49.2206416667)",1,2.7146592140197754,16.450000000000045,6.050000000000011,5.176,2.7146592140197754,16.450000000000045,6.050000000000011,5.176,Umbilicus_rupestris,0.3950655162334442,6.1157755851745605,5.720710068941116,0.40547303915642763,13.150000000000034,28.05000000000001,14.899999999999977,0.2214765100671152,-0.3499999999999659,11.350000000000023,11.699999999999989,0.5470085470085456,0.857,7.191,6.334,0.6818755920429429,1.4804231460350918,0.9840136227260619,1.2542875824883584,19.70896414342633,3.6126153023411103,-0.9021066099438686,5.518525896414379,2.5755165342755406,0.20635631591281145,3.569262948207171,1.364850562729002,1.1772256213751182
Umbilicus rupestris,129454,49.2229222222,-2.0360611111,305736357,305736357,"c(-2.0360611111, 49.2229222222)",1,2.786381244659424,16.350000000000023,5.9500000000000455,4.922,2.786381244659424,16.350000000000023,5.9500000000000455,4.922,Umbilicus_rupestris,0.3950655162334442,6.1157755851745605,5.720710068941116,0.41801029935233264,13.150000000000034,28.05000000000001,14.899999999999977,0.2147651006711405,-0.3499999999999659,11.350000000000023,11.699999999999989,0.53846153846154,0.857,7.191,6.334,0.6417745500473634,1.4804231460350918,0.9840136227260619,1.327174815940425,19.70896414342633,3.6126153023411103,-0.9297873873394632,5.518525896414379,2.5755165342755406,0.1675291530236807,3.569262948207171,1.364850562729002,0.9911246613607627
Umbilicus rupestris,129454,49.2232027778,-2.0379472222,305736904,305736904,"c(-2.0379472222, 49.2232027778)",1,2.786381244659424,16.350000000000023,5.9500000000000455,4.922,2.786381244659424,16.350000000000023,5.9500000000000455,4.922,Umbilicus_rupestris,0.3950655162334442,6.1157755851745605,5.720710068941116,0.41801029935233264,13.150000000000034,28.05000000000001,14.899999999999977,0.2147651006711405,-0.3499999999999659,11.350000000000023,11.699999999999989,0.53846153846154,0.857,7.191,6.334,0.6417745500473634,1.4804231460350918,0.9840136227260619,1.327174815940425,19.70896414342633,3.6126153023411103,-0.9297873873394632,5.518525896414379,2.5755165342755406,0.1675291530236807,3.569262948207171,1.364850562729002,0.9911246613607627
Umbilicus rupestris,129454,48.7336194444,-3.5200111111,305831591,305831591,"c(-3.5200111111, 48.7336194444)",1,2.5337471961975098,16.05000000000001,5.9500000000000455,4.783,2.5337471961975098,16.05000000000001,5.9500000000000455,4.783,Umbilicus_rupestris,0.3950655162334442,6.1157755851745605,5.720710068941116,0.3738489897566034,13.150000000000034,28.05000000000001,14.899999999999977,0.19463087248322025,-0.3499999999999659,11.350000000000023,11.699999999999989,0.53846153846154,0.857,7.191,6.334,0.6198294916324598,1.4804231460350918,0.9840136227260619,1.070436451117762,19.70896414342633,3.6126153023411103,-1.012829719526231,5.518525896414379,2.5755165342755406,0.1675291530236807,3.569262948207171,1.364850562729002,0.8892820100143248
Umbilicus rupestris,129454,48.6298305556,-2.4647638889,305833768,305833768,"c(-2.4647638889, 48.6298305556)",1,1.3724642992019653,16.750000000000057,4.9500000000000455,4.158,1.3724642992019653,16.750000000000057,4.9500000000000455,4.158,Umbilicus_rupestris,0.3950655162334442,6.1157755851745605,5.720710068941116,0.17085270380595152,13.150000000000034,28.05000000000001,14.899999999999977,0.24161073825503546,-0.3499999999999659,11.350000000000023,11.699999999999989,0.4529914529914544,0.857,7.191,6.334,0.5211556678244396,1.4804231460350918,0.9840136227260619,-0.10971275634786716,19.70896414342633,3.6126153023411103,-0.8190642777571008,5.518525896414379,2.5755165342755406,-0.22074247586775914,3.569262948207171,1.364850562729002,0.4313564194278212
Umbilicus rupestris,129454,48.7331916667,-3.5011388889,305967434,305967434,"c(-3.5011388889, 48.7331916667)",1,2.4770119190216064,16.05000000000001,5.750000000000057,4.69,2.4770119190216064,16.05000000000001,5.750000000000057,4.69,Umbilicus_rupestris,0.3950655162334442,6.1157755851745605,5.720710068941116,0.36393146614639105,13.150000000000034,28.05000000000001,14.899999999999977,0.19463087248322025,-0.3499999999999659,11.350000000000023,11.699999999999989,0.5213675213675238,0.857,7.191,6.334,0.6051468266498264,1.4804231460350918,0.9840136227260619,1.0127794473267708,19.70896414342633,3.6126153023411103,-1.012829719526231,5.518525896414379,2.5755165342755406,0.08987482724539715,3.569262948207171,1.364850562729002,0.8211426821350531
Umbilicus rupestris,129454,48.7333694444,-3.5007444444,305968211,305968211,"c(-3.5007444444, 48.7333694444)",1,2.5212554931640625,16.05000000000001,5.850000000000023,4.565,2.5212554931640625,16.05000000000001,5.850000000000023,4.565,Umbilicus_rupestris,0.3950655162334442,6.1157755851745605,5.720710068941116,0.37166539665663717,13.150000000000034,28.05000000000001,14.899999999999977,0.19463087248322025,-0.3499999999999659,11.350000000000023,11.699999999999989,0.5299145299145295,0.857,7.191,6.334,0.5854120618882224,1.4804231460350918,0.9840136227260619,1.0577418067094448,19.70896414342633,3.6126153023411103,-1.012829719526231,5.518525896414379,2.5755165342755406,0.1287019901345279,3.569262948207171,1.364850562729002,0.7295575640177524
Umbilicus rupestris,129454,48.7309888889,-3.4624583333,305971568,305971568,"c(-3.4624583333, 48.7309888889)",1,2.1720221042633057,16.250000000000057,5.850000000000023,3.004,2.1720221042633057,16.250000000000057,5.850000000000023,3.004,Umbilicus_rupestris,0.3950655162334442,6.1157755851745605,5.720710068941116,0.31061818666135793,13.150000000000034,28.05000000000001,14.899999999999977,0.20805369127516962,-0.3499999999999659,11.350000000000023,11.699999999999989,0.5299145299145295,0.857,7.191,6.334,0.3389643195453111,1.4804231460350918,0.9840136227260619,0.702834739535661,19.70896414342633,3.6126153023411103,-0.957468164735042,5.518525896414379,2.5755165342755406,0.1287019901345279,3.569262948207171,1.364850562729002,-0.4141573910310993
Umbilicus rupestris,129454,38.71857,-9.1478028333,308258475,308258475,"c(-9.1478028333, 38.71857)",1,0.8335380554199219,20.950000000000045,8.750000000000057,2.524,0.8335380554199219,20.950000000000045,8.750000000000057,2.524,Umbilicus_rupestris,0.3950655162334442,6.1157755851745605,5.720710068941116,0.07664652357878318,13.150000000000034,28.05000000000001,14.899999999999977,0.5234899328859076,-0.3499999999999659,11.350000000000023,11.699999999999989,0.7777777777777805,0.857,7.191,6.334,0.2631828228607515,1.4804231460350918,0.9840136227260619,-0.6573944462507257,19.70896414342633,3.6126153023411103,0.3435283728576024,5.518525896414379,2.5755165342755406,1.2546897139197166,3.569262948207171,1.364850562729002,-0.765844244601534
Umbilicus rupestris,129454,50.6148033333,-3.7109033333,308293823,308293823,"c(-3.7109033333, 50.6148033333)",1,1.8702806234359741,15.550000000000011,2.4500000000000455,3.894,1.8702806234359741,15.550000000000011,2.4500000000000455,3.894,Umbilicus_rupestris,0.3950655162334442,6.1157755851745605,5.720710068941116,0.2578727272356921,13.150000000000034,28.05000000000001,14.899999999999977,0.16107382550335442,-0.3499999999999659,11.350000000000023,11.699999999999989,0.23931623931624052,0.857,7.191,6.334,0.4794758446479318,1.4804231460350918,0.9840136227260619,0.3961911384121296,19.70896414342633,3.6126153023411103,-1.1512336065041724,5.518525896414379,2.5755165342755406,-1.1914215480963588,3.569262948207171,1.364850562729002,0.23792864996408195
Umbilicus rupestris,129454,48.0351833333,-4.5385361111,308634791,308634791,"c(-4.5385361111, 48.0351833333)",1,2.6786255836486816,16.350000000000023,7.350000000000023,4.159,2.6786255836486816,16.350000000000023,7.350000000000023,4.159,Umbilicus_rupestris,0.3950655162334442,6.1157755851745605,5.720710068941116,0.3991742353476614,13.150000000000034,28.05000000000001,14.899999999999977,0.2147651006711405,-0.3499999999999659,11.350000000000023,11.699999999999989,0.6581196581196578,0.857,7.191,6.334,0.5213135459425323,1.4804231460350918,0.9840136227260619,1.217668546390801,19.70896414342633,3.6126153023411103,-0.9297873873394632,5.518525896414379,2.5755165342755406,0.7111094334716876,3.569262948207171,1.364850562729002,0.4320891003727592
Umbilicus rupestris,129454,47.9088972222,-3.9769222222,308636839,308636839,"c(-3.9769222222, 47.9088972222)",1,1.9436665773391724,17.150000000000034,5.4500000000000455,3.723,1.9436665773391724,17.150000000000034,5.4500000000000455,3.723,Umbilicus_rupestris,0.3950655162334442,6.1157755851745605,5.720710068941116,0.27070084700033903,13.150000000000034,28.05000000000001,14.899999999999977,0.26845637583892656,-0.3499999999999659,11.350000000000023,11.699999999999989,0.4957264957264972,0.857,7.191,6.334,0.4524786864540574,1.4804231460350918,0.9840136227260619,0.47076932738058463,19.70896414342633,3.6126153023411103,-0.7083411681747541,5.518525896414379,2.5755165342755406,-0.02660666142203921,3.569262948207171,1.364850562729002,0.11264020837961436
Umbilicus rupestris,129454,47.7764138889,-3.6204055556,310258489,310258489,"c(-3.6204055556, 47.7764138889)",1,1.7953599691390991,17.05000000000001,5.650000000000034,4.84,1.7953599691390991,17.05000000000001,5.650000000000034,4.84,Umbilicus_rupestris,0.3950655162334442,6.1157755851745605,5.720710068941116,0.24477633650901742,13.150000000000034,28.05000000000001,14.899999999999977,0.2617449664429519,-0.3499999999999659,11.350000000000023,11.699999999999989,0.5128205128205133,0.857,7.191,6.334,0.6288285443637511,1.4804231460350918,0.9840136227260619,0.32005331616397964,19.70896414342633,3.6126153023411103,-0.7360219455703486,5.518525896414379,2.5755165342755406,0.051047664356244346,3.569262948207171,1.364850562729002,0.9310448238758136
Umbilicus rupestris,129454,47.5960916667,-2.9102861111,312663765,312663765,"c(-2.9102861111, 47.5960916667)",1,1.3446969985961914,17.55000000000001,4.650000000000034,5.172,1.3446969985961914,17.55000000000001,4.650000000000034,5.172,Umbilicus_rupestris,0.3950655162334442,6.1157755851745605,5.720710068941116,0.16599888316635503,13.150000000000034,28.05000000000001,14.899999999999977,0.2953020134228177,-0.3499999999999659,11.350000000000023,11.699999999999989,0.4273504273504278,0.857,7.191,6.334,0.6812440795705714,1.4804231460350918,0.9840136227260619,-0.137931167114223,19.70896414342633,3.6126153023411103,-0.5976180585924074,5.518525896414379,2.5755165342755406,-0.3372239645351955,3.569262948207171,1.364850562729002,1.1742948975953642
Umbilicus rupestris,129454,47.5982694444,-2.9122472222,312667418,312667418,"c(-2.9122472222, 47.5982694444)",1,1.3446969985961914,17.55000000000001,4.650000000000034,5.172,1.3446969985961914,17.55000000000001,4.650000000000034,5.172,Umbilicus_rupestris,0.3950655162334442,6.1157755851745605,5.720710068941116,0.16599888316635503,13.150000000000034,28.05000000000001,14.899999999999977,0.2953020134228177,-0.3499999999999659,11.350000000000023,11.699999999999989,0.4273504273504278,0.857,7.191,6.334,0.6812440795705714,1.4804231460350918,0.9840136227260619,-0.137931167114223,19.70896414342633,3.6126153023411103,-0.5976180585924074,5.518525896414379,2.5755165342755406,-0.3372239645351955,3.569262948207171,1.364850562729002,1.1742948975953642
Umbilicus rupestris,129454,47.0108138889,-2.2201972222,312673430,312673430,"c(-2.2201972222, 47.0108138889)",1,1.3106309175491333,18.150000000000034,5.250000000000057,5.0040000000000004,1.3106309175491333,18.150000000000034,5.250000000000057,5.0040000000000004,Umbilicus_rupestris,0.3950655162334442,6.1157755851745605,5.720710068941116,0.16004401381682976,13.150000000000034,28.05000000000001,14.899999999999977,0.33557046979865823,-0.3499999999999659,11.350000000000023,11.699999999999989,0.47863247863248104,0.857,7.191,6.334,0.6547205557309758,1.4804231460350918,0.9840136227260619,-0.17255068889755276,19.70896414342633,3.6126153023411103,-0.4315333942188716,5.518525896414379,2.5755165342755406,-0.10426098720032276,3.569262948207171,1.364850562729002,1.0512044988457125
Umbilicus rupestris,129454,47.0107611111,-2.2203111111,312674118,312674118,"c(-2.2203111111, 47.0107611111)",1,1.3106309175491333,18.150000000000034,5.250000000000057,5.0040000000000004,1.3106309175491333,18.150000000000034,5.250000000000057,5.0040000000000004,Umbilicus_rupestris,0.3950655162334442,6.1157755851745605,5.720710068941116,0.16004401381682976,13.150000000000034,28.05000000000001,14.899999999999977,0.33557046979865823,-0.3499999999999659,11.350000000000023,11.699999999999989,0.47863247863248104,0.857,7.191,6.334,0.6547205557309758,1.4804231460350918,0.9840136227260619,-0.17255068889755276,19.70896414342633,3.6126153023411103,-0.4315333942188716,5.518525896414379,2.5755165342755406,-0.10426098720032276,3.569262948207171,1.364850562729002,1.0512044988457125
Umbilicus rupestris,129454,55.0304166667,-8.2703972222,314596769,314596769,"c(-8.2703972222, 55.0304166667)",1,5.067353248596191,13.950000000000045,4.750000000000057,5.477,5.067353248596191,13.950000000000045,4.750000000000057,5.477,Umbilicus_rupestris,0.3950655162334442,6.1157755851745605,5.720710068941116,0.816732132210219,13.150000000000034,28.05000000000001,14.899999999999977,0.05369127516778608,-0.3499999999999659,11.350000000000023,11.699999999999989,0.4358974358974383,0.857,7.191,6.334,0.7293969055888855,1.4804231460350918,0.9840136227260619,3.645203704217071,19.70896414342633,3.6126153023411103,-1.5941260448335748,5.518525896414379,2.5755165342755406,-0.2983968016460427,3.569262948207171,1.364850562729002,1.3977625858015783
Umbilicus rupestris,129454,54.6261416667,-8.6602777778,315069753,315069753,"c(-8.6602777778, 54.6261416667)",1,4.649168968200684,13.650000000000034,3.650000000000034,6.821,4.649168968200684,13.650000000000034,3.650000000000034,6.821,Umbilicus_rupestris,0.3950655162334442,6.1157755851745605,5.720710068941116,0.7436320667715047,13.150000000000034,28.05000000000001,14.899999999999977,0.03355704697986582,-0.3499999999999659,11.350000000000023,11.699999999999989,0.3418803418803422,0.857,7.191,6.334,0.941585096305652,1.4804231460350918,0.9840136227260619,3.220225562921637,19.70896414342633,3.6126153023411103,-1.6771683770203427,5.518525896414379,2.5755165342755406,-0.7254955934266354,3.569262948207171,1.364850562729002,2.3824857757987954
Umbilicus rupestris,129454,45.6239694444,-1.02835,315739312,315739312,"c(-1.02835, 45.6239694444)",1,1.0183578729629517,20.350000000000023,3.8500000000000227,4.178,1.0183578729629517,20.350000000000023,3.8500000000000227,4.178,Umbilicus_rupestris,0.3950655162334442,6.1157755851745605,5.720710068941116,0.10895366994972998,13.150000000000034,28.05000000000001,14.899999999999977,0.4832214765100671,-0.3499999999999659,11.350000000000023,11.699999999999989,0.35897435897435837,0.857,7.191,6.334,0.5243132301862962,1.4804231460350918,0.9840136227260619,-0.46957202867990566,19.70896414342633,3.6126153023411103,0.17744370848406663,5.518525896414379,2.5755165342755406,-0.6478412676483518,3.569262948207171,1.364850562729002,0.44601003832658903
Umbilicus rupestris,129454,38.9049602997,-9.187279,323296935,323296935,"c(-9.187279, 38.9049602997)",1,0.8241193890571594,20.150000000000034,7.250000000000057,4.236,0.8241193890571594,20.150000000000034,7.250000000000057,4.236,Umbilicus_rupestris,0.3950655162334442,6.1157755851745605,5.720710068941116,0.07500010796791377,13.150000000000034,28.05000000000001,14.899999999999977,0.4697986577181215,-0.3499999999999659,11.350000000000023,11.699999999999989,0.6495726495726521,0.857,7.191,6.334,0.5334701610356805,1.4804231460350918,0.9840136227260619,-0.6669661291474213,19.70896414342633,3.6126153023411103,0.1220821536928933,5.518525896414379,2.5755165342755406,0.672282270582557,3.569262948207171,1.364850562729002,0.4885055331330164
Umbilicus rupestris,129454,51.761725,-8.39248,324571115,324571115,"c(-8.39248, 51.761725)",1,2.881091833114624,15.150000000000034,5.350000000000023,5.204,2.881091833114624,15.150000000000034,5.350000000000023,5.204,Umbilicus_rupestris,0.3950655162334442,6.1157755851745605,5.720710068941116,0.43456603934156984,13.150000000000034,28.05000000000001,14.899999999999977,0.13422818791946328,-0.3499999999999659,11.350000000000023,11.699999999999989,0.48717948717948667,0.857,7.191,6.334,0.6862961793495421,1.4804231460350918,0.9840136227260619,1.4234240814666672,19.70896414342633,3.6126153023411103,-1.261956716086519,5.518525896414379,2.5755165342755406,-0.06543382431119202,3.569262948207171,1.364850562729002,1.1977406878333932
Umbilicus rupestris,129454,37.3611433333,-5.98852,330098856,330098856,"c(-5.98852, 37.3611433333)",1,0.424925833940506,26.55000000000001,5.750000000000057,1.945,0.424925833940506,26.55000000000001,5.750000000000057,1.945,Umbilicus_rupestris,0.3950655162334442,6.1157755851745605,5.720710068941116,0.005219687302312248,13.150000000000034,28.05000000000001,14.899999999999977,0.8993288590604025,-0.3499999999999659,11.350000000000023,11.699999999999989,0.5213675213675238,0.857,7.191,6.334,0.1717713924850016,1.4804231460350918,0.9840136227260619,-1.072645020066378,19.70896414342633,3.6126153023411103,1.8936519070105347,5.518525896414379,2.5755165342755406,0.08987482724539715,3.569262948207171,1.364850562729002,-1.1900665117208709
Umbilicus rupestris,129454,51.7542505557,-9.565725332,330267918,330267918,"c(-9.565725332, 51.7542505557)",1,3.288369655609131,14.650000000000034,3.4500000000000455,3.621,3.288369655609131,14.650000000000034,3.4500000000000455,3.621,Umbilicus_rupestris,0.3950655162334442,6.1157755851745605,5.720710068941116,0.5057596180383298,13.150000000000034,28.05000000000001,14.899999999999977,0.10067114093959748,-0.3499999999999659,11.350000000000023,11.699999999999989,0.3247863247863261,0.857,7.191,6.334,0.4363751184085886,1.4804231460350918,0.9840136227260619,1.8373185775267977,19.70896414342633,3.6126153023411103,-1.4003606030644602,5.518525896414379,2.5755165342755406,-0.8031499192049188,3.569262948207171,1.364850562729002,0.03790675199589707
Umbilicus rupestris,129454,37.356339453,-5.9855693677,330846622,330846622,"c(-5.9855693677, 37.356339453)",1,0.4285937547683716,26.55000000000001,5.850000000000023,1.972,0.4285937547683716,26.55000000000001,5.850000000000023,1.972,Umbilicus_rupestris,0.3950655162334442,6.1157755851745605,5.720710068941116,0.005860852609356819,13.150000000000034,28.05000000000001,14.899999999999977,0.8993288590604025,-0.3499999999999659,11.350000000000023,11.699999999999989,0.5299145299145295,0.857,7.191,6.334,0.17603410167350805,1.4804231460350918,0.9840136227260619,-1.0689175098539643,19.70896414342633,3.6126153023411103,1.8936519070105347,5.518525896414379,2.5755165342755406,0.1287019901345279,3.569262948207171,1.364850562729002,-1.170284126207534
Umbilicus rupestris,129454,38.904366856,-9.1849619153,331287236,331287236,"c(-9.1849619153, 38.904366856)",1,0.8241193890571594,20.150000000000034,7.250000000000057,4.236,0.8241193890571594,20.150000000000034,7.250000000000057,4.236,Umbilicus_rupestris,0.3950655162334442,6.1157755851745605,5.720710068941116,0.07500010796791377,13.150000000000034,28.05000000000001,14.899999999999977,0.4697986577181215,-0.3499999999999659,11.350000000000023,11.699999999999989,0.6495726495726521,0.857,7.191,6.334,0.5334701610356805,1.4804231460350918,0.9840136227260619,-0.6669661291474213,19.70896414342633,3.6126153023411103,0.1220821536928933,5.518525896414379,2.5755165342755406,0.672282270582557,3.569262948207171,1.364850562729002,0.4885055331330164
Umbilicus rupestris,129454,48.3142676917,-1.4338693768,331533916,331533916,"c(-1.4338693768, 48.3142676917)",1,1.1144200563430786,17.450000000000045,2.3500000000000227,4.336,1.1144200563430786,17.450000000000045,2.3500000000000227,4.336,Umbilicus_rupestris,0.3950655162334442,6.1157755851745605,5.720710068941116,0.1257456734287505,13.150000000000034,28.05000000000001,14.899999999999977,0.28859060402684683,-0.3499999999999659,11.350000000000023,11.699999999999989,0.23076923076923003,0.857,7.191,6.334,0.5492579728449637,1.4804231460350918,0.9840136227260619,-0.37194921009127563,19.70896414342633,3.6126153023411103,-0.6252988359879862,5.518525896414379,2.5755165342755406,-1.2302487109855116,3.569262948207171,1.364850562729002,0.5617736276268575
Umbilicus rupestris,129454,37.3737654212,-5.9721070156,331720315,331720315,"c(-5.9721070156, 37.3737654212)",1,0.41697901487350464,26.650000000000034,5.750000000000057,1.705,0.41697901487350464,26.650000000000034,5.750000000000057,1.705,Umbilicus_rupestris,0.3950655162334442,6.1157755851745605,5.720710068941116,0.003830555713535145,13.150000000000034,28.05000000000001,14.899999999999977,0.9060402684563772,-0.3499999999999659,11.350000000000023,11.699999999999989,0.5213675213675238,0.857,7.191,6.334,0.13388064414272183,1.4804231460350918,0.9840136227260619,-1.0807209438985967,19.70896414342633,3.6126153023411103,1.9213326844061291,5.518525896414379,2.5755165342755406,0.08987482724539715,3.569262948207171,1.364850562729002,-1.3659099385060882
Umbilicus rupestris,129454,56.3319694444,-6.3942694444,331838436,331838436,"c(-6.3942694444, 56.3319694444)",1,6.1157755851745605,13.150000000000034,5.150000000000034,7.191,6.1157755851745605,13.150000000000034,5.150000000000034,7.191,Umbilicus_rupestris,0.3950655162334442,6.1157755851745605,5.720710068941116,1,13.150000000000034,28.05000000000001,14.899999999999977,0,-0.3499999999999659,11.350000000000023,11.699999999999989,0.4700854700854705,0.857,7.191,6.334,1,1.4804231460350918,0.9840136227260619,4.710658808053817,19.70896414342633,3.6126153023411103,-1.8155722639982839,5.518525896414379,2.5755165342755406,-0.14308815008947556,3.569262948207171,1.364850562729002,2.6535777254260053
Umbilicus rupestris,129454,47.1269666667,-1.4735033333,332440727,332440727,"c(-1.4735033333, 47.1269666667)",1,1.1140873432159424,18.450000000000045,2.5500000000000114,4.021,1.1140873432159424,18.450000000000045,2.5500000000000114,4.021,Umbilicus_rupestris,0.3950655162334442,6.1157755851745605,5.720710068941116,0.12568751401792097,13.150000000000034,28.05000000000001,14.899999999999977,0.3557046979865785,-0.3499999999999659,11.350000000000023,11.699999999999989,0.24786324786324615,0.857,7.191,6.334,0.4995263656457215,1.4804231460350918,0.9840136227260619,-0.3722873285069684,19.70896414342633,3.6126153023411103,-0.3484910620321037,5.518525896414379,2.5755165342755406,-1.152594385207228,3.569262948207171,1.364850562729002,0.33097912997125933
Umbilicus rupestris,129454,48.46837649,-2.0199959195,332613362,332613362,"c(-2.0199959195, 48.46837649)",1,1.030494213104248,17.250000000000057,3.0500000000000114,4.198,1.030494213104248,17.250000000000057,3.0500000000000114,4.198,Umbilicus_rupestris,0.3950655162334442,6.1157755851745605,5.720710068941116,0.1110751443812323,13.150000000000034,28.05000000000001,14.899999999999977,0.27516778523490126,-0.3499999999999659,11.350000000000023,11.699999999999989,0.29059829059828896,0.857,7.191,6.334,0.5274707925481529,1.4804231460350918,0.9840136227260619,-0.4572385204224951,19.70896414342633,3.6126153023411103,-0.6806603907791595,5.518525896414379,2.5755165342755406,-0.9584585707615081,3.569262948207171,1.364850562729002,0.4606636572253575
Umbilicus rupestris,129454,40.1406095997,-8.115883,333037307,333037307,"c(-8.115883, 40.1406095997)",1,1.097864031791687,20.850000000000023,3.750000000000057,2.117,1.097864031791687,20.850000000000023,3.750000000000057,2.117,Umbilicus_rupestris,0.3950655162334442,6.1157755851745605,5.720710068941116,0.12285162280358815,13.150000000000034,28.05000000000001,14.899999999999977,0.5167785234899329,-0.3499999999999659,11.350000000000023,11.699999999999989,0.35042735042735274,0.857,7.191,6.334,0.19892642879696876,1.4804231460350918,0.9840136227260619,-0.3887742053647411,19.70896414342633,3.6126153023411103,0.31584759546200786,5.518525896414379,2.5755165342755406,-0.6866684305374825,3.569262948207171,1.364850562729002,-1.0640453891914652
Umbilicus rupestris,129454,37.3763693,-5.9903319,333579478,333579478,"c(-5.9903319, 37.3763693)",1,0.41909098625183105,26.650000000000034,5.750000000000057,1.76,0.41909098625183105,26.650000000000034,5.750000000000057,1.76,Umbilicus_rupestris,0.3950655162334442,6.1157755851745605,5.720710068941116,0.004199735649744941,13.150000000000034,28.05000000000001,14.899999999999977,0.9060402684563772,-0.3499999999999659,11.350000000000023,11.699999999999989,0.5213675213675238,0.857,7.191,6.334,0.1425639406378276,1.4804231460350918,0.9840136227260619,-1.0785746612358877,19.70896414342633,3.6126153023411103,1.9213326844061291,5.518525896414379,2.5755165342755406,0.08987482724539715,3.569262948207171,1.364850562729002,-1.325612486534476
Umbilicus rupestris,129454,43.1373555,3.0936278333,334025509,334025509,"c(3.0936278333, 43.1373555)",1,0.7139351963996887,22.450000000000045,4.650000000000034,5.144,0.7139351963996887,22.450000000000045,4.650000000000034,5.144,Umbilicus_rupestris,0.3950655162334442,6.1157755851745605,5.720710068941116,0.055739528192042455,13.150000000000034,28.05000000000001,14.899999999999977,0.6241610738255051,-0.3499999999999659,11.350000000000023,11.699999999999989,0.4273504273504278,0.857,7.191,6.334,0.6768234922639722,1.4804231460350918,0.9840136227260619,-0.7789403844958603,19.70896414342633,3.6126153023411103,0.7587400337914261,5.518525896414379,2.5755165342755406,-0.3372239645351955,3.569262948207171,1.364850562729002,1.153779831137089
Umbilicus rupestris,129454,51.8941783333,-8.316,334731962,334731962,"c(-8.316, 51.8941783333)",1,2.1456949710845947,15.150000000000034,4.550000000000011,5.4030000000000005,2.1456949710845947,15.150000000000034,4.550000000000011,5.4030000000000005,Umbilicus_rupestris,0.3950655162334442,6.1157755851745605,5.720710068941116,0.3060161122927151,13.150000000000034,28.05000000000001,14.899999999999977,0.13422818791946328,-0.3499999999999659,11.350000000000023,11.699999999999989,0.41880341880341726,0.857,7.191,6.334,0.7177139248500158,1.4804231460350918,0.9840136227260619,0.6760798932909763,19.70896414342633,3.6126153023411103,-1.261956716086519,5.518525896414379,2.5755165342755406,-0.3760511274243483,3.569262948207171,1.364850562729002,1.3435441958761365
Umbilicus rupestris,129454,44.832855,11.62693,334894517,334894517,"c(11.62693, 44.832855)",1,0.6336948275566101,24.55000000000001,-0.24999999999994316,1.827,0.6336948275566101,24.55000000000001,-0.24999999999994316,1.827,Umbilicus_rupestris,0.3950655162334442,6.1157755851745605,5.720710068941116,0.041713232876235476,13.150000000000034,28.05000000000001,14.899999999999977,0.7651006711409393,-0.3499999999999659,11.350000000000023,11.699999999999989,0.0085470085470105,0.857,7.191,6.334,0.15314177455004738,1.4804231460350918,0.9840136227260619,-0.8604843458698754,19.70896414342633,3.6126153023411103,1.3400363590987698,5.518525896414379,2.5755165342755406,-2.239754946103242,3.569262948207171,1.364850562729002,-1.276522863223603
Umbilicus rupestris,129454,52.2605166667,-7.1069416667,334982695,334982695,"c(-7.1069416667, 52.2605166667)",1,2.172244071960449,15.050000000000011,4.4500000000000455,3.903,2.172244071960449,15.050000000000011,4.4500000000000455,3.903,Umbilicus_rupestris,0.3950655162334442,6.1157755851745605,5.720710068941116,0.31065698738617503,13.150000000000034,28.05000000000001,14.899999999999977,0.1275167785234886,-0.3499999999999659,11.350000000000023,11.699999999999989,0.41025641025641163,0.857,7.191,6.334,0.48089674771076735,1.4804231460350918,0.9840136227260619,0.7030603133407559,19.70896414342633,3.6126153023411103,-1.2896374934821135,5.518525896414379,2.5755165342755406,-0.41487829031347906,3.569262948207171,1.364850562729002,0.24452277846852752
Umbilicus rupestris,129454,48.3155535641,-2.061757435,335248227,335248227,"c(-2.061757435, 48.3155535641)",1,1.01694655418396,17.150000000000034,2.4500000000000455,4.651,1.01694655418396,17.150000000000034,2.4500000000000455,4.651,Umbilicus_rupestris,0.3950655162334442,6.1157755851745605,5.720710068941116,0.10870696652271067,13.150000000000034,28.05000000000001,14.899999999999977,0.26845637583892656,-0.3499999999999659,11.350000000000023,11.699999999999989,0.23931623931624052,0.857,7.191,6.334,0.5989895800442059,1.4804231460350918,0.9840136227260619,-0.47100627587567295,19.70896414342633,3.6126153023411103,-0.7083411681747541,5.518525896414379,2.5755165342755406,-1.1914215480963588,3.569262948207171,1.364850562729002,0.7925681252824549
Umbilicus rupestris,129454,42.80935,-1.6396533333,335479656,335479656,"c(-1.6396533333, 42.80935)",1,0.9449678659439087,19.350000000000023,1.0500000000000114,2.367,0.9449678659439087,19.350000000000023,1.0500000000000114,2.367,Umbilicus_rupestris,0.3950655162334442,6.1157755851745605,5.720710068941116,0.09612484168634848,13.150000000000034,28.05000000000001,14.899999999999977,0.41610738255033547,-0.3499999999999659,11.350000000000023,11.699999999999989,0.11965811965811783,0.857,7.191,6.334,0.23839595832017685,1.4804231460350918,0.9840136227260619,-0.5441543366115041,19.70896414342633,3.6126153023411103,-0.09936406547181582,5.518525896414379,2.5755165342755406,-1.7350018285443878,3.569262948207171,1.364850562729002,-0.8808751529568638
Umbilicus rupestris,129454,38.7312644,-9.1357379,335939998,335939998,"c(-9.1357379, 38.7312644)",1,0.8253489136695862,20.950000000000045,8.550000000000011,2.475,0.8253489136695862,20.950000000000045,8.550000000000011,2.475,Umbilicus_rupestris,0.3950655162334442,6.1157755851745605,5.720710068941116,0.07521503314286751,13.150000000000034,28.05000000000001,14.899999999999977,0.5234899328859076,-0.3499999999999659,11.350000000000023,11.699999999999989,0.7606837606837594,0.857,7.191,6.334,0.25544679507420276,1.4804231460350918,0.9840136227260619,-0.6657166295632381,19.70896414342633,3.6126153023411103,0.3435283728576024,5.518525896414379,2.5755165342755406,1.177035388141411,3.569262948207171,1.364850562729002,-0.8017456109035158
Umbilicus rupestris,129454,38.6337805753,-8.2213028893,336257992,336257992,"c(-8.2213028893, 38.6337805753)",1,0.5948769450187683,22.650000000000034,5.650000000000034,3.303,0.5948769450187683,22.650000000000034,5.650000000000034,3.303,Umbilicus_rupestris,0.3950655162334442,6.1157755851745605,5.720710068941116,0.03492773211321099,13.150000000000034,28.05000000000001,14.899999999999977,0.6375838926174506,-0.3499999999999659,11.350000000000023,11.699999999999989,0.5128205128205133,0.857,7.191,6.334,0.3861698768550679,1.4804231460350918,0.9840136227260619,-0.8999328673550787,19.70896414342633,3.6126153023411103,0.8141015885825994,5.518525896414379,2.5755165342755406,0.051047664356244346,3.569262948207171,1.364850562729002,-0.195085788494516
Umbilicus rupestris,129454,38.7051966667,-9.18368,336679479,336679479,"c(-9.18368, 38.7051966667)",1,0.8762003183364868,20.750000000000057,9.250000000000057,2.678,0.8762003183364868,20.750000000000057,9.250000000000057,2.678,Umbilicus_rupestris,0.3950655162334442,6.1157755851745605,5.720710068941116,0.08410403539155394,13.150000000000034,28.05000000000001,14.899999999999977,0.510067114093962,-0.3499999999999659,11.350000000000023,11.699999999999989,0.8205128205128233,0.857,7.191,6.334,0.2874960530470477,1.4804231460350918,0.9840136227260619,-0.6140390882238972,19.70896414342633,3.6126153023411103,0.2881668180664291,5.518525896414379,2.5755165342755406,1.4488255283654365,3.569262948207171,1.364850562729002,-0.6530113790810196
Umbilicus rupestris,129454,47.962557,-2.7286022,336803517,336803517,"c(-2.7286022, 47.962557)",1,1.221321702003479,17.05000000000001,2.4500000000000455,4.449,1.221321702003479,17.05000000000001,2.4500000000000455,4.449,Umbilicus_rupestris,0.3950655162334442,6.1157755851745605,5.720710068941116,0.14443245258240678,13.150000000000034,28.05000000000001,14.899999999999977,0.2617449664429519,-0.3499999999999659,11.350000000000023,11.699999999999989,0.23931623931624052,0.857,7.191,6.334,0.5670982001894537,1.4804231460350918,0.9840136227260619,-0.26331083030518543,19.70896414342633,3.6126153023411103,-0.7360219455703486,5.518525896414379,2.5755165342755406,-1.1914215480963588,3.569262948207171,1.364850562729002,0.644566574404897
Umbilicus rupestris,129454,37.9100116667,-4.81264,336835457,336835457,"c(-4.81264, 37.9100116667)",1,0.6073846220970154,27.350000000000023,4.050000000000011,2.535,0.6073846220970154,27.350000000000023,4.050000000000011,2.535,Umbilicus_rupestris,0.3950655162334442,6.1157755851745605,5.720710068941116,0.0371141175317194,13.150000000000034,28.05000000000001,14.899999999999977,0.9530201342281887,-0.3499999999999659,11.350000000000023,11.699999999999989,0.3760683760683745,0.857,7.191,6.334,0.2649194821597727,1.4804231460350918,0.9840136227260619,-0.8872219893861372,19.70896414342633,3.6126153023411103,2.1150981261752437,5.518525896414379,2.5755165342755406,-0.5701869418700682,3.569262948207171,1.364850562729002,-0.7577847542072115
Umbilicus rupestris,129454,37.9069216667,13.3933416667,337934243,337934243,"c(13.3933416667, 37.9069216667)",1,0.8905316591262817,22.05000000000001,2.9500000000000455,2.731,0.8905316591262817,22.05000000000001,2.9500000000000455,2.731,Umbilicus_rupestris,0.3950655162334442,6.1157755851745605,5.720710068941116,0.08660920356422583,13.150000000000034,28.05000000000001,14.899999999999977,0.5973154362416101,-0.3499999999999659,11.350000000000023,11.699999999999989,0.28205128205128327,0.857,7.191,6.334,0.2958635933059678,1.4804231460350918,0.9840136227260619,-0.599474919132323,19.70896414342633,3.6126153023411103,0.6480169242090636,5.518525896414379,2.5755165342755406,-0.9972857336506388,3.569262948207171,1.364850562729002,-0.6141792889992841
Umbilicus rupestris,129454,37.8917745848,-4.7765666619,338321168,338321168,"c(-4.7765666619, 37.8917745848)",1,0.5261639952659607,27.950000000000045,4.550000000000011,1.683,0.5261639952659607,27.950000000000045,4.550000000000011,1.683,Umbilicus_rupestris,0.3950655162334442,6.1157755851745605,5.720710068941116,0.022916469713135167,13.150000000000034,28.05000000000001,14.899999999999977,0.9932885906040291,-0.3499999999999659,11.350000000000023,11.699999999999989,0.41880341880341726,0.857,7.191,6.334,0.13040732554467951,1.4804231460350918,0.9840136227260619,-0.9697621341110091,19.70896414342633,3.6126153023411103,2.2811827905487796,5.518525896414379,2.5755165342755406,-0.3760511274243483,3.569262948207171,1.364850562729002,-1.3820289192947333
Umbilicus rupestris,129454,37.1776579396,-3.6053039098,338567223,338567223,"c(-3.6053039098, 37.1776579396)",1,0.444887638092041,25.350000000000023,2.250000000000057,0.857,0.444887638092041,25.350000000000023,2.250000000000057,0.857,Umbilicus_rupestris,0.3950655162334442,6.1157755851745605,5.720710068941116,0.008709080036950501,13.150000000000034,28.05000000000001,14.899999999999977,0.8187919463087253,-0.3499999999999659,11.350000000000023,11.699999999999989,0.22222222222222437,0.857,7.191,6.334,0,1.4804231460350918,0.9840136227260619,-1.0523589145791044,19.70896414342633,3.6126153023411103,1.561482578263479,5.518525896414379,2.5755165342755406,-1.2690758738746424,3.569262948207171,1.364850562729002,-1.9872233798138565
Umbilicus rupestris,129454,38.8052746086,-6.9749353327,338743193,338743193,"c(-6.9749353327, 38.8052746086)",1,0.43961262702941895,25.05000000000001,4.250000000000057,2.719,0.43961262702941895,25.05000000000001,4.250000000000057,2.719,Umbilicus_rupestris,0.3950655162334442,6.1157755851745605,5.720710068941116,0.007786989772096639,13.150000000000034,28.05000000000001,14.899999999999977,0.7986577181208051,-0.3499999999999659,11.350000000000023,11.699999999999989,0.3931623931623955,0.857,7.191,6.334,0.2939690558888538,1.4804231460350918,0.9840136227260619,-1.057719623964416,19.70896414342633,3.6126153023411103,1.478440246076711,5.518525896414379,2.5755165342755406,-0.4925326160917626,3.569262948207171,1.364850562729002,-0.622971460338545
Umbilicus rupestris,129454,38.7137733333,-9.1595516667,338901117,338901117,"c(-9.1595516667, 38.7137733333)",1,0.8601901531219482,20.750000000000057,8.850000000000023,2.601,0.8601901531219482,20.750000000000057,8.850000000000023,2.601,Umbilicus_rupestris,0.3950655162334442,6.1157755851745605,5.720710068941116,0.08130540287538064,13.150000000000034,28.05000000000001,14.899999999999977,0.510067114093962,-0.3499999999999659,11.350000000000023,11.699999999999989,0.7863247863247861,0.857,7.191,6.334,0.2753394379538996,1.4804231460350918,0.9840136227260619,-0.6303093560787109,19.70896414342633,3.6126153023411103,0.2881668180664291,5.518525896414379,2.5755165342755406,1.2935168768088474,3.569262948207171,1.364850562729002,-0.7094278118412768
Umbilicus rupestris,129454,50.064876137,-5.5937129571,339294316,339294316,"c(-5.5937129571, 50.064876137)",1,3.0134634971618652,15.550000000000011,6.4500000000000455,5.43,3.0134634971618652,15.550000000000011,6.4500000000000455,5.43,Umbilicus_rupestris,0.3950655162334442,6.1157755851745605,5.720710068941116,0.45770506621970397,13.150000000000034,28.05000000000001,14.899999999999977,0.16107382550335442,-0.3499999999999659,11.350000000000023,11.699999999999989,0.5811965811965827,0.857,7.191,6.334,0.7219766340385222,1.4804231460350918,0.9840136227260619,1.5579462679385632,19.70896414342633,3.6126153023411103,-1.1512336065041724,5.518525896414379,2.5755165342755406,0.36166496746940063,3.569262948207171,1.364850562729002,1.3633265813894728
Umbilicus rupestris,129454,41.9010693,12.4894756997,339617384,339617384,"c(12.4894756997, 41.9010693)",1,0.7480613589286804,24.05000000000001,3.5500000000000114,2.0100000000000002,0.7480613589286804,24.05000000000001,3.5500000000000114,2.0100000000000002,Umbilicus_rupestris,0.3950655162334442,6.1157755851745605,5.720710068941116,0.06170489999339794,13.150000000000034,28.05000000000001,14.899999999999977,0.7315436241610734,-0.3499999999999659,11.350000000000023,11.699999999999989,0.3333333333333317,0.857,7.191,6.334,0.18203347016103574,1.4804231460350918,0.9840136227260619,-0.7442598051412268,19.70896414342633,3.6126153023411103,1.2016324721208285,5.518525896414379,2.5755165342755406,-0.7643227563157882,3.569262948207171,1.364850562729002,-1.1424422502998743
Umbilicus rupestris,129454,37.1780083,-3.6072950997,340229888,340229888,"c(-3.6072950997, 37.1780083)",1,0.444887638092041,25.350000000000023,2.250000000000057,0.857,0.444887638092041,25.350000000000023,2.250000000000057,0.857,Umbilicus_rupestris,0.3950655162334442,6.1157755851745605,5.720710068941116,0.008709080036950501,13.150000000000034,28.05000000000001,14.899999999999977,0.8187919463087253,-0.3499999999999659,11.350000000000023,11.699999999999989,0.22222222222222437,0.857,7.191,6.334,0,1.4804231460350918,0.9840136227260619,-1.0523589145791044,19.70896414342633,3.6126153023411103,1.561482578263479,5.518525896414379,2.5755165342755406,-1.2690758738746424,3.569262948207171,1.364850562729002,-1.9872233798138565
Umbilicus rupestris,129454,37.9138527778,-4.720175,340286520,340286520,"c(-4.720175, 37.9138527778)",1,0.49160346388816833,28.05000000000001,4.4500000000000455,2.164,0.49160346388816833,28.05000000000001,4.4500000000000455,2.164,Umbilicus_rupestris,0.3950655162334442,6.1157755851745605,5.720710068941116,0.016875168727541013,13.150000000000034,28.05000000000001,14.899999999999977,1,-0.3499999999999659,11.350000000000023,11.699999999999989,0.41025641025641163,0.857,7.191,6.334,0.2063467003473319,1.4804231460350918,0.9840136227260619,-1.004884139111354,19.70896414342633,3.6126153023411103,2.3088635679443583,5.518525896414379,2.5755165342755406,-0.41487829031347906,3.569262948207171,1.364850562729002,-1.02960938477936
Umbilicus rupestris,129454,37.91405803,-4.71982976,341084123,341084123,"c(-4.71982976, 37.91405803)",1,0.49160346388816833,28.05000000000001,4.4500000000000455,2.164,0.49160346388816833,28.05000000000001,4.4500000000000455,2.164,Umbilicus_rupestris,0.3950655162334442,6.1157755851745605,5.720710068941116,0.016875168727541013,13.150000000000034,28.05000000000001,14.899999999999977,1,-0.3499999999999659,11.350000000000023,11.699999999999989,0.41025641025641163,0.857,7.191,6.334,0.2063467003473319,1.4804231460350918,0.9840136227260619,-1.004884139111354,19.70896414342633,3.6126153023411103,2.3088635679443583,5.518525896414379,2.5755165342755406,-0.41487829031347906,3.569262948207171,1.364850562729002,-1.02960938477936
Umbilicus rupestris,129454,38.8760716667,-6.9770616667,341692187,341692187,"c(-6.9770616667, 38.8760716667)",1,0.4396074712276459,25.250000000000057,4.4500000000000455,2.503,0.4396074712276459,25.250000000000057,4.4500000000000455,2.503,Umbilicus_rupestris,0.3950655162334442,6.1157755851745605,5.720710068941116,0.007786088520029861,13.150000000000034,28.05000000000001,14.899999999999977,0.8120805369127544,-0.3499999999999659,11.350000000000023,11.699999999999989,0.41025641025641163,0.857,7.191,6.334,0.25986738238080204,1.4804231460350918,0.9840136227260619,-1.0577248635278265,19.70896414342633,3.6126153023411103,1.5338018008679002,5.518525896414379,2.5755165342755406,-0.41487829031347906,3.569262948207171,1.364850562729002,-0.7812305444452404
Umbilicus rupestris,129454,38.7708352518,-9.1560413316000009,341707908,341707908,"c(-9.1560413316, 38.7708352518)",1,0.8033376932144165,20.850000000000023,8.250000000000057,2.592,0.8033376932144165,20.850000000000023,8.250000000000057,2.592,Umbilicus_rupestris,0.3950655162334442,6.1157755851745605,5.720710068941116,0.07136739531645973,13.150000000000034,28.05000000000001,14.899999999999977,0.5167785234899329,-0.3499999999999659,11.350000000000023,11.699999999999989,0.7350427350427376,0.857,7.191,6.334,0.2739185348910641,1.4804231460350918,0.9840136227260619,-0.6880854463629394,19.70896414342633,3.6126153023411103,0.31584759546200786,5.518525896414379,2.5755165342755406,1.0605538994739967,3.569262948207171,1.364850562729002,-0.7160219403457224
Umbilicus rupestris,129454,38.7622446571,-9.0948987015,342127092,342127092,"c(-9.0948987015, 38.7622446571)",1,0.7224488258361816,21.450000000000045,8.350000000000023,2.829,0.7224488258361816,21.450000000000045,8.350000000000023,2.829,Umbilicus_rupestris,0.3950655162334442,6.1157755851745605,5.720710068941116,0.05722774020312044,13.150000000000034,28.05000000000001,14.899999999999977,0.5570469798657735,-0.3499999999999659,11.350000000000023,11.699999999999989,0.7435897435897434,0.857,7.191,6.334,0.3113356488790654,1.4804231460350918,0.9840136227260619,-0.7702884418399171,19.70896414342633,3.6126153023411103,0.4819322598355436,5.518525896414379,2.5755165342755406,1.0993810623631275,3.569262948207171,1.364850562729002,-0.5423765563953201
Umbilicus rupestris,129454,52.539790000000004,-2.816123,343477746,343477746,"c(-2.816123, 52.53979)",1,1.56561279296875,14.750000000000057,0.5500000000000114,4.389,1.56561279296875,14.750000000000057,0.5500000000000114,4.389,Umbilicus_rupestris,0.3950655162334442,6.1157755851745605,5.720710068941116,0.2046157317236617,13.150000000000034,28.05000000000001,14.899999999999977,0.10738255033557216,-0.3499999999999659,11.350000000000023,11.699999999999989,0.07692307692307505,0.857,7.191,6.334,0.5576255131038839,1.4804231460350918,0.9840136227260619,0.08657364589897958,19.70896414342633,3.6126153023411103,-1.3726798256688657,5.518525896414379,2.5755165342755406,-1.9291376429901077,3.569262948207171,1.364850562729002,0.6006057177085928
Umbilicus rupestris,129454,38.775453,-7.4175,344144754,344144754,"c(-7.4175, 38.775453)",1,0.5882754921913147,23.250000000000057,3.8500000000000227,3.116,0.5882754921913147,23.250000000000057,3.8500000000000227,3.116,Umbilicus_rupestris,0.3950655162334442,6.1157755851745605,5.720710068941116,0.033773775218367774,13.150000000000034,28.05000000000001,14.899999999999977,0.6778523489932912,-0.3499999999999659,11.350000000000023,11.699999999999989,0.35897435897435837,0.857,7.191,6.334,0.3566466687717083,1.4804231460350918,0.9840136227260619,-0.9066415680020935,19.70896414342633,3.6126153023411103,0.9801862529561352,5.518525896414379,2.5755165342755406,-0.6478412676483518,3.569262948207171,1.364850562729002,-0.3320971251979978
Umbilicus rupestris,129454,43.8419583,10.5111337997,344204503,344204503,"c(10.5111337997, 43.8419583)",1,0.7467182278633118,22.850000000000023,1.7500000000000568,1.463,0.7467182278633118,22.850000000000023,1.7500000000000568,1.463,Umbilicus_rupestris,0.3950655162334442,6.1157755851745605,5.720710068941116,0.06147011601567797,13.150000000000034,28.05000000000001,14.899999999999977,0.6510067114093963,-0.3499999999999659,11.350000000000023,11.699999999999989,0.1794871794871816,0.857,7.191,6.334,0.09567413956425641,1.4804231460350918,0.9840136227260619,-0.7456247568394032,19.70896414342633,3.6126153023411103,0.8694631433737727,5.518525896414379,2.5755165342755406,-1.4632116883203623,3.569262948207171,1.364850562729002,-1.5432187271811826
Umbilicus rupestris,129454,50.211286812,-5.0283285961,344665009,344665009,"c(-5.0283285961, 50.211286812)",1,1.6295790672302246,16.05000000000001,4.550000000000011,4.8340000000000005,1.6295790672302246,16.05000000000001,4.550000000000011,4.8340000000000005,Umbilicus_rupestris,0.3950655162334442,6.1157755851745605,5.720710068941116,0.2157972587527556,13.150000000000034,28.05000000000001,14.899999999999977,0.19463087248322025,-0.3499999999999659,11.350000000000023,11.699999999999989,0.41880341880341726,0.857,7.191,6.334,0.6278812756551942,1.4804231460350918,0.9840136227260619,0.15157912222995318,19.70896414342633,3.6126153023411103,-1.012829719526231,5.518525896414379,2.5755165342755406,-0.3760511274243483,3.569262948207171,1.364850562729002,0.9266487382061837
Umbilicus rupestris,129454,43.5377244082,-5.638286394,345773401,345773401,"c(-5.638286394, 43.5377244082)",1,1.495139479637146,18.850000000000023,6.650000000000034,2.2600000000000002,1.495139479637146,18.850000000000023,6.650000000000034,2.2600000000000002,Umbilicus_rupestris,0.3950655162334442,6.1157755851745605,5.720710068941116,0.19229675165260066,13.150000000000034,28.05000000000001,14.899999999999977,0.38255033557046964,-0.3499999999999659,11.350000000000023,11.699999999999989,0.5982905982905988,0.857,7.191,6.334,0.2215029996842438,1.4804231460350918,0.9840136227260619,0.014955416533040227,19.70896414342633,3.6126153023411103,-0.23776795244975704,5.518525896414379,2.5755165342755406,0.4393192932476842,3.569262948207171,1.364850562729002,-0.959272014065273
Umbilicus rupestris,129454,43.8793459722,1.4972399722,347238541,347238541,"c(1.4972399722, 43.8793459722)",1,0.7113819122314453,21.450000000000045,2.250000000000057,2.992,0.7113819122314453,21.450000000000045,2.250000000000057,2.992,Umbilicus_rupestris,0.3950655162334442,6.1157755851745605,5.720710068941116,0.05529320524655607,13.150000000000034,28.05000000000001,14.899999999999977,0.5570469798657735,-0.3499999999999659,11.350000000000023,11.699999999999989,0.22222222222222437,0.857,7.191,6.334,0.337069782128197,1.4804231460350918,0.9840136227260619,-0.7815351495573134,19.70896414342633,3.6126153023411103,0.4819322598355436,5.518525896414379,2.5755165342755406,-1.2690758738746424,3.569262948207171,1.364850562729002,-0.42294956237036013
Umbilicus rupestris,129454,40.2050178989,-8.420160995,348330676,348330676,"c(-8.420160995, 40.2050178989)",1,0.909815788269043,21.150000000000034,4.750000000000057,2.453,0.909815788269043,21.150000000000034,4.750000000000057,2.453,Umbilicus_rupestris,0.3950655162334442,6.1157755851745605,5.720710068941116,0.08998013635235272,13.150000000000034,28.05000000000001,14.899999999999977,0.5369127516778531,-0.3499999999999659,11.350000000000023,11.699999999999989,0.4358974358974383,0.857,7.191,6.334,0.2519734764761604,1.4804231460350918,0.9840136227260619,-0.5798774982253466,19.70896414342633,3.6126153023411103,0.39888992764877573,5.518525896414379,2.5755165342755406,-0.2983968016460427,3.569262948207171,1.364850562729002,-0.817864591692161
Umbilicus rupestris,129454,38.7697758996,-9.1539712275,348980658,348980658,"c(-9.1539712275, 38.7697758996)",1,0.8033376932144165,20.850000000000023,8.250000000000057,2.592,0.8033376932144165,20.850000000000023,8.250000000000057,2.592,Umbilicus_rupestris,0.3950655162334442,6.1157755851745605,5.720710068941116,0.07136739531645973,13.150000000000034,28.05000000000001,14.899999999999977,0.5167785234899329,-0.3499999999999659,11.350000000000023,11.699999999999989,0.7350427350427376,0.857,7.191,6.334,0.2739185348910641,1.4804231460350918,0.9840136227260619,-0.6880854463629394,19.70896414342633,3.6126153023411103,0.31584759546200786,5.518525896414379,2.5755165342755406,1.0605538994739967,3.569262948207171,1.364850562729002,-0.7160219403457224
Umbilicus rupestris,129454,38.6619967706,-9.2060601711,350001256,350001256,"c(-9.2060601711, 38.6619967706)",1,0.9567220211029053,20.250000000000057,9.550000000000011,3.194,0.9567220211029053,20.250000000000057,9.550000000000011,3.194,Umbilicus_rupestris,0.3950655162334442,6.1157755851745605,5.720710068941116,0.09817950885481978,13.150000000000034,28.05000000000001,14.899999999999977,0.4765100671140962,-0.3499999999999659,11.350000000000023,11.699999999999989,0.846153846153845,0.857,7.191,6.334,0.36896116198294915,1.4804231460350918,0.9840136227260619,-0.5322092223493322,19.70896414342633,3.6126153023411103,0.14976293108848782,5.518525896414379,2.5755165342755406,1.565307017032851,3.569262948207171,1.364850562729002,-0.27494801149280224
Umbilicus rupestris,129454,50.295680565,-4.9771965668,35000964,35000964,"c(-4.9771965668, 50.295680565)",1,1.7721836566925049,15.850000000000023,4.050000000000011,4.96,1.7721836566925049,15.850000000000023,4.050000000000011,4.96,Umbilicus_rupestris,0.3950655162334442,6.1157755851745605,5.720710068941116,0.24072503655371588,13.150000000000034,28.05000000000001,14.899999999999977,0.18120805369127468,-0.3499999999999659,11.350000000000023,11.699999999999989,0.3760683760683745,0.857,7.191,6.334,0.6477739185348911,1.4804231460350918,0.9840136227260619,0.29650047917947964,19.70896414342633,3.6126153023411103,-1.0681912743174045,5.518525896414379,2.5755165342755406,-0.5701869418700682,3.569262948207171,1.364850562729002,1.0189665372684225
Umbilicus rupestris,129454,50.2825435479,-4.9869001284,35001023,35001023,"c(-4.9869001284, 50.2825435479)",1,1.7438608407974243,15.950000000000045,4.150000000000034,4.121,1.7438608407974243,15.950000000000045,4.150000000000034,4.121,Umbilicus_rupestris,0.3950655162334442,6.1157755851745605,5.720710068941116,0.23577410991108616,13.150000000000034,28.05000000000001,14.899999999999977,0.18791946308724938,-0.3499999999999659,11.350000000000023,11.699999999999989,0.38461538461538497,0.857,7.191,6.334,0.5153141774550049,1.4804231460350918,0.9840136227260619,0.2677175281705125,19.70896414342633,3.6126153023411103,-1.04051049692181,5.518525896414379,2.5755165342755406,-0.5313597789809155,3.569262948207171,1.364850562729002,0.40424722446510025
Umbilicus rupestris,129454,38.747296,-9.193293,350525103,350525103,"c(-9.193293, 38.747296)",1,0.8974327445030212,20.650000000000034,8.850000000000023,2.454,0.8974327445030212,20.650000000000034,8.850000000000023,2.454,Umbilicus_rupestris,0.3950655162334442,6.1157755851745605,5.720710068941116,0.08781553726993255,13.150000000000034,28.05000000000001,14.899999999999977,0.5033557046979873,-0.3499999999999659,11.350000000000023,11.699999999999989,0.7863247863247861,0.857,7.191,6.334,0.2521313545942533,1.4804231460350918,0.9840136227260619,-0.592461718077625,19.70896414342633,3.6126153023411103,0.26048604067083453,5.518525896414379,2.5755165342755406,1.2935168768088474,3.569262948207171,1.364850562729002,-0.8171319107472224
Umbilicus rupestris,129454,39.3739087214,-7.327857065,350583581,350583581,"c(-7.327857065, 39.3739087214)",1,0.6673047542572021,22.350000000000023,3.0500000000000114,2.3970000000000002,0.6673047542572021,22.350000000000023,3.0500000000000114,2.3970000000000002,Umbilicus_rupestris,0.3950655162334442,6.1157755851745605,5.720710068941116,0.04758836486082373,13.150000000000034,28.05000000000001,14.899999999999977,0.6174496644295304,-0.3499999999999659,11.350000000000023,11.699999999999989,0.29059829059828896,0.857,7.191,6.334,0.24313230186296184,1.4804231460350918,0.9840136227260619,-0.8263283891591535,19.70896414342633,3.6126153023411103,0.7310592563958316,5.518525896414379,2.5755165342755406,-0.9584585707615081,3.569262948207171,1.364850562729002,-0.8588947246087114
Umbilicus rupestris,129454,39.7457317974,-8.8097544301,351562186,351562186,"c(-8.8097544301, 39.7457317974)",1,0.836128830909729,19.850000000000023,6.650000000000034,2.189,0.836128830909729,19.850000000000023,6.650000000000034,2.189,Umbilicus_rupestris,0.3950655162334442,6.1157755851745605,5.720710068941116,0.0770994001375644,13.150000000000034,28.05000000000001,14.899999999999977,0.44966442953020125,-0.3499999999999659,11.350000000000023,11.699999999999989,0.5982905982905988,0.857,7.191,6.334,0.2102936532996527,1.4804231460350918,0.9840136227260619,-0.6547615807801952,19.70896414342633,3.6126153023411103,0.03903982150612541,5.518525896414379,2.5755165342755406,0.4393192932476842,3.569262948207171,1.364850562729002,-1.0112923611559
Umbilicus rupestris,129454,52.139241028,-7.0174607635,353886995,353886995,"c(-7.0174607635, 52.139241028)",1,2.606417417526245,14.850000000000023,5.350000000000023,6.7330000000000005,2.606417417526245,14.850000000000023,5.350000000000023,6.7330000000000005,Umbilicus_rupestris,0.3950655162334442,6.1157755851745605,5.720710068941116,0.3865519969800033,13.150000000000034,28.05000000000001,14.899999999999977,0.11409395973154303,-0.3499999999999659,11.350000000000023,11.699999999999989,0.48717948717948667,0.857,7.191,6.334,0.9276918219134829,1.4804231460350918,0.9840136227260619,1.1442872796534618,19.70896414342633,3.6126153023411103,-1.3449990482732868,5.518525896414379,2.5755165342755406,-0.06543382431119202,3.569262948207171,1.364850562729002,2.318009852644216
Umbilicus rupestris,129454,39.3736292917,-8.9716276066,354403330,354403330,"c(-8.9716276066, 39.3736292917)",1,0.8113300204277039,20.55000000000001,6.650000000000034,3.919,0.8113300204277039,20.55000000000001,6.650000000000034,3.919,Umbilicus_rupestris,0.3950655162334442,6.1157755851745605,5.720710068941116,0.07276448188735228,13.150000000000034,28.05000000000001,14.899999999999977,0.49664429530201265,-0.3499999999999659,11.350000000000023,11.699999999999989,0.5982905982905988,0.857,7.191,6.334,0.4834227976002527,1.4804231460350918,0.9840136227260619,-0.6799632750548372,19.70896414342633,3.6126153023411103,0.23280526327523998,5.518525896414379,2.5755165342755406,0.4393192932476842,3.569262948207171,1.364850562729002,0.256245673587542
Umbilicus rupestris,129454,39.462125,-8.3845416667,354805959,354805959,"c(-8.3845416667, 39.462125)",1,0.6413041353225708,22.650000000000034,5.550000000000011,2.918,0.6413041353225708,22.650000000000034,5.550000000000011,2.918,Umbilicus_rupestris,0.3950655162334442,6.1157755851745605,5.720710068941116,0.04304336631671049,13.150000000000034,28.05000000000001,14.899999999999977,0.6375838926174506,-0.3499999999999659,11.350000000000023,11.699999999999989,0.5042735042735028,0.857,7.191,6.334,0.32538680138932746,1.4804231460350918,0.9840136227260619,-0.8527514165788355,19.70896414342633,3.6126153023411103,0.8141015885825994,5.518525896414379,2.5755165342755406,0.012220501467091532,3.569262948207171,1.364850562729002,-0.47716795229580206
Umbilicus rupestris,129454,38.7443635855,-9.1707797541,356165868,356165868,"c(-9.1707797541, 38.7443635855)",1,0.8622109889984131,20.850000000000023,8.650000000000034,2.364,0.8622109889984131,20.850000000000023,8.650000000000034,2.364,Umbilicus_rupestris,0.3950655162334442,6.1157755851745605,5.720710068941116,0.08165865200916149,13.150000000000034,28.05000000000001,14.899999999999977,0.5167785234899329,-0.3499999999999659,11.350000000000023,11.699999999999989,0.7692307692307699,0.857,7.191,6.334,0.23792232396589832,1.4804231460350918,0.9840136227260619,-0.6282556895137436,19.70896414342633,3.6126153023411103,0.31584759546200786,5.518525896414379,2.5755165342755406,1.2158625510305638,3.569262948207171,1.364850562729002,-0.8830731957916791
Umbilicus rupestris,129454,37.4377867997,-8.7741433,357623862,357623862,"c(-8.7741433, 37.4377867997)",1,0.7809520959854126,21.250000000000057,8.750000000000057,3.557,0.7809520959854126,21.250000000000057,8.750000000000057,3.557,Umbilicus_rupestris,0.3950655162334442,6.1157755851745605,5.720710068941116,0.06745431512899493,13.150000000000034,28.05000000000001,14.899999999999977,0.5436241610738278,-0.3499999999999659,11.350000000000023,11.699999999999989,0.7777777777777805,0.857,7.191,6.334,0.42627091885064733,1.4804231460350918,0.9840136227260619,-0.7108347220965293,19.70896414342633,3.6126153023411103,0.4265707050443703,5.518525896414379,2.5755165342755406,1.2546897139197166,3.569262948207171,1.364850562729002,-0.008984828480160939
Umbilicus rupestris,129454,38.7443635855,-9.1707797541,357634555,357634555,"c(-9.1707797541, 38.7443635855)",1,0.8622109889984131,20.850000000000023,8.650000000000034,2.364,0.8622109889984131,20.850000000000023,8.650000000000034,2.364,Umbilicus_rupestris,0.3950655162334442,6.1157755851745605,5.720710068941116,0.08165865200916149,13.150000000000034,28.05000000000001,14.899999999999977,0.5167785234899329,-0.3499999999999659,11.350000000000023,11.699999999999989,0.7692307692307699,0.857,7.191,6.334,0.23792232396589832,1.4804231460350918,0.9840136227260619,-0.6282556895137436,19.70896414342633,3.6126153023411103,0.31584759546200786,5.518525896414379,2.5755165342755406,1.2158625510305638,3.569262948207171,1.364850562729002,-0.8830731957916791
Umbilicus rupestris,129454,39.9921859209,9.4169597785,358579661,358579661,"c(9.4169597785, 39.9921859209)",1,0.8929253220558167,19.750000000000057,1.4500000000000455,4.0280000000000005,0.8929253220558167,19.750000000000057,1.4500000000000455,4.0280000000000005,Umbilicus_rupestris,0.3950655162334442,6.1157755851745605,5.720710068941116,0.08702762416248873,13.150000000000034,28.05000000000001,14.899999999999977,0.4429530201342304,-0.3499999999999659,11.350000000000023,11.699999999999989,0.15384615384615496,0.857,7.191,6.334,0.5006315124723714,1.4804231460350918,0.9840136227260619,-0.5970423685311396,19.70896414342633,3.6126153023411103,0.011359044110546604,5.518525896414379,2.5755165342755406,-1.5796931769877987,3.569262948207171,1.364850562729002,0.33610789658582857
Umbilicus rupestris,129454,38.77025,-9.1740866667,358607426,358607426,"c(-9.1740866667, 38.77025)",1,0.8270692229270935,20.750000000000057,8.350000000000023,2.778,0.8270692229270935,20.750000000000057,8.350000000000023,2.778,Umbilicus_rupestris,0.3950655162334442,6.1157755851745605,5.720710068941116,0.07551574917929929,13.150000000000034,28.05000000000001,14.899999999999977,0.510067114093962,-0.3499999999999659,11.350000000000023,11.699999999999989,0.7435897435897434,0.857,7.191,6.334,0.3032838648563309,1.4804231460350918,0.9840136227260619,-0.6639683720007651,19.70896414342633,3.6126153023411103,0.2881668180664291,5.518525896414379,2.5755165342755406,1.0993810623631275,3.569262948207171,1.364850562729002,-0.5797432845871789
Umbilicus rupestris,129454,49.4510845807,-2.5375464186,361960913,361960913,"c(-2.5375464186, 49.4510845807)",1,2.8415491580963135,15.950000000000045,6.750000000000057,4.003,2.8415491580963135,15.950000000000045,6.750000000000057,4.003,Umbilicus_rupestris,0.3950655162334442,6.1157755851745605,5.720710068941116,0.4276538423342445,13.150000000000034,28.05000000000001,14.899999999999977,0.18791946308724938,-0.3499999999999659,11.350000000000023,11.699999999999989,0.6068376068376093,0.857,7.191,6.334,0.49668455952005053,1.4804231460350918,0.9840136227260619,1.3832389924546233,19.70896414342633,3.6126153023411103,-1.04051049692181,5.518525896414379,2.5755165342755406,0.478146456136837,3.569262948207171,1.364850562729002,0.31779087296236813
Umbilicus rupestris,129454,38.6464544537,-9.197926037,362718158,362718158,"c(-9.197926037, 38.6464544537)",1,0.9938263297080994,20.250000000000057,9.650000000000034,3.1510000000000002,0.9938263297080994,20.250000000000057,9.650000000000034,3.1510000000000002,Umbilicus_rupestris,0.3950655162334442,6.1157755851745605,5.720710068941116,0.10466547093960378,13.150000000000034,28.05000000000001,14.899999999999977,0.4765100671140962,-0.3499999999999659,11.350000000000023,11.699999999999989,0.8547008547008556,0.857,7.191,6.334,0.36217240290495745,1.4804231460350918,0.9840136227260619,-0.49450211367902525,19.70896414342633,3.6126153023411103,0.14976293108848782,5.518525896414379,2.5755165342755406,1.6041341799220037,3.569262948207171,1.364850562729002,-0.30645329212515343
Umbilicus rupestris,129454,40.6343612671,-8.6607875824,36273786,36273786,"c(-8.6607875824, 40.6343612671)",1,1.1791167259216309,20.650000000000034,6.9500000000000455,3.48,1.1791167259216309,20.650000000000034,6.9500000000000455,3.48,Umbilicus_rupestris,0.3950655162334442,6.1157755851745605,5.720710068941116,0.13705487609745476,13.150000000000034,28.05000000000001,14.899999999999977,0.5033557046979873,-0.3499999999999659,11.350000000000023,11.699999999999989,0.6239316239316255,0.857,7.191,6.334,0.41411430375749925,1.4804231460350918,0.9840136227260619,-0.30620147237264544,19.70896414342633,3.6126153023411103,0.26048604067083453,5.518525896414379,2.5755165342755406,0.5558007819151205,3.569262948207171,1.364850562729002,-0.06540126124041815
Umbilicus rupestris,129454,40.6388130188,-8.6568975449,36285927,36285927,"c(-8.6568975449, 40.6388130188)",1,1.1815476417541504,20.650000000000034,6.850000000000023,2.878,1.1815476417541504,20.650000000000034,6.850000000000023,2.878,Umbilicus_rupestris,0.3950655162334442,6.1157755851745605,5.720710068941116,0.13747980863261636,13.150000000000034,28.05000000000001,14.899999999999977,0.5033557046979873,-0.3499999999999659,11.350000000000023,11.699999999999989,0.615384615384615,0.857,7.191,6.334,0.31907167666561415,1.4804231460350918,0.9840136227260619,-0.30373106365433417,19.70896414342633,3.6126153023411103,0.26048604067083453,5.518525896414379,2.5755165342755406,0.5169736190259677,3.569262948207171,1.364850562729002,-0.5064751900933383
Umbilicus rupestris,129454,38.5273462227,-8.0168023197,363060310,363060310,"c(-8.0168023197, 38.5273462227)",1,0.5868632793426514,23.250000000000057,5.650000000000034,3.63,0.5868632793426514,23.250000000000057,5.650000000000034,3.63,Umbilicus_rupestris,0.3950655162334442,6.1157755851745605,5.720710068941116,0.033526915504862885,13.150000000000034,28.05000000000001,14.899999999999977,0.6778523489932912,-0.3499999999999659,11.350000000000023,11.699999999999989,0.5128205128205133,0.857,7.191,6.334,0.43779602147142405,1.4804231460350918,0.9840136227260619,-0.9080767237926719,19.70896414342633,3.6126153023411103,0.9801862529561352,5.518525896414379,2.5755165342755406,0.051047664356244346,3.569262948207171,1.364850562729002,0.04450088050034265
Umbilicus rupestris,129454,44.2282561706,3.9986903297,364093248,364093248,"c(3.9986903297, 44.2282561706)",1,1.5007576942443848,21.850000000000023,1.3500000000000227,1.754,1.5007576942443848,21.850000000000023,1.3500000000000227,1.754,Umbilicus_rupestris,0.3950655162334442,6.1157755851745605,5.720710068941116,0.19327883508971472,13.150000000000034,28.05000000000001,14.899999999999977,0.5838926174496646,-0.3499999999999659,11.350000000000023,11.699999999999989,0.14529914529914448,0.857,7.191,6.334,0.1416166719292706,1.4804231460350918,0.9840136227260619,0.02066490517982781,19.70896414342633,3.6126153023411103,0.5926553694178903,5.518525896414379,2.5755165342755406,-1.6185203398769514,3.569262948207171,1.364850562729002,-1.3300085722041064
Umbilicus rupestris,129454,40.6305885315,-8.6581687927,36756994,36756994,"c(-8.6581687927, 40.6305885315)",1,1.1735962629318237,20.650000000000034,6.850000000000023,2.585,1.1735962629318237,20.650000000000034,6.850000000000023,2.585,Umbilicus_rupestris,0.3950655162334442,6.1157755851745605,5.720710068941116,0.13608987998276284,13.150000000000034,28.05000000000001,14.899999999999977,0.5033557046979873,-0.3499999999999659,11.350000000000023,11.699999999999989,0.615384615384615,0.857,7.191,6.334,0.2728133880644143,1.4804231460350918,0.9840136227260619,-0.3118116213200894,19.70896414342633,3.6126153023411103,0.26048604067083453,5.518525896414379,2.5755165342755406,0.5169736190259677,3.569262948207171,1.364850562729002,-0.7211507069602913
Umbilicus rupestris,129454,38.78072167,-9.44443333,37489447,37489447,"c(-9.44443333, 38.78072167)",1,1.85419499874115,17.750000000000057,9.650000000000034,4.799,1.85419499874115,17.750000000000057,9.650000000000034,4.799,Umbilicus_rupestris,0.3950655162334442,6.1157755851745605,5.720710068941116,0.2550609041401368,13.150000000000034,28.05000000000001,14.899999999999977,0.3087248322147671,-0.3499999999999659,11.350000000000023,11.699999999999989,0.8547008547008556,0.857,7.191,6.334,0.6223555415219452,1.4804231460350918,0.9840136227260619,0.3798441851552617,19.70896414342633,3.6126153023411103,-0.5422565038012183,5.518525896414379,2.5755165342755406,1.6041341799220037,3.569262948207171,1.364850562729002,0.9010049051333393
Umbilicus rupestris,129454,38.7712059021,-9.1527070999,38767937,38767937,"c(-9.1527070999, 38.7712059021)",1,0.8033376932144165,20.850000000000023,8.250000000000057,2.592,0.8033376932144165,20.850000000000023,8.250000000000057,2.592,Umbilicus_rupestris,0.3950655162334442,6.1157755851745605,5.720710068941116,0.07136739531645973,13.150000000000034,28.05000000000001,14.899999999999977,0.5167785234899329,-0.3499999999999659,11.350000000000023,11.699999999999989,0.7350427350427376,0.857,7.191,6.334,0.2739185348910641,1.4804231460350918,0.9840136227260619,-0.6880854463629394,19.70896414342633,3.6126153023411103,0.31584759546200786,5.518525896414379,2.5755165342755406,1.0605538994739967,3.569262948207171,1.364850562729002,-0.7160219403457224
Umbilicus rupestris,129454,39.9179514739,-8.1321841478,39449880,39449880,"c(-8.1321841478, 39.9179514739)",1,1.0626740455627441,21.150000000000034,4.050000000000011,2.775,1.0626740455627441,21.150000000000034,4.050000000000011,2.775,Umbilicus_rupestris,0.3950655162334442,6.1157755851745605,5.720710068941116,0.1167002909226043,13.150000000000034,28.05000000000001,14.899999999999977,0.5369127516778531,-0.3499999999999659,11.350000000000023,11.699999999999989,0.3760683760683745,0.857,7.191,6.334,0.3028102305020524,1.4804231460350918,0.9840136227260619,-0.4245358913985729,19.70896414342633,3.6126153023411103,0.39888992764877573,5.518525896414379,2.5755165342755406,-0.5701869418700682,3.569262948207171,1.364850562729002,-0.5819413274219942
Umbilicus rupestris,129454,36.5279756717,-5.31805859,41236552,41236552,"c(-5.31805859, 36.5279756717)",1,1.1946454048156738,23.150000000000034,6.050000000000011,3.152,1.1946454048156738,23.150000000000034,6.050000000000011,3.152,Umbilicus_rupestris,0.3950655162334442,6.1157755851745605,5.720710068941116,0.13976934313159994,13.150000000000034,28.05000000000001,14.899999999999977,0.6711409395973165,-0.3499999999999659,11.350000000000023,11.699999999999989,0.5470085470085456,0.857,7.191,6.334,0.3623302810230502,1.4804231460350918,0.9840136227260619,-0.29042051311008654,19.70896414342633,3.6126153023411103,0.9525054755605407,5.518525896414379,2.5755165342755406,0.20635631591281145,3.569262948207171,1.364850562729002,-0.30572061118021515
Umbilicus rupestris,129454,38.7713888955,-9.1563890129,42563380,42563380,"c(-9.1563890129, 38.7713888955)",1,0.8033376932144165,20.850000000000023,8.250000000000057,2.592,0.8033376932144165,20.850000000000023,8.250000000000057,2.592,Umbilicus_rupestris,0.3950655162334442,6.1157755851745605,5.720710068941116,0.07136739531645973,13.150000000000034,28.05000000000001,14.899999999999977,0.5167785234899329,-0.3499999999999659,11.350000000000023,11.699999999999989,0.7350427350427376,0.857,7.191,6.334,0.2739185348910641,1.4804231460350918,0.9840136227260619,-0.6880854463629394,19.70896414342633,3.6126153023411103,0.31584759546200786,5.518525896414379,2.5755165342755406,1.0605538994739967,3.569262948207171,1.364850562729002,-0.7160219403457224
Umbilicus rupestris,129454,51.45912459,-2.60868612,44143808,44143808,"c(-2.60868612, 51.45912459)",1,1.3830056190490723,16.05000000000001,1.7500000000000568,3.0100000000000002,1.3830056190490723,16.05000000000001,1.7500000000000568,3.0100000000000002,Umbilicus_rupestris,0.3950655162334442,6.1157755851745605,5.720710068941116,0.17269536314719972,13.150000000000034,28.05000000000001,14.899999999999977,0.19463087248322025,-0.3499999999999659,11.350000000000023,11.699999999999989,0.1794871794871816,0.857,7.191,6.334,0.33991158825386814,1.4804231460350918,0.9840136227260619,-0.09900018123340504,19.70896414342633,3.6126153023411103,-1.012829719526231,5.518525896414379,2.5755165342755406,-1.4632116883203623,3.569262948207171,1.364850562729002,-0.40976130536146865
Umbilicus rupestris,129454,38.9048312911,-9.1871823392,47425215,47425215,"c(-9.1871823392, 38.9048312911)",1,0.8241193890571594,20.150000000000034,7.250000000000057,4.236,0.8241193890571594,20.150000000000034,7.250000000000057,4.236,Umbilicus_rupestris,0.3950655162334442,6.1157755851745605,5.720710068941116,0.07500010796791377,13.150000000000034,28.05000000000001,14.899999999999977,0.4697986577181215,-0.3499999999999659,11.350000000000023,11.699999999999989,0.6495726495726521,0.857,7.191,6.334,0.5334701610356805,1.4804231460350918,0.9840136227260619,-0.6669661291474213,19.70896414342633,3.6126153023411103,0.1220821536928933,5.518525896414379,2.5755165342755406,0.672282270582557,3.569262948207171,1.364850562729002,0.4885055331330164
Umbilicus rupestris,129454,47.3593676219,-2.5003915196,50724272,50724272,"c(-2.5003915196, 47.3593676219)",1,1.3607416152954102,17.950000000000045,4.9500000000000455,4.816,1.3607416152954102,17.950000000000045,4.9500000000000455,4.816,Umbilicus_rupestris,0.3950655162334442,6.1157755851745605,5.720710068941116,0.16880353792177222,13.150000000000034,28.05000000000001,14.899999999999977,0.32214765100671267,-0.3499999999999659,11.350000000000023,11.699999999999989,0.4529914529914544,0.857,7.191,6.334,0.6250394695295232,1.4804231460350918,0.9840136227260619,-0.12162588807268947,19.70896414342633,3.6126153023411103,-0.486894949010045,5.518525896414379,2.5755165342755406,-0.22074247586775914,3.569262948207171,1.364850562729002,0.9134604811972918
Umbilicus rupestris,129454,44.135966,12.238556,5113099,5113099,"c(12.238556, 44.135966)",1,0.6573721170425415,24.55000000000001,1.150000000000034,1.706,0.6573721170425415,24.55000000000001,1.150000000000034,1.706,Umbilicus_rupestris,0.3950655162334442,6.1157755851745605,5.720710068941116,0.04585210535895054,13.150000000000034,28.05000000000001,14.899999999999977,0.7651006711409393,-0.3499999999999659,11.350000000000023,11.699999999999989,0.12820512820512833,0.857,7.191,6.334,0.13403852226081467,1.4804231460350918,0.9840136227260619,-0.8364223929262393,19.70896414342633,3.6126153023411103,1.3400363590987698,5.518525896414379,2.5755165342755406,-1.696174665655235,3.569262948207171,1.364850562729002,-1.36517725756115
Umbilicus rupestris,129454,48.539568,-1.061578,51478660,51478660,"c(-1.061578, 48.539568)",1,1.342802882194519,17.150000000000034,2.150000000000034,4.695,1.342802882194519,17.150000000000034,2.150000000000034,4.695,Umbilicus_rupestris,0.3950655162334442,6.1157755851745605,5.720710068941116,0.16566778503712876,13.150000000000034,28.05000000000001,14.899999999999977,0.26845637583892656,-0.3499999999999659,11.350000000000023,11.699999999999989,0.2136752136752139,0.857,7.191,6.334,0.6059362172402906,1.4804231460350918,0.9840136227260619,-0.139856055507968,19.70896414342633,3.6126153023411103,-0.7083411681747541,5.518525896414379,2.5755165342755406,-1.3079030367637952,3.569262948207171,1.364850562729002,0.8248060868597451
Umbilicus rupestris,129454,37.0203138333,-7.9344666667,55688801,55688801,"c(-7.9344666667, 37.0203138333)",1,0.8464899659156799,22.250000000000057,11.350000000000023,2.765,0.8464899659156799,22.250000000000057,11.350000000000023,2.765,Umbilicus_rupestris,0.3950655162334442,6.1157755851745605,5.720710068941116,0.07891056254242104,13.150000000000034,28.05000000000001,14.899999999999977,0.6107382550335595,-0.3499999999999659,11.350000000000023,11.699999999999989,1,0.857,7.191,6.334,0.3012314493211241,1.4804231460350918,0.9840136227260619,-0.6442321178066573,19.70896414342633,3.6126153023411103,0.7033784790002527,5.518525896414379,2.5755165342755406,2.264195949037447,3.569262948207171,1.364850562729002,-0.5892681368713781
Umbilicus rupestris,129454,40.162152,-6.65301,62595420,62595420,"c(-6.65301, 40.162152)",1,0.7685648202896118,24.650000000000034,3.250000000000057,2.392,0.7685648202896118,24.650000000000034,3.250000000000057,2.392,Umbilicus_rupestris,0.3950655162334442,6.1157755851745605,5.720710068941116,0.06528897629054307,13.150000000000034,28.05000000000001,14.899999999999977,0.771812080536914,-0.3499999999999659,11.350000000000023,11.699999999999989,0.30769230769230993,0.857,7.191,6.334,0.24234291127249763,1.4804231460350918,0.9840136227260619,-0.7234232426309135,19.70896414342633,3.6126153023411103,1.3677171364943643,5.518525896414379,2.5755165342755406,-0.8808042449832024,3.569262948207171,1.364850562729002,-0.8625581293334037
Umbilicus rupestris,129454,37.3837313,-5.98986213,62596596,62596596,"c(-5.98986213, 37.3837313)",1,0.4168727397918701,26.650000000000034,5.750000000000057,1.782,0.4168727397918701,26.650000000000034,5.750000000000057,1.782,Umbilicus_rupestris,0.3950655162334442,6.1157755851745605,5.720710068941116,0.0038119784599505747,13.150000000000034,28.05000000000001,14.899999999999977,0.9060402684563772,-0.3499999999999659,11.350000000000023,11.699999999999989,0.5213675213675238,0.857,7.191,6.334,0.14603725923586994,1.4804231460350918,0.9840136227260619,-1.0808289455351392,19.70896414342633,3.6126153023411103,1.9213326844061291,5.518525896414379,2.5755165342755406,0.08987482724539715,3.569262948207171,1.364850562729002,-1.309493505745831
Umbilicus rupestris,129454,37.395241,-5.989245,62596664,62596664,"c(-5.989245, 37.395241)",1,0.41418641805648804,26.650000000000034,5.750000000000057,1.752,0.41418641805648804,26.650000000000034,5.750000000000057,1.752,Umbilicus_rupestris,0.3950655162334442,6.1157755851745605,5.720710068941116,0.0033424000854116063,13.150000000000034,28.05000000000001,14.899999999999977,0.9060402684563772,-0.3499999999999659,11.350000000000023,11.699999999999989,0.5213675213675238,0.857,7.191,6.334,0.14130091569308495,1.4804231460350918,0.9840136227260619,-1.0835589095044793,19.70896414342633,3.6126153023411103,1.9213326844061291,5.518525896414379,2.5755165342755406,0.08987482724539715,3.569262948207171,1.364850562729002,-1.3314739340939832
Umbilicus rupestris,129454,36.081102,-5.503522,67767279,67767279,"c(-5.503522, 36.081102)",1,1.1423918008804321,22.150000000000034,10.150000000000034,3.4490000000000003,1.1423918008804321,22.150000000000034,10.150000000000034,3.4490000000000003,Umbilicus_rupestris,0.3950655162334442,6.1157755851745605,5.720710068941116,0.130635231578047,13.150000000000034,28.05000000000001,14.899999999999977,0.6040268456375848,-0.3499999999999659,11.350000000000023,11.699999999999989,0.8974358974358984,0.857,7.191,6.334,0.40922008209662153,1.4804231460350918,0.9840136227260619,-0.34352303397812184,19.70896414342633,3.6126153023411103,0.6756977016046583,5.518525896414379,2.5755165342755406,1.7982699943677236,3.569262948207171,1.364850562729002,-0.0881143705335085
Umbilicus rupestris,129454,38.7698133333,-9.1592716667,68184820,68184820,"c(-9.1592716667, 38.7698133333)",1,0.8110044598579407,20.850000000000023,8.350000000000023,2.547,0.8110044598579407,20.850000000000023,8.350000000000023,2.547,Umbilicus_rupestris,0.3950655162334442,6.1157755851745605,5.720710068941116,0.07270757276840728,13.150000000000034,28.05000000000001,14.899999999999977,0.5167785234899329,-0.3499999999999659,11.350000000000023,11.699999999999989,0.7435897435897434,0.857,7.191,6.334,0.26681401957688666,1.4804231460350918,0.9840136227260619,-0.6802941247120414,19.70896414342633,3.6126153023411103,0.31584759546200786,5.518525896414379,2.5755165342755406,1.0993810623631275,3.569262948207171,1.364850562729002,-0.7489925828679506
Umbilicus rupestris,129454,38.7711453631,-9.1542107452,69203617,69203617,"c(-9.1542107452, 38.7711453631)",1,0.8033376932144165,20.850000000000023,8.250000000000057,2.592,0.8033376932144165,20.850000000000023,8.250000000000057,2.592,Umbilicus_rupestris,0.3950655162334442,6.1157755851745605,5.720710068941116,0.07136739531645973,13.150000000000034,28.05000000000001,14.899999999999977,0.5167785234899329,-0.3499999999999659,11.350000000000023,11.699999999999989,0.7350427350427376,0.857,7.191,6.334,0.2739185348910641,1.4804231460350918,0.9840136227260619,-0.6880854463629394,19.70896414342633,3.6126153023411103,0.31584759546200786,5.518525896414379,2.5755165342755406,1.0605538994739967,3.569262948207171,1.364850562729002,-0.7160219403457224
Umbilicus rupestris,129454,38.7081915,-9.2437434,71118387,71118387,"c(-9.2437434, 38.7081915)",1,0.9178809523582458,20.350000000000023,9.650000000000034,3.291,0.9178809523582458,20.350000000000023,9.650000000000034,3.291,Umbilicus_rupestris,0.3950655162334442,6.1157755851745605,5.720710068941116,0.09138995506226956,13.150000000000034,28.05000000000001,14.899999999999977,0.4832214765100671,-0.3499999999999659,11.350000000000023,11.699999999999989,0.8547008547008556,0.857,7.191,6.334,0.38427533943795394,1.4804231460350918,0.9840136227260619,-0.571681306726636,19.70896414342633,3.6126153023411103,0.17744370848406663,5.518525896414379,2.5755165342755406,1.6041341799220037,3.569262948207171,1.364850562729002,-0.20387795983377688
Umbilicus rupestris,129454,39.23453,-8.6772583333,71373584,71373584,"c(-8.6772583333, 39.23453)",1,0.587911069393158,22.05000000000001,5.850000000000023,3.0380000000000003,0.587911069393158,22.05000000000001,5.850000000000023,3.0380000000000003,Umbilicus_rupestris,0.3950655162334442,6.1157755851745605,5.720710068941116,0.03371007284685008,13.150000000000034,28.05000000000001,14.899999999999977,0.5973154362416101,-0.3499999999999659,11.350000000000023,11.699999999999989,0.5299145299145295,0.857,7.191,6.334,0.34433217556046736,1.4804231460350918,0.9840136227260619,-0.9070119112470855,19.70896414342633,3.6126153023411103,0.6480169242090636,5.518525896414379,2.5755165342755406,0.1287019901345279,3.569262948207171,1.364850562729002,-0.3892462389031933
Umbilicus rupestris,129454,50.6076883333,-4.13925,75082393,75082393,"c(-4.13925, 50.6076883333)",1,2.6726300716400146,14.750000000000057,1.8500000000000227,5.45,2.6726300716400146,14.750000000000057,1.8500000000000227,5.45,Umbilicus_rupestris,0.3950655162334442,6.1157755851745605,5.720710068941116,0.39812619901363744,13.150000000000034,28.05000000000001,14.899999999999977,0.10738255033557216,-0.3499999999999659,11.350000000000023,11.699999999999989,0.18803418803418726,0.857,7.191,6.334,0.7251341964003789,1.4804231460350918,0.9840136227260619,1.211575630733742,19.70896414342633,3.6126153023411103,-1.3726798256688657,5.518525896414379,2.5755165342755406,-1.4243845254312315,3.569262948207171,1.364850562729002,1.3779802002882413
Umbilicus rupestris,129454,40.4881930178,-8.6912684888,75675616,75675616,"c(-8.6912684888, 40.4881930178)",1,1.1150262355804443,20.450000000000045,6.9500000000000455,3.133,1.1150262355804443,20.450000000000045,6.9500000000000455,3.133,Umbilicus_rupestris,0.3950655162334442,6.1157755851745605,5.720710068941116,0.1258516356659659,13.150000000000034,28.05000000000001,14.899999999999977,0.4899328859060418,-0.3499999999999659,11.350000000000023,11.699999999999989,0.6239316239316255,0.857,7.191,6.334,0.35933059677928636,1.4804231460350918,0.9840136227260619,-0.37133318280937033,19.70896414342633,3.6126153023411103,0.20512448587966117,5.518525896414379,2.5755165342755406,0.5558007819151205,3.569262948207171,1.364850562729002,-0.3196415491340449
Umbilicus rupestris,129454,44.8328033333,11.6269033333,75784699,75784699,"c(11.6269033333, 44.8328033333)",1,0.6336948275566101,24.55000000000001,-0.24999999999994316,1.827,0.6336948275566101,24.55000000000001,-0.24999999999994316,1.827,Umbilicus_rupestris,0.3950655162334442,6.1157755851745605,5.720710068941116,0.041713232876235476,13.150000000000034,28.05000000000001,14.899999999999977,0.7651006711409393,-0.3499999999999659,11.350000000000023,11.699999999999989,0.0085470085470105,0.857,7.191,6.334,0.15314177455004738,1.4804231460350918,0.9840136227260619,-0.8604843458698754,19.70896414342633,3.6126153023411103,1.3400363590987698,5.518525896414379,2.5755165342755406,-2.239754946103242,3.569262948207171,1.364850562729002,-1.276522863223603
Umbilicus rupestris,129454,50.2251254694,-3.7601539493,82565988,82565988,"c(-3.7601539493, 50.2251254694)",1,2.8035457134246826,15.650000000000034,5.550000000000011,5.946,2.8035457134246826,15.650000000000034,5.550000000000011,5.946,Umbilicus_rupestris,0.3950655162334442,6.1157755851745605,5.720710068941116,0.42101070814047387,13.150000000000034,28.05000000000001,14.899999999999977,0.16778523489932912,-0.3499999999999659,11.350000000000023,11.699999999999989,0.5042735042735028,0.857,7.191,6.334,0.8034417429744237,1.4804231460350918,0.9840136227260619,1.3446181402693171,19.70896414342633,3.6126153023411103,-1.1235528291085777,5.518525896414379,2.5755165342755406,0.012220501467091532,3.569262948207171,1.364850562729002,1.7413899489776903
Umbilicus rupestris,129454,53.747079,-2.015076,84050794,84050794,"c(-2.015076, 53.747079)",1,2.2252514362335205,14.450000000000045,0.6500000000000341,4.15,2.2252514362335205,14.450000000000045,0.6500000000000341,4.15,Umbilicus_rupestris,0.3950655162334442,6.1157755851745605,5.720710068941116,0.31992285886616123,13.150000000000034,28.05000000000001,14.899999999999977,0.08724832214765191,-0.3499999999999659,11.350000000000023,11.699999999999989,0.08547008547008556,0.857,7.191,6.334,0.5198926428796969,1.4804231460350918,0.9840136227260619,0.7569288402075104,19.70896414342633,3.6126153023411103,-1.4557221578556336,5.518525896414379,2.5755165342755406,-1.890310480100955,3.569262948207171,1.364850562729002,0.425494971868314
Umbilicus rupestris,129454,50.1079161396,-5.1133571198,87378975,87378975,"c(-5.1133571198, 50.1079161396)",1,1.9947571754455566,16.05000000000001,5.350000000000023,5.314,1.9947571754455566,16.05000000000001,5.350000000000023,5.314,Umbilicus_rupestris,0.3950655162334442,6.1157755851745605,5.720710068941116,0.27963166109346455,13.150000000000034,28.05000000000001,14.899999999999977,0.19463087248322025,-0.3499999999999659,11.350000000000023,11.699999999999989,0.48717948717948667,0.857,7.191,6.334,0.7036627723397537,1.4804231460350918,0.9840136227260619,0.5226899481183804,19.70896414342633,3.6126153023411103,-1.012829719526231,5.518525896414379,2.5755165342755406,-0.06543382431119202,3.569262948207171,1.364850562729002,1.2783355917766182
Umbilicus rupestris,129454,45.1288757324,-0.6655093431,9604697,9604697,"c(-0.6655093431, 45.1288757324)",1,0.9671488404273987,20.55000000000001,3.4500000000000455,3.7070000000000003,0.9671488404273987,20.55000000000001,3.4500000000000455,3.7070000000000003,Umbilicus_rupestris,0.3950655162334442,6.1157755851745605,5.720710068941116,0.10000215310681618,13.150000000000034,28.05000000000001,14.899999999999977,0.49664429530201265,-0.3499999999999659,11.350000000000023,11.699999999999989,0.3247863247863261,0.857,7.191,6.334,0.44995263656457224,1.4804231460350918,0.9840136227260619,-0.5216130079436745,19.70896414342633,3.6126153023411103,0.23280526327523998,5.518525896414379,2.5755165342755406,-0.8031499192049188,3.569262948207171,1.364850562729002,0.10091731326060019
