taxon.name,taxon.id,lat,lon,id,site,geometry,presence,chelsa_ai_1981_2010_v_2_1,chelsa_bio10,chelsa_bio6,chelsa_sfc_wind_mean_1981_2010_v_2_1,moisture,max_temp,min_temp,wind
Acer platanoides,54763,53.1336111111,8.2008333333,161276489,161276489,"c(8.2008333333, 53.1336111111)",1,1.2778558731079102,16.750000000000057,-0.3499999999999659,3.218,1.2778558731079102,16.750000000000057,-0.3499999999999659,3.218
Acer platanoides,54763,53.1125446623,8.2154738567,167871356,167871356,"c(8.2154738567, 53.1125446623)",1,1.263667345046997,16.850000000000023,-0.24999999999994316,3.501,1.263667345046997,16.850000000000023,-0.24999999999994316,3.501
Acer platanoides,54763,53.137948,8.209084,167950678,167950678,"c(8.209084, 53.137948)",1,1.2799071073532104,16.750000000000057,-0.3499999999999659,3.309,1.2799071073532104,16.750000000000057,-0.3499999999999659,3.309
Acer platanoides,54763,53.6334719722,8.0278229722,171752410,171752410,"c(8.0278229722, 53.6334719722)",1,1.6975375413894653,16.350000000000023,0.6500000000000341,5.0760000000000005,1.6975375413894653,16.350000000000023,0.6500000000000341,5.0760000000000005
Acer platanoides,54763,53.3910890172,10.0348040834,172998308,172998308,"c(10.0348040834, 53.3910890172)",1,1.183877944946289,17.05000000000001,-1.0499999999999545,3.536,1.183877944946289,17.05000000000001,-1.0499999999999545,3.536
Acer platanoides,54763,49.7946742078,9.9428991973,176745947,176745947,"c(9.9428991973, 49.7946742078)",1,0.8057146668434143,18.450000000000045,-2.0499999999999545,2.328,0.8057146668434143,18.450000000000045,-2.0499999999999545,2.328
Acer platanoides,54763,47.48514,11.1131159722,177224168,177224168,"c(11.1131159722, 47.48514)",1,1.5509943962097168,16.650000000000034,-7.849999999999966,1.054,1.5509943962097168,16.650000000000034,-7.849999999999966,1.054
Acer platanoides,54763,53.1336916107,8.2009301707,178368206,178368206,"c(8.2009301707, 53.1336916107)",1,1.2778558731079102,16.750000000000057,-0.3499999999999659,3.218,1.2778558731079102,16.750000000000057,-0.3499999999999659,3.218
Acer platanoides,54763,53.1336916107,8.2009301707,178369142,178369142,"c(8.2009301707, 53.1336916107)",1,1.2778558731079102,16.750000000000057,-0.3499999999999659,3.218,1.2778558731079102,16.750000000000057,-0.3499999999999659,3.218
Acer platanoides,54763,53.0803611111,8.1983638889,212618040,212618040,"c(8.1983638889, 53.0803611111)",1,1.2572853565216064,16.850000000000023,-0.24999999999994316,4.543,1.2572853565216064,16.850000000000023,-0.24999999999994316,4.543
Acer platanoides,54763,53.150674,8.167057,216059606,216059606,"c(8.167057, 53.150674)",1,1.2920492887496948,16.750000000000057,-0.3499999999999659,3.932,1.2920492887496948,16.750000000000057,-0.3499999999999659,3.932
Acer platanoides,54763,51.8327595,10.7982554,216089056,216089056,"c(10.7982554, 51.8327595)",1,1.1791582107543945,16.150000000000034,-3.249999999999943,2.966,1.1791582107543945,16.150000000000034,-3.249999999999943,2.966
Acer platanoides,54763,53.2012361111,8.4744555556,217040610,217040610,"c(8.4744555556, 53.2012361111)",1,1.2639789581298828,16.750000000000057,-0.3499999999999659,5.34,1.2639789581298828,16.750000000000057,-0.3499999999999659,5.34
Acer platanoides,54763,51.7548578997,10.8430143,219309198,219309198,"c(10.8430143, 51.7548578997)",1,1.3033846616744995,15.250000000000057,-3.849999999999966,3.516,1.3033846616744995,15.250000000000057,-3.849999999999966,3.516
Acer platanoides,54763,53.284318,7.897635,219745136,219745136,"c(7.897635, 53.284318)",1,1.3526206016540527,16.55000000000001,-0.3499999999999659,5.001,1.3526206016540527,16.55000000000001,-0.3499999999999659,5.001
Acer platanoides,54763,53.1404861111,8.1642361111,222811064,222811064,"c(8.1642361111, 53.1404861111)",1,1.282401204109192,16.750000000000057,-0.3499999999999659,3.493,1.282401204109192,16.750000000000057,-0.3499999999999659,3.493
Acer platanoides,54763,53.1128525,8.2150473997,224156807,224156807,"c(8.2150473997, 53.1128525)",1,1.263667345046997,16.850000000000023,-0.24999999999994316,3.501,1.263667345046997,16.850000000000023,-0.24999999999994316,3.501
Acer platanoides,54763,53.1393212997,8.1970419,225275849,225275849,"c(8.1970419, 53.1393212997)",1,1.2777043581008911,16.750000000000057,-0.3499999999999659,3.368,1.2777043581008911,16.750000000000057,-0.3499999999999659,3.368
Acer platanoides,54763,53.1887350662,8.2213691625,226363114,226363114,"c(8.2213691625, 53.1887350662)",1,1.3271132707595825,16.650000000000034,-0.3499999999999659,3.532,1.3271132707595825,16.650000000000034,-0.3499999999999659,3.532
Acer platanoides,54763,52.4525027778,13.3124583333,236036393,236036393,"c(13.3124583333, 52.4525027778)",1,0.8690674901008606,18.150000000000034,-1.9499999999999886,2.724,0.8690674901008606,18.150000000000034,-1.9499999999999886,2.724
Acer platanoides,54763,53.1642816007,8.2454594511,242221461,242221461,"c(8.2454594511, 53.1642816007)",1,1.304909586906433,16.650000000000034,-0.3499999999999659,3.613,1.304909586906433,16.650000000000034,-0.3499999999999659,3.613
Acer platanoides,54763,53.137294036,8.2378417254,243306014,243306014,"c(8.2378417254, 53.137294036)",1,1.2788445949554443,16.750000000000057,-0.3499999999999659,3.227,1.2788445949554443,16.750000000000057,-0.3499999999999659,3.227
Acer platanoides,54763,53.1373645157,8.2378064268,243307169,243307169,"c(8.2378064268, 53.1373645157)",1,1.2788445949554443,16.750000000000057,-0.3499999999999659,3.227,1.2788445949554443,16.750000000000057,-0.3499999999999659,3.227
Acer platanoides,54763,53.1205118024,8.2238375862,243391135,243391135,"c(8.2238375862, 53.1205118024)",1,1.2685091495513916,16.850000000000023,-0.24999999999994316,3.5060000000000002,1.2685091495513916,16.850000000000023,-0.24999999999994316,3.5060000000000002
Acer platanoides,54763,53.1324758858,8.2169275878,243485339,243485339,"c(8.2169275878, 53.1324758858)",1,1.273477554321289,16.750000000000057,-0.3499999999999659,3.265,1.273477554321289,16.750000000000057,-0.3499999999999659,3.265
Acer platanoides,54763,53.1414829973,8.1639419538,243491406,243491406,"c(8.1639419538, 53.1414829973)",1,1.282401204109192,16.750000000000057,-0.3499999999999659,3.493,1.282401204109192,16.750000000000057,-0.3499999999999659,3.493
Acer platanoides,54763,53.1380678437,8.2021126901,243727690,243727690,"c(8.2021126901, 53.1380678437)",1,1.2778558731079102,16.750000000000057,-0.3499999999999659,3.218,1.2778558731079102,16.750000000000057,-0.3499999999999659,3.218
Acer platanoides,54763,53.1393281282,8.1971564094,243735387,243735387,"c(8.1971564094, 53.1393281282)",1,1.2777043581008911,16.750000000000057,-0.3499999999999659,3.368,1.2777043581008911,16.750000000000057,-0.3499999999999659,3.368
Acer platanoides,54763,53.1379209163,8.2088639051,243742744,243742744,"c(8.2088639051, 53.1379209163)",1,1.2799071073532104,16.750000000000057,-0.3499999999999659,3.309,1.2799071073532104,16.750000000000057,-0.3499999999999659,3.309
Acer platanoides,54763,53.1379223311,8.2088778488,243743390,243743390,"c(8.2088778488, 53.1379223311)",1,1.2799071073532104,16.750000000000057,-0.3499999999999659,3.309,1.2799071073532104,16.750000000000057,-0.3499999999999659,3.309
Acer platanoides,54763,53.1385075062,8.2108661328,243747781,243747781,"c(8.2108661328, 53.1385075062)",1,1.2799071073532104,16.750000000000057,-0.3499999999999659,3.309,1.2799071073532104,16.750000000000057,-0.3499999999999659,3.309
Acer platanoides,54763,53.141545,8.197724,244874534,244874534,"c(8.197724, 53.141545)",1,1.2839415073394775,16.750000000000057,-0.3499999999999659,3.2840000000000003,1.2839415073394775,16.750000000000057,-0.3499999999999659,3.2840000000000003
Acer platanoides,54763,53.141284,8.19754,244879425,244879425,"c(8.19754, 53.141284)",1,1.2777043581008911,16.750000000000057,-0.3499999999999659,3.368,1.2777043581008911,16.750000000000057,-0.3499999999999659,3.368
Acer platanoides,54763,53.141086,8.196756,244879511,244879511,"c(8.196756, 53.141086)",1,1.2777043581008911,16.750000000000057,-0.3499999999999659,3.368,1.2777043581008911,16.750000000000057,-0.3499999999999659,3.368
Acer platanoides,54763,53.141343,8.197598,244881138,244881138,"c(8.197598, 53.141343)",1,1.2777043581008911,16.750000000000057,-0.3499999999999659,3.368,1.2777043581008911,16.750000000000057,-0.3499999999999659,3.368
Acer platanoides,54763,52.4173295674,17.2156746986,271003276,271003276,"c(17.2156746986, 52.4173295674)",1,0.7698565721511841,17.850000000000023,-3.4499999999999886,4.374,0.7698565721511841,17.850000000000023,-3.4499999999999886,4.374
Acer platanoides,54763,53.1719027778,8.1525888889,277395184,277395184,"c(8.1525888889, 53.1719027778)",1,1.3061227798461914,16.650000000000034,-0.3499999999999659,4.19,1.3061227798461914,16.650000000000034,-0.3499999999999659,4.19
Acer platanoides,54763,52.1588777778,4.5304583333,278671992,278671992,"c(4.5304583333, 52.1588777778)",1,1.6288158893585205,16.650000000000034,1.5500000000000114,3.218,1.6288158893585205,16.650000000000034,1.5500000000000114,3.218
Acer platanoides,54763,51.3473055556,3.3101888889,282003251,282003251,"c(3.3101888889, 51.3473055556)",1,1.499584436416626,16.950000000000045,2.150000000000034,4.166,1.499584436416626,16.950000000000045,2.150000000000034,4.166
Acer platanoides,54763,58.37965,26.7171611111,318242283,318242283,"c(26.7171611111, 58.37965)",1,1.24336838722229,16.450000000000045,-8.149999999999977,2.949,1.24336838722229,16.450000000000045,-8.149999999999977,2.949
Acer platanoides,54763,50.803499,8.763534,323473284,323473284,"c(8.763534, 50.803499)",1,1.1390490531921387,17.55000000000001,-1.849999999999966,2.193,1.1390490531921387,17.55000000000001,-1.849999999999966,2.193
Acer platanoides,54763,50.584016,8.676375,325571801,325571801,"c(8.676375, 50.584016)",1,0.9703365564346313,17.850000000000023,-1.6499999999999773,2.273,0.9703365564346313,17.850000000000023,-1.6499999999999773,2.273
Acer platanoides,54763,53.1454562997,8.1896804997,352633672,352633672,"c(8.1896804997, 53.1454562997)",1,1.283303141593933,16.750000000000057,-0.3499999999999659,3.2600000000000002,1.283303141593933,16.750000000000057,-0.3499999999999659,3.2600000000000002
Acer pseudoplatanus,119791,-43.518904,171.655684,108268288,108268288,"c(171.655684, -43.518904)",1,1.020400047302246,15.250000000000057,-0.049999999999954525,6.1770000000000005,1.020400047302246,15.250000000000057,-0.049999999999954525,6.1770000000000005
Acer pseudoplatanus,119791,53.1363412953,8.1974335578,134011089,134011089,"c(8.1974335578, 53.1363412953)",1,1.2777043581008911,16.750000000000057,-0.3499999999999659,3.368,1.2777043581008911,16.750000000000057,-0.3499999999999659,3.368
Acer pseudoplatanus,119791,53.1395675045,8.1962376616,136132929,136132929,"c(8.1962376616, 53.1395675045)",1,1.2777043581008911,16.750000000000057,-0.3499999999999659,3.368,1.2777043581008911,16.750000000000057,-0.3499999999999659,3.368
Acer pseudoplatanus,119791,52.0179792777,-9.5033784306,142234662,142234662,"c(-9.5033784306, 52.0179792777)",1,3.1466634273529053,14.550000000000011,3.0500000000000114,5.088,3.1466634273529053,14.550000000000011,3.0500000000000114,5.088
Acer pseudoplatanus,119791,52.0183824429,-9.5042895243,143800895,143800895,"c(-9.5042895243, 52.0183824429)",1,3.1466634273529053,14.550000000000011,3.0500000000000114,5.088,3.1466634273529053,14.550000000000011,3.0500000000000114,5.088
Acer pseudoplatanus,119791,53.1237929722,8.259529,161609886,161609886,"c(8.259529, 53.1237929722)",1,1.266811490058899,16.850000000000023,-0.3499999999999659,4.106,1.266811490058899,16.850000000000023,-0.3499999999999659,4.106
Acer pseudoplatanus,119791,53.1207419722,8.4164609722,161659887,161659887,"c(8.4164609722, 53.1207419722)",1,1.2513245344161987,16.850000000000023,-0.3499999999999659,4.68,1.2513245344161987,16.850000000000023,-0.3499999999999659,4.68
Acer pseudoplatanus,119791,53.1179274986,8.4492698684,161660186,161660186,"c(8.4492698684, 53.1179274986)",1,1.241420030593872,16.850000000000023,-0.3499999999999659,4.817,1.241420030593872,16.850000000000023,-0.3499999999999659,4.817
Acer pseudoplatanus,119791,49.2304829722,11.1900189722,162664593,162664593,"c(11.1900189722, 49.2304829722)",1,1.0668329000473022,17.950000000000045,-3.0499999999999545,3.771,1.0668329000473022,17.950000000000045,-3.0499999999999545,3.771
Acer pseudoplatanus,119791,53.087197,8.12964,164195019,164195019,"c(8.12964, 53.087197)",1,1.2800217866897583,16.850000000000023,-0.24999999999994316,4.905,1.2800217866897583,16.850000000000023,-0.24999999999994316,4.905
Acer pseudoplatanus,119791,53.087211,8.1296669722,164195271,164195271,"c(8.1296669722, 53.087211)",1,1.2800217866897583,16.850000000000023,-0.24999999999994316,4.905,1.2800217866897583,16.850000000000023,-0.24999999999994316,4.905
Acer pseudoplatanus,119791,53.0672789722,8.180082,164195776,164195776,"c(8.180082, 53.0672789722)",1,1.2649132013320923,16.850000000000023,-0.24999999999994316,4.7330000000000005,1.2649132013320923,16.850000000000023,-0.24999999999994316,4.7330000000000005
Acer pseudoplatanus,119791,53.06763,8.182764,164197115,164197115,"c(8.182764, 53.06763)",1,1.2649132013320923,16.850000000000023,-0.24999999999994316,4.7330000000000005,1.2649132013320923,16.850000000000023,-0.24999999999994316,4.7330000000000005
Acer pseudoplatanus,119791,62.4443395059,6.1867046265,165111423,165111423,"c(6.1867046265, 62.4443395059)",1,NA,12.950000000000045,-0.3499999999999659,3.637,NA,12.950000000000045,-0.3499999999999659,3.637
Acer pseudoplatanus,119791,53.137649837,8.2082348317,167944471,167944471,"c(8.2082348317, 53.137649837)",1,1.2799071073532104,16.750000000000057,-0.3499999999999659,3.309,1.2799071073532104,16.750000000000057,-0.3499999999999659,3.309
Acer pseudoplatanus,119791,53.13792,8.205721,167948051,167948051,"c(8.205721, 53.13792)",1,1.2778558731079102,16.750000000000057,-0.3499999999999659,3.218,1.2778558731079102,16.750000000000057,-0.3499999999999659,3.218
Acer pseudoplatanus,119791,53.139525,8.196229,168027076,168027076,"c(8.196229, 53.139525)",1,1.2777043581008911,16.750000000000057,-0.3499999999999659,3.368,1.2777043581008911,16.750000000000057,-0.3499999999999659,3.368
Acer pseudoplatanus,119791,53.1394879279,8.1968418136,168028151,168028151,"c(8.1968418136, 53.1394879279)",1,1.2777043581008911,16.750000000000057,-0.3499999999999659,3.368,1.2777043581008911,16.750000000000057,-0.3499999999999659,3.368
Acer pseudoplatanus,119791,53.1126430868,8.2161441432,168123680,168123680,"c(8.2161441432, 53.1126430868)",1,1.263667345046997,16.850000000000023,-0.24999999999994316,3.501,1.263667345046997,16.850000000000023,-0.24999999999994316,3.501
Acer pseudoplatanus,119791,53.5335916662,8.097008653,171754863,171754863,"c(8.097008653, 53.5335916662)",1,1.4323455095291138,16.450000000000045,0.05000000000001137,4.49,1.4323455095291138,16.450000000000045,0.05000000000001137,4.49
Acer pseudoplatanus,119791,53.1363216667,8.197335,181585747,181585747,"c(8.197335, 53.1363216667)",1,1.2777043581008911,16.750000000000057,-0.3499999999999659,3.368,1.2777043581008911,16.750000000000057,-0.3499999999999659,3.368
Acer pseudoplatanus,119791,48.3419319722,2.708711,181893104,181893104,"c(2.708711, 48.3419319722)",1,0.90641188621521,18.850000000000023,0.9500000000000455,2.758,0.90641188621521,18.850000000000023,0.9500000000000455,2.758
Acer pseudoplatanus,119791,46.105131,-0.7527309722,183822399,183822399,"c(-0.7527309722, 46.105131)",1,1.0174473524093628,19.650000000000034,2.8500000000000227,3.1830000000000003,1.0174473524093628,19.650000000000034,2.8500000000000227,3.1830000000000003
Acer pseudoplatanus,119791,47.391149,0.838638,184133273,184133273,"c(0.838638, 47.391149)",1,0.8307899236679077,19.250000000000057,1.7500000000000568,3.46,0.8307899236679077,19.250000000000057,1.7500000000000568,3.46
Acer pseudoplatanus,119791,47.391099,0.838155,184134079,184134079,"c(0.838155, 47.391099)",1,0.8307899236679077,19.250000000000057,1.7500000000000568,3.46,0.8307899236679077,19.250000000000057,1.7500000000000568,3.46
Acer pseudoplatanus,119791,51.807466514,10.3422811255,194412934,194412934,"c(10.3422811255, 51.807466514)",1,2.427168607711792,14.250000000000057,-4.149999999999977,3.7030000000000003,2.427168607711792,14.250000000000057,-4.149999999999977,3.7030000000000003
Acer pseudoplatanus,119791,54.7006231779,9.9954506289,208534743,208534743,"c(9.9954506289, 54.7006231779)",1,1.4479598999023438,16.450000000000045,0.05000000000001137,5.078,1.4479598999023438,16.450000000000045,0.05000000000001137,5.078
Acer pseudoplatanus,119791,53.0665777778,8.1859055556,212617860,212617860,"c(8.1859055556, 53.0665777778)",1,1.2606664896011353,16.850000000000023,-0.24999999999994316,4.542,1.2606664896011353,16.850000000000023,-0.24999999999994316,4.542
Acer pseudoplatanus,119791,53.5745083333,7.9023583333,214586491,214586491,"c(7.9023583333, 53.5745083333)",1,1.499376893043518,16.350000000000023,0.1500000000000341,3.821,1.499376893043518,16.350000000000023,0.1500000000000341,3.821
Acer pseudoplatanus,119791,53.5751833333,7.9000083333,214586697,214586697,"c(7.9000083333, 53.5751833333)",1,1.5199916362762451,16.350000000000023,0.25000000000005684,3.762,1.5199916362762451,16.350000000000023,0.25000000000005684,3.762
Acer pseudoplatanus,119791,53.5305416667,7.9472027778,214587998,214587998,"c(7.9472027778, 53.5305416667)",1,1.4167400598526,16.450000000000045,-0.049999999999954525,4.3100000000000005,1.4167400598526,16.450000000000045,-0.049999999999954525,4.3100000000000005
Acer pseudoplatanus,119791,53.5286888889,7.9483361111,214601193,214601193,"c(7.9483361111, 53.5286888889)",1,1.4167400598526,16.450000000000045,-0.049999999999954525,4.3100000000000005,1.4167400598526,16.450000000000045,-0.049999999999954525,4.3100000000000005
Acer pseudoplatanus,119791,53.5736,7.9031805556,214627449,214627449,"c(7.9031805556, 53.5736)",1,1.499376893043518,16.350000000000023,0.1500000000000341,3.821,1.499376893043518,16.350000000000023,0.1500000000000341,3.821
Acer pseudoplatanus,119791,53.5736,7.9031805556,214636885,214636885,"c(7.9031805556, 53.5736)",1,1.499376893043518,16.350000000000023,0.1500000000000341,3.821,1.499376893043518,16.350000000000023,0.1500000000000341,3.821
Acer pseudoplatanus,119791,53.1424888889,8.2075527778,216079921,216079921,"c(8.2075527778, 53.1424888889)",1,1.2842122316360474,16.750000000000057,-0.3499999999999659,3.234,1.2842122316360474,16.750000000000057,-0.3499999999999659,3.234
Acer pseudoplatanus,119791,53.1704444444,8.5031305556,217027525,217027525,"c(8.5031305556, 53.1704444444)",1,1.232059121131897,16.850000000000023,-0.3499999999999659,5.355,1.232059121131897,16.850000000000023,-0.3499999999999659,5.355
Acer pseudoplatanus,119791,53.160374,8.126999,218892201,218892201,"c(8.126999, 53.160374)",1,1.2998979091644287,16.750000000000057,-0.3499999999999659,4.652,1.2998979091644287,16.750000000000057,-0.3499999999999659,4.652
Acer pseudoplatanus,119791,53.3581083333,7.9361638889,219755637,219755637,"c(7.9361638889, 53.3581083333)",1,1.3634599447250366,16.450000000000045,-0.3499999999999659,5.368,1.3634599447250366,16.450000000000045,-0.3499999999999659,5.368
Acer pseudoplatanus,119791,53.1363817,8.1971851,220433714,220433714,"c(8.1971851, 53.1363817)",1,1.2777043581008911,16.750000000000057,-0.3499999999999659,3.368,1.2777043581008911,16.750000000000057,-0.3499999999999659,3.368
Acer pseudoplatanus,119791,53.2624043,7.9312601997,223298185,223298185,"c(7.9312601997, 53.2624043)",1,1.3467470407485962,16.55000000000001,-0.3499999999999659,3.541,1.3467470407485962,16.55000000000001,-0.3499999999999659,3.541
Acer pseudoplatanus,119791,53.1389916667,8.2223777778,223376794,223376794,"c(8.2223777778, 53.1389916667)",1,1.2787907123565674,16.750000000000057,-0.3499999999999659,3.136,1.2787907123565674,16.750000000000057,-0.3499999999999659,3.136
Acer pseudoplatanus,119791,53.1130445,8.2160350997,224151102,224151102,"c(8.2160350997, 53.1130445)",1,1.263667345046997,16.850000000000023,-0.24999999999994316,3.501,1.263667345046997,16.850000000000023,-0.24999999999994316,3.501
Acer pseudoplatanus,119791,53.1402933,8.1990912997,224842032,224842032,"c(8.1990912997, 53.1402933)",1,1.2777043581008911,16.750000000000057,-0.3499999999999659,3.368,1.2777043581008911,16.750000000000057,-0.3499999999999659,3.368
Acer pseudoplatanus,119791,53.139757,8.2001232997,224856022,224856022,"c(8.2001232997, 53.139757)",1,1.2778558731079102,16.750000000000057,-0.3499999999999659,3.218,1.2778558731079102,16.750000000000057,-0.3499999999999659,3.218
Acer pseudoplatanus,119791,53.1398105,8.2003053,224857774,224857774,"c(8.2003053, 53.1398105)",1,1.2778558731079102,16.750000000000057,-0.3499999999999659,3.218,1.2778558731079102,16.750000000000057,-0.3499999999999659,3.218
Acer pseudoplatanus,119791,53.1399790997,8.2000189997,224859186,224859186,"c(8.2000189997, 53.1399790997)",1,1.2778558731079102,16.750000000000057,-0.3499999999999659,3.218,1.2778558731079102,16.750000000000057,-0.3499999999999659,3.218
Acer pseudoplatanus,119791,53.139745,8.201308,224863962,224863962,"c(8.201308, 53.139745)",1,1.2778558731079102,16.750000000000057,-0.3499999999999659,3.218,1.2778558731079102,16.750000000000057,-0.3499999999999659,3.218
Acer pseudoplatanus,119791,53.1389694,8.2015878997,224866031,224866031,"c(8.2015878997, 53.1389694)",1,1.2778558731079102,16.750000000000057,-0.3499999999999659,3.218,1.2778558731079102,16.750000000000057,-0.3499999999999659,3.218
Acer pseudoplatanus,119791,53.1124285,8.2155178,225265669,225265669,"c(8.2155178, 53.1124285)",1,1.263667345046997,16.850000000000023,-0.24999999999994316,3.501,1.263667345046997,16.850000000000023,-0.24999999999994316,3.501
Acer pseudoplatanus,119791,53.1386304997,8.2006864,225274332,225274332,"c(8.2006864, 53.1386304997)",1,1.2778558731079102,16.750000000000057,-0.3499999999999659,3.218,1.2778558731079102,16.750000000000057,-0.3499999999999659,3.218
Acer pseudoplatanus,119791,53.1386785997,8.2000752997,225275054,225275054,"c(8.2000752997, 53.1386785997)",1,1.2778558731079102,16.750000000000057,-0.3499999999999659,3.218,1.2778558731079102,16.750000000000057,-0.3499999999999659,3.218
Acer pseudoplatanus,119791,53.0614363997,8.8607724997,228209810,228209810,"c(8.8607724997, 53.0614363997)",1,1.1792621612548828,17.05000000000001,-0.44999999999998863,3.5260000000000002,1.1792621612548828,17.05000000000001,-0.44999999999998863,3.5260000000000002
Acer pseudoplatanus,119791,53.1909283304,8.2134957518,239919773,239919773,"c(8.2134957518, 53.1909283304)",1,1.3262420892715454,16.650000000000034,-0.3499999999999659,3.584,1.3262420892715454,16.650000000000034,-0.3499999999999659,3.584
Acer pseudoplatanus,119791,53.1696165473,8.2360740884,241234637,241234637,"c(8.2360740884, 53.1696165473)",1,1.3141425848007202,16.650000000000034,-0.3499999999999659,3.854,1.3141425848007202,16.650000000000034,-0.3499999999999659,3.854
Acer pseudoplatanus,119791,53.1676501076,8.2482566818,241241331,241241331,"c(8.2482566818, 53.1676501076)",1,1.3145358562469482,16.650000000000034,-0.3499999999999659,4.371,1.3145358562469482,16.650000000000034,-0.3499999999999659,4.371
Acer pseudoplatanus,119791,53.1696961881,8.2379374829,241599212,241599212,"c(8.2379374829, 53.1696961881)",1,1.3141425848007202,16.650000000000034,-0.3499999999999659,3.854,1.3141425848007202,16.650000000000034,-0.3499999999999659,3.854
Acer pseudoplatanus,119791,53.1695652942,8.2379820833,241600858,241600858,"c(8.2379820833, 53.1695652942)",1,1.3141425848007202,16.650000000000034,-0.3499999999999659,3.854,1.3141425848007202,16.650000000000034,-0.3499999999999659,3.854
Acer pseudoplatanus,119791,53.1700748572,8.2405747882,241604940,241604940,"c(8.2405747882, 53.1700748572)",1,1.3141425848007202,16.650000000000034,-0.3499999999999659,3.854,1.3141425848007202,16.650000000000034,-0.3499999999999659,3.854
Acer pseudoplatanus,119791,53.1608936762,8.236458683,242205221,242205221,"c(8.236458683, 53.1608936762)",1,1.302878499031067,16.750000000000057,-0.3499999999999659,3.428,1.302878499031067,16.750000000000057,-0.3499999999999659,3.428
Acer pseudoplatanus,119791,53.1608037701,8.2364001206,242211928,242211928,"c(8.2364001206, 53.1608037701)",1,1.302878499031067,16.750000000000057,-0.3499999999999659,3.428,1.302878499031067,16.750000000000057,-0.3499999999999659,3.428
Acer pseudoplatanus,119791,53.1640979213,8.2455884224,242220040,242220040,"c(8.2455884224, 53.1640979213)",1,1.304909586906433,16.650000000000034,-0.3499999999999659,3.613,1.304909586906433,16.650000000000034,-0.3499999999999659,3.613
Acer pseudoplatanus,119791,53.1316057426,8.2498141021,243308073,243308073,"c(8.2498141021, 53.1316057426)",1,1.274079442024231,16.850000000000023,-0.3499999999999659,3.384,1.274079442024231,16.850000000000023,-0.3499999999999659,3.384
Acer pseudoplatanus,119791,53.0939205004,8.2540964542,243369675,243369675,"c(8.2540964542, 53.0939205004)",1,1.257765769958496,16.850000000000023,-0.24999999999994316,4.266,1.257765769958496,16.850000000000023,-0.24999999999994316,4.266
Acer pseudoplatanus,119791,53.1265578624,8.221119477,243379593,243379593,"c(8.221119477, 53.1265578624)",1,1.273477554321289,16.750000000000057,-0.3499999999999659,3.265,1.273477554321289,16.750000000000057,-0.3499999999999659,3.265
Acer pseudoplatanus,119791,53.1273717646,8.2263313042,243383951,243383951,"c(8.2263313042, 53.1273717646)",1,1.274537444114685,16.850000000000023,-0.3499999999999659,3.267,1.274537444114685,16.850000000000023,-0.3499999999999659,3.267
Acer pseudoplatanus,119791,53.1204462494,8.215913376,243466933,243466933,"c(8.215913376, 53.1204462494)",1,1.2667630910873413,16.850000000000023,-0.24999999999994316,3.774,1.2667630910873413,16.850000000000023,-0.24999999999994316,3.774
Acer pseudoplatanus,119791,53.1386959302,8.1993153409,243739307,243739307,"c(8.1993153409, 53.1386959302)",1,1.2777043581008911,16.750000000000057,-0.3499999999999659,3.368,1.2777043581008911,16.750000000000057,-0.3499999999999659,3.368
Acer pseudoplatanus,119791,53.1376403495,8.2082750818,243748470,243748470,"c(8.2082750818, 53.1376403495)",1,1.2799071073532104,16.750000000000057,-0.3499999999999659,3.309,1.2799071073532104,16.750000000000057,-0.3499999999999659,3.309
Acer pseudoplatanus,119791,-43.5272221167,172.63692255,244567177,244567177,"c(172.63692255, -43.5272221167)",1,0.8229967355728149,16.450000000000045,3.150000000000034,2.326,0.8229967355728149,16.450000000000045,3.150000000000034,2.326
Acer pseudoplatanus,119791,53.141271,8.197553,244881454,244881454,"c(8.197553, 53.141271)",1,1.2777043581008911,16.750000000000057,-0.3499999999999659,3.368,1.2777043581008911,16.750000000000057,-0.3499999999999659,3.368
Acer pseudoplatanus,119791,54.5071472222,9.1889111111,273891365,273891365,"c(9.1889111111, 54.5071472222)",1,1.5235919952392578,15.950000000000045,-0.8499999999999659,5.1770000000000005,1.5235919952392578,15.950000000000045,-0.8499999999999659,5.1770000000000005
Acer pseudoplatanus,119791,50.582448,8.673184,275093091,275093091,"c(8.673184, 50.582448)",1,0.9684709310531616,17.850000000000023,-1.6499999999999773,2.246,0.9684709310531616,17.850000000000023,-1.6499999999999773,2.246
Acer pseudoplatanus,119791,52.1279111111,4.4653444444,277715331,277715331,"c(4.4653444444, 52.1279111111)",1,1.6052299737930298,16.650000000000034,1.5500000000000114,3.761,1.6052299737930298,16.650000000000034,1.5500000000000114,3.761
Acer pseudoplatanus,119791,52.158825,4.5303944444,278332240,278332240,"c(4.5303944444, 52.158825)",1,1.6288158893585205,16.650000000000034,1.5500000000000114,3.218,1.6288158893585205,16.650000000000034,1.5500000000000114,3.218
Acer pseudoplatanus,119791,52.1589361111,4.5305083333,278674087,278674087,"c(4.5305083333, 52.1589361111)",1,1.6288158893585205,16.650000000000034,1.5500000000000114,3.218,1.6288158893585205,16.650000000000034,1.5500000000000114,3.218
Acer pseudoplatanus,119791,52.1589555556,4.5305277778,278675447,278675447,"c(4.5305277778, 52.1589555556)",1,1.6288158893585205,16.650000000000034,1.5500000000000114,3.218,1.6288158893585205,16.650000000000034,1.5500000000000114,3.218
Acer pseudoplatanus,119791,52.1591416667,4.5306916667,278678051,278678051,"c(4.5306916667, 52.1591416667)",1,1.6288158893585205,16.650000000000034,1.5500000000000114,3.218,1.6288158893585205,16.650000000000034,1.5500000000000114,3.218
Acer pseudoplatanus,119791,52.379525,4.5885111111,279877274,279877274,"c(4.5885111111, 52.379525)",1,1.9721384048461914,16.450000000000045,2.0500000000000114,3.295,1.9721384048461914,16.450000000000045,2.0500000000000114,3.295
Acer pseudoplatanus,119791,52.3751972222,4.5871472222,279877277,279877277,"c(4.5871472222, 52.3751972222)",1,1.9721384048461914,16.450000000000045,2.0500000000000114,3.295,1.9721384048461914,16.450000000000045,2.0500000000000114,3.295
Acer pseudoplatanus,119791,52.3854166667,4.6087666667,279878672,279878672,"c(4.6087666667, 52.3854166667)",1,1.9354627132415771,16.55000000000001,2.150000000000034,3.281,1.9354627132415771,16.55000000000001,2.150000000000034,3.281
Acer pseudoplatanus,119791,52.3854305556,4.6087361111,279878674,279878674,"c(4.6087361111, 52.3854305556)",1,1.9354627132415771,16.55000000000001,2.150000000000034,3.281,1.9354627132415771,16.55000000000001,2.150000000000034,3.281
Acer pseudoplatanus,119791,52.3853638889,4.6088722222,279879923,279879923,"c(4.6088722222, 52.3853638889)",1,1.9354627132415771,16.55000000000001,2.150000000000034,3.281,1.9354627132415771,16.55000000000001,2.150000000000034,3.281
Acer pseudoplatanus,119791,51.2204805556,2.9223694444,280955939,280955939,"c(2.9223694444, 51.2204805556)",1,1.8116227388381958,16.950000000000045,3.0500000000000114,3.481,1.8116227388381958,16.950000000000045,3.0500000000000114,3.481
Acer pseudoplatanus,119791,51.2204805556,2.9228305556,280956582,280956582,"c(2.9228305556, 51.2204805556)",1,1.8116227388381958,16.950000000000045,3.0500000000000114,3.481,1.8116227388381958,16.950000000000045,3.0500000000000114,3.481
Acer pseudoplatanus,119791,51.1388138889,2.7159,281559079,281559079,"c(2.7159, 51.1388138889)",1,1.5412136316299438,16.850000000000023,2.750000000000057,4.057,1.5412136316299438,16.850000000000023,2.750000000000057,4.057
Acer pseudoplatanus,119791,51.1313138889,2.7004138889,282003244,282003244,"c(2.7004138889, 51.1313138889)",1,1.5147943496704102,16.850000000000023,2.650000000000034,4.216,1.5147943496704102,16.850000000000023,2.650000000000034,4.216
Acer pseudoplatanus,119791,51.5803861111,3.5624166667,282003826,282003826,"c(3.5624166667, 51.5803861111)",1,1.5677646398544312,16.950000000000045,2.3500000000000227,4.421,1.5677646398544312,16.950000000000045,2.3500000000000227,4.421
Acer pseudoplatanus,119791,51.5804555556,3.5623027778,282003829,282003829,"c(3.5623027778, 51.5804555556)",1,1.5677646398544312,16.950000000000045,2.3500000000000227,4.421,1.5677646398544312,16.950000000000045,2.3500000000000227,4.421
Acer pseudoplatanus,119791,51.6889222222,4.2147222222,282005655,282005655,"c(4.2147222222, 51.6889222222)",1,1.3044044971466064,17.150000000000034,1.0500000000000114,4.096,1.3044044971466064,17.150000000000034,1.0500000000000114,4.096
Acer pseudoplatanus,119791,52.1563638889,4.5228361111,282013189,282013189,"c(4.5228361111, 52.1563638889)",1,1.620045781135559,16.650000000000034,1.4500000000000455,3.202,1.620045781135559,16.650000000000034,1.4500000000000455,3.202
Acer pseudoplatanus,119791,51.969325,4.6209833333,282013201,282013201,"c(4.6209833333, 51.969325)",1,1.3613848686218262,16.950000000000045,0.7500000000000568,3.344,1.3613848686218262,16.950000000000045,0.7500000000000568,3.344
Acer pseudoplatanus,119791,53.8435277778,14.6174083333,282583090,282583090,"c(14.6174083333, 53.8435277778)",1,NA,17.150000000000034,-1.0499999999999545,4.604,NA,17.150000000000034,-1.0499999999999545,4.604
Acer pseudoplatanus,119791,56.1184888889,12.3444388889,282588149,282588149,"c(12.3444388889, 56.1184888889)",1,NA,16.350000000000023,-0.7499999999999432,5.7330000000000005,NA,16.350000000000023,-0.7499999999999432,5.7330000000000005
Acer pseudoplatanus,119791,51.0882833333,2.5938805556,282920270,282920270,"c(2.5938805556, 51.0882833333)",1,1.3664231300354004,16.950000000000045,2.3500000000000227,3.86,1.3664231300354004,16.950000000000045,2.3500000000000227,3.86
Acer pseudoplatanus,119791,51.0882944444,2.5938472222,282920271,282920271,"c(2.5938472222, 51.0882944444)",1,1.3664231300354004,16.950000000000045,2.3500000000000227,3.86,1.3664231300354004,16.950000000000045,2.3500000000000227,3.86
Acer pseudoplatanus,119791,51.0881388889,2.5941138889,282922340,282922340,"c(2.5941138889, 51.0881388889)",1,1.3664231300354004,16.950000000000045,2.3500000000000227,3.86,1.3664231300354004,16.950000000000045,2.3500000000000227,3.86
Acer pseudoplatanus,119791,51.0882388889,2.5940805556,282922342,282922342,"c(2.5940805556, 51.0882388889)",1,1.3664231300354004,16.950000000000045,2.3500000000000227,3.86,1.3664231300354004,16.950000000000045,2.3500000000000227,3.86
Acer pseudoplatanus,119791,51.0883416667,2.5937388889,282924837,282924837,"c(2.5937388889, 51.0883416667)",1,1.3664231300354004,16.950000000000045,2.3500000000000227,3.86,1.3664231300354004,16.950000000000045,2.3500000000000227,3.86
Acer pseudoplatanus,119791,51.0882611111,2.5936027778,282930911,282930911,"c(2.5936027778, 51.0882611111)",1,1.3664231300354004,16.950000000000045,2.3500000000000227,3.86,1.3664231300354004,16.950000000000045,2.3500000000000227,3.86
Acer pseudoplatanus,119791,51.0872722222,2.5912472222,284746558,284746558,"c(2.5912472222, 51.0872722222)",1,1.3638745546340942,16.950000000000045,2.3500000000000227,4.125,1.3638745546340942,16.950000000000045,2.3500000000000227,4.125
Acer pseudoplatanus,119791,51.5247611111,6.2897416667,284753447,284753447,"c(6.2897416667, 51.5247611111)",1,1.166486382484436,17.650000000000034,0.25000000000005684,4.375,1.166486382484436,17.650000000000034,0.25000000000005684,4.375
Acer pseudoplatanus,119791,51.1354611111,2.74175,287008066,287008066,"c(2.74175, 51.1354611111)",1,1.5422829389572144,16.850000000000023,2.750000000000057,3.73,1.5422829389572144,16.850000000000023,2.750000000000057,3.73
Acer pseudoplatanus,119791,49.2934833333,-0.089925,292362790,292362790,"c(-0.089925, 49.2934833333)",1,1.125826358795166,17.55000000000001,2.8500000000000227,4.748,1.125826358795166,17.55000000000001,2.8500000000000227,4.748
Acer pseudoplatanus,119791,49.6323138889,-1.6155138889,294538222,294538222,"c(-1.6155138889, 49.6323138889)",1,1.6895004510879517,16.350000000000023,4.550000000000011,4.311,1.6895004510879517,16.350000000000023,4.550000000000011,4.311
Acer pseudoplatanus,119791,49.6318055556,-1.6165111111,294549866,294549866,"c(-1.6165111111, 49.6318055556)",1,1.6895004510879517,16.350000000000023,4.550000000000011,4.311,1.6895004510879517,16.350000000000023,4.550000000000011,4.311
Acer pseudoplatanus,119791,49.6323138889,-1.6161861111,295337283,295337283,"c(-1.6161861111, 49.6323138889)",1,1.6895004510879517,16.350000000000023,4.550000000000011,4.311,1.6895004510879517,16.350000000000023,4.550000000000011,4.311
Acer pseudoplatanus,119791,53.1746981998,8.0486413975,299484917,299484917,"c(8.0486413975, 53.1746981998)",1,1.3124275207519531,16.650000000000034,-0.3499999999999659,5.022,1.3124275207519531,16.650000000000034,-0.3499999999999659,5.022
Acer pseudoplatanus,119791,49.4382694444,-2.3663611111,304172503,304172503,"c(-2.3663611111, 49.4382694444)",1,2.7348597049713135,15.750000000000057,6.250000000000057,6.402,2.7348597049713135,15.750000000000057,6.250000000000057,6.402
Acer pseudoplatanus,119791,49.4701861111,-2.4464472222,305463832,305463832,"c(-2.4464472222, 49.4701861111)",1,2.6138510704040527,15.950000000000045,6.650000000000034,6.167,2.6138510704040527,15.950000000000045,6.650000000000034,6.167
Acer pseudoplatanus,119791,49.4316305556,-2.5477777778,305721686,305721686,"c(-2.5477777778, 49.4316305556)",1,2.902796506881714,15.850000000000023,6.550000000000011,5.407,2.902796506881714,15.850000000000023,6.550000000000011,5.407
Acer pseudoplatanus,119791,49.4355194444,-2.5402388889,305723165,305723165,"c(-2.5402388889, 49.4355194444)",1,2.9050915241241455,15.850000000000023,6.550000000000011,5.194,2.9050915241241455,15.850000000000023,6.550000000000011,5.194
Acer pseudoplatanus,119791,51.964025,7.6109694444,310508241,310508241,"c(7.6109694444, 51.964025)",1,1.2086783647537231,17.450000000000045,-0.3499999999999659,3.282,1.2086783647537231,17.450000000000045,-0.3499999999999659,3.282
Acer pseudoplatanus,119791,51.8059138889,10.3226583333,311062163,311062163,"c(10.3226583333, 51.8059138889)",1,2.421539306640625,14.350000000000023,-4.0499999999999545,3.476,2.421539306640625,14.350000000000023,-4.0499999999999545,3.476
Acer pseudoplatanus,119791,51.8063055556,10.3224583333,311088584,311088584,"c(10.3224583333, 51.8063055556)",1,2.421539306640625,14.350000000000023,-4.0499999999999545,3.476,2.421539306640625,14.350000000000023,-4.0499999999999545,3.476
Acer pseudoplatanus,119791,47.6394277778,-3.4544555556,312660333,312660333,"c(-3.4544555556, 47.6394277778)",1,1.8703886270523071,17.05000000000001,6.250000000000057,4.97,1.8703886270523071,17.05000000000001,6.250000000000057,4.97
Acer pseudoplatanus,119791,51.3886083333,-1.69275,313522275,313522275,"c(-1.69275, 51.3886083333)",1,1.3538683652877808,15.550000000000011,1.150000000000034,4.307,1.3538683652877808,15.550000000000011,1.150000000000034,4.307
Acer pseudoplatanus,119791,53.9838611111,-8.2328555556,316864743,316864743,"c(-8.2328555556, 53.9838611111)",1,2.2559642791748047,14.550000000000011,2.4500000000000455,5.41,2.2559642791748047,14.550000000000011,2.4500000000000455,5.41
Acer pseudoplatanus,119791,43.3699,-1.7789777778,320623797,320623797,"c(-1.7789777778, 43.3699)",1,2.6506524085998535,19.850000000000023,6.750000000000057,3.371,2.6506524085998535,19.850000000000023,6.750000000000057,3.371
Acer pseudoplatanus,119791,40.6939870248,-73.9083879933,351805030,351805030,"c(-73.9083879933, 40.6939870248)",1,1.4745519161224365,23.150000000000034,-3.5499999999999545,2.717,1.4745519161224365,23.150000000000034,-3.5499999999999545,2.717
Acer pseudoplatanus,119791,51.4937983155,-0.17972115860000001,356142902,356142902,"c(-0.1797211586, 51.4937983155)",1,0.9586196541786194,16.750000000000057,1.8500000000000227,2.703,0.9586196541786194,16.750000000000057,1.8500000000000227,2.703
Acer pseudoplatanus,119791,53.245244,8.20195,363310721,363310721,"c(8.20195, 53.245244)",1,1.3423001766204834,16.55000000000001,-0.44999999999998863,3.779,1.3423001766204834,16.55000000000001,-0.44999999999998863,3.779
Fraxinus excelsior,125440,47.4503983355,12.3873908587,142221001,142221001,"c(12.3873908587, 47.4503983355)",1,1.7366622686386108,16.55000000000001,-7.349999999999966,1.2690000000000001,1.7366622686386108,16.55000000000001,-7.349999999999966,1.2690000000000001
Fraxinus excelsior,125440,60.4021160623,5.3249704109,142551339,142551339,"c(5.3249704109, 60.4021160623)",1,5.817148208618164,14.050000000000011,-2.349999999999966,2.884,5.817148208618164,14.050000000000011,-2.349999999999966,2.884
Fraxinus excelsior,125440,46.3168370513,8.8123034223,143341162,143341162,"c(8.8123034223, 46.3168370513)",1,2.557344913482666,14.850000000000023,-8.749999999999943,2.262,2.557344913482666,14.850000000000023,-8.749999999999943,2.262
Fraxinus excelsior,125440,53.1124547495,8.2159188669,167876907,167876907,"c(8.2159188669, 53.1124547495)",1,1.263667345046997,16.850000000000023,-0.24999999999994316,3.501,1.263667345046997,16.850000000000023,-0.24999999999994316,3.501
Fraxinus excelsior,125440,53.2107023355,8.4460173547,169148821,169148821,"c(8.4460173547, 53.2107023355)",1,1.2705198526382446,16.750000000000057,-0.3499999999999659,5.237,1.2705198526382446,16.750000000000057,-0.3499999999999659,5.237
Fraxinus excelsior,125440,53.2276079722,8.4568849722,169177427,169177427,"c(8.4568849722, 53.2276079722)",1,1.2764822244644165,16.750000000000057,-0.3499999999999659,4.809,1.2764822244644165,16.750000000000057,-0.3499999999999659,4.809
Fraxinus excelsior,125440,53.557987,8.106275,171714787,171714787,"c(8.106275, 53.557987)",1,1.4671989679336548,16.450000000000045,0.05000000000001137,4.087,1.4671989679336548,16.450000000000045,0.05000000000001137,4.087
Fraxinus excelsior,125440,53.555179,8.104924,171714866,171714866,"c(8.104924, 53.555179)",1,1.4671989679336548,16.450000000000045,0.05000000000001137,4.087,1.4671989679336548,16.450000000000045,0.05000000000001137,4.087
Fraxinus excelsior,125440,53.5927879772,8.0452074856,171756313,171756313,"c(8.0452074856, 53.5927879772)",1,1.5648294687271118,16.450000000000045,0.35000000000002274,5.19,1.5648294687271118,16.450000000000045,0.35000000000002274,5.19
Fraxinus excelsior,125440,53.5526172528,8.0873476714,171763649,171763649,"c(8.0873476714, 53.5526172528)",1,1.4592896699905396,16.450000000000045,0.05000000000001137,3.813,1.4592896699905396,16.450000000000045,0.05000000000001137,3.813
Fraxinus excelsior,125440,47.6633759375,11.1311137676,176265991,176265991,"c(11.1311137676, 47.6633759375)",1,1.7195351123809814,16.950000000000045,-7.349999999999966,1.631,1.7195351123809814,16.950000000000045,-7.349999999999966,1.631
Fraxinus excelsior,125440,47.6668549722,11.1361209722,176269661,176269661,"c(11.1361209722, 47.6668549722)",1,1.7566263675689697,16.650000000000034,-7.5499999999999545,1.768,1.7566263675689697,16.650000000000034,-7.5499999999999545,1.768
Fraxinus excelsior,125440,47.7133369984,11.1548063904,176311481,176311481,"c(11.1548063904, 47.7133369984)",1,1.7320168018341064,16.850000000000023,-7.149999999999977,2.587,1.7320168018341064,16.850000000000023,-7.149999999999977,2.587
Fraxinus excelsior,125440,47.4703525803,11.1187906936,177386396,177386396,"c(11.1187906936, 47.4703525803)",1,1.6504383087158203,15.550000000000011,-8.749999999999943,1.685,1.6504383087158203,15.550000000000011,-8.749999999999943,1.685
Fraxinus excelsior,125440,48.3157339722,2.6946349722,181746124,181746124,"c(2.6946349722, 48.3157339722)",1,0.8580218553543091,19.05000000000001,1.0500000000000114,2.958,0.8580218553543091,19.05000000000001,1.0500000000000114,2.958
Fraxinus excelsior,125440,48.31567005,2.69454325,181747314,181747314,"c(2.69454325, 48.31567005)",1,0.8580218553543091,19.05000000000001,1.0500000000000114,2.958,0.8580218553543091,19.05000000000001,1.0500000000000114,2.958
Fraxinus excelsior,125440,48.3154639722,2.6946099722,181747980,181747980,"c(2.6946099722, 48.3154639722)",1,0.8580218553543091,19.05000000000001,1.0500000000000114,2.958,0.8580218553543091,19.05000000000001,1.0500000000000114,2.958
Fraxinus excelsior,125440,48.315395,2.694671,181748533,181748533,"c(2.694671, 48.315395)",1,0.8580218553543091,19.05000000000001,1.0500000000000114,2.958,0.8580218553543091,19.05000000000001,1.0500000000000114,2.958
Fraxinus excelsior,125440,48.320281,2.6871079722,181749070,181749070,"c(2.6871079722, 48.320281)",1,0.8750144839286804,18.950000000000045,1.0500000000000114,3.23,0.8750144839286804,18.950000000000045,1.0500000000000114,3.23
Fraxinus excelsior,125440,48.315102,2.6958429722,181749567,181749567,"c(2.6958429722, 48.315102)",1,0.8580218553543091,19.05000000000001,1.0500000000000114,2.958,0.8580218553543091,19.05000000000001,1.0500000000000114,2.958
Fraxinus excelsior,125440,48.315102,2.6958429722,181750173,181750173,"c(2.6958429722, 48.315102)",1,0.8580218553543091,19.05000000000001,1.0500000000000114,2.958,0.8580218553543091,19.05000000000001,1.0500000000000114,2.958
Fraxinus excelsior,125440,48.320281,2.6871079722,181750322,181750322,"c(2.6871079722, 48.320281)",1,0.8750144839286804,18.950000000000045,1.0500000000000114,3.23,0.8750144839286804,18.950000000000045,1.0500000000000114,3.23
Fraxinus excelsior,125440,48.3152189722,2.696276,181750641,181750641,"c(2.696276, 48.3152189722)",1,0.8580218553543091,19.05000000000001,1.0500000000000114,2.958,0.8580218553543091,19.05000000000001,1.0500000000000114,2.958
Fraxinus excelsior,125440,48.3160189722,2.6960899722,181751520,181751520,"c(2.6960899722, 48.3160189722)",1,0.8580218553543091,19.05000000000001,1.0500000000000114,2.958,0.8580218553543091,19.05000000000001,1.0500000000000114,2.958
Fraxinus excelsior,125440,48.3151179722,2.695462,181751884,181751884,"c(2.695462, 48.3151179722)",1,0.8580218553543091,19.05000000000001,1.0500000000000114,2.958,0.8580218553543091,19.05000000000001,1.0500000000000114,2.958
Fraxinus excelsior,125440,48.3174089722,2.6899649722,181752942,181752942,"c(2.6899649722, 48.3174089722)",1,0.8750144839286804,18.950000000000045,1.0500000000000114,3.23,0.8750144839286804,18.950000000000045,1.0500000000000114,3.23
Fraxinus excelsior,125440,48.315102,2.6958429722,182034068,182034068,"c(2.6958429722, 48.315102)",1,0.8580218553543091,19.05000000000001,1.0500000000000114,2.958,0.8580218553543091,19.05000000000001,1.0500000000000114,2.958
Fraxinus excelsior,125440,48.31567005,2.69454325,182036432,182036432,"c(2.69454325, 48.31567005)",1,0.8580218553543091,19.05000000000001,1.0500000000000114,2.958,0.8580218553543091,19.05000000000001,1.0500000000000114,2.958
Fraxinus excelsior,125440,46.307782,-0.6025549722,182313572,182313572,"c(-0.6025549722, 46.307782)",1,0.997538149356842,19.650000000000034,2.8500000000000227,3.415,0.997538149356842,19.650000000000034,2.8500000000000227,3.415
Fraxinus excelsior,125440,47.391086,0.838441,184134144,184134144,"c(0.838441, 47.391086)",1,0.8307899236679077,19.250000000000057,1.7500000000000568,3.46,0.8307899236679077,19.250000000000057,1.7500000000000568,3.46
Fraxinus excelsior,125440,50.583584,8.677875,191708238,191708238,"c(8.677875, 50.583584)",1,0.9703365564346313,17.850000000000023,-1.6499999999999773,2.273,0.9703365564346313,17.850000000000023,-1.6499999999999773,2.273
Fraxinus excelsior,125440,53.5009833333,8.0137638889,214601743,214601743,"c(8.0137638889, 53.5009833333)",1,1.3782150745391846,16.450000000000045,-0.14999999999997726,4.102,1.3782150745391846,16.450000000000045,-0.14999999999997726,4.102
Fraxinus excelsior,125440,51.8320584,10.7981704997,216087487,216087487,"c(10.7981704997, 51.8320584)",1,1.1791582107543945,16.150000000000034,-3.249999999999943,2.966,1.1791582107543945,16.150000000000034,-3.249999999999943,2.966
Fraxinus excelsior,125440,53.1895111111,8.4295305556,217026178,217026178,"c(8.4295305556, 53.1895111111)",1,1.2606827020645142,16.750000000000057,-0.3499999999999659,5.266,1.2606827020645142,16.750000000000057,-0.3499999999999659,5.266
Fraxinus excelsior,125440,53.1959722222,8.5095611111,217040991,217040991,"c(8.5095611111, 53.1959722222)",1,1.2531360387802124,16.750000000000057,-0.3499999999999659,5.333,1.2531360387802124,16.750000000000057,-0.3499999999999659,5.333
Fraxinus excelsior,125440,53.1140083333,8.4548555556,217041359,217041359,"c(8.4548555556, 53.1140083333)",1,1.2394219636917114,16.850000000000023,-0.3499999999999659,4.199,1.2394219636917114,16.850000000000023,-0.3499999999999659,4.199
Fraxinus excelsior,125440,53.284908,7.896805,219756676,219756676,"c(7.896805, 53.284908)",1,1.3526206016540527,16.55000000000001,-0.3499999999999659,5.001,1.3526206016540527,16.55000000000001,-0.3499999999999659,5.001
Fraxinus excelsior,125440,53.1363569997,8.19716,220433203,220433203,"c(8.19716, 53.1363569997)",1,1.2777043581008911,16.750000000000057,-0.3499999999999659,3.368,1.2777043581008911,16.750000000000057,-0.3499999999999659,3.368
Fraxinus excelsior,125440,53.1400417997,8.199104,224159276,224159276,"c(8.199104, 53.1400417997)",1,1.2777043581008911,16.750000000000057,-0.3499999999999659,3.368,1.2777043581008911,16.750000000000057,-0.3499999999999659,3.368
Fraxinus excelsior,125440,53.6209348,10.0616372997,224851137,224851137,"c(10.0616372997, 53.6209348)",1,1.3050546646118164,16.850000000000023,-1.0499999999999545,2.6750000000000003,1.3050546646118164,16.850000000000023,-1.0499999999999545,2.6750000000000003
Fraxinus excelsior,125440,53.136387,8.197354,228799784,228799784,"c(8.197354, 53.136387)",1,1.2777043581008911,16.750000000000057,-0.3499999999999659,3.368,1.2777043581008911,16.750000000000057,-0.3499999999999659,3.368
Fraxinus excelsior,125440,53.6301277778,8.8297277778,240556612,240556612,"c(8.8297277778, 53.6301277778)",1,1.5842331647872925,16.55000000000001,-0.049999999999954525,4.874,1.5842331647872925,16.55000000000001,-0.049999999999954525,4.874
Fraxinus excelsior,125440,53.131429681,8.2140602819,243472124,243472124,"c(8.2140602819, 53.131429681)",1,1.2733567953109741,16.750000000000057,-0.24999999999994316,3.6670000000000003,1.2733567953109741,16.750000000000057,-0.24999999999994316,3.6670000000000003
Fraxinus excelsior,125440,53.1314125644,8.2140559923,243473872,243473872,"c(8.2140559923, 53.1314125644)",1,1.2733567953109741,16.750000000000057,-0.24999999999994316,3.6670000000000003,1.2733567953109741,16.750000000000057,-0.24999999999994316,3.6670000000000003
Fraxinus excelsior,125440,50.582464,8.67321,274207385,274207385,"c(8.67321, 50.582464)",1,0.9684709310531616,17.850000000000023,-1.6499999999999773,2.246,0.9684709310531616,17.850000000000023,-1.6499999999999773,2.246
Fraxinus excelsior,125440,50.583647,8.676683,276762989,276762989,"c(8.676683, 50.583647)",1,0.9703365564346313,17.850000000000023,-1.6499999999999773,2.273,0.9703365564346313,17.850000000000023,-1.6499999999999773,2.273
Fraxinus excelsior,125440,-43.5673595667,172.6287604667,277662798,277662798,"c(172.6287604667, -43.5673595667)",1,0.8606035113334656,16.350000000000023,2.750000000000057,2.727,0.8606035113334656,16.350000000000023,2.750000000000057,2.727
Fraxinus excelsior,125440,52.1276583333,4.4652444444,277672992,277672992,"c(4.4652444444, 52.1276583333)",1,1.6052299737930298,16.650000000000034,1.5500000000000114,3.761,1.6052299737930298,16.650000000000034,1.5500000000000114,3.761
Fraxinus excelsior,125440,51.2214888889,2.9302111111,282003248,282003248,"c(2.9302111111, 51.2214888889)",1,1.7980749607086182,16.950000000000045,3.0500000000000114,3.431,1.7980749607086182,16.950000000000045,3.0500000000000114,3.431
Fraxinus excelsior,125440,55.232125,14.720975,282584749,282584749,"c(14.720975, 55.232125)",1,2.0398852825164795,15.950000000000045,0.4500000000000455,5.117,2.0398852825164795,15.950000000000045,0.4500000000000455,5.117
Fraxinus excelsior,125440,55.2321333333,14.7209722222,282584750,282584750,"c(14.7209722222, 55.2321333333)",1,2.0398852825164795,15.950000000000045,0.4500000000000455,5.117,2.0398852825164795,15.950000000000045,0.4500000000000455,5.117
Fraxinus excelsior,125440,51.0883,2.59385,282920274,282920274,"c(2.59385, 51.0883)",1,1.3664231300354004,16.950000000000045,2.3500000000000227,3.86,1.3664231300354004,16.950000000000045,2.3500000000000227,3.86
Fraxinus excelsior,125440,51.0881388889,2.5939138889,282924831,282924831,"c(2.5939138889, 51.0881388889)",1,1.3664231300354004,16.950000000000045,2.3500000000000227,3.86,1.3664231300354004,16.950000000000045,2.3500000000000227,3.86
Fraxinus excelsior,125440,50.1775166667,1.6458722222,291867667,291867667,"c(1.6458722222, 50.1775166667)",1,1.2876300811767578,17.05000000000001,2.3500000000000227,4.1770000000000005,1.2876300811767578,17.05000000000001,2.3500000000000227,4.1770000000000005
Fraxinus excelsior,125440,49.4231861111,0.2210416667,292021393,292021393,"c(0.2210416667, 49.4231861111)",1,1.3465616703033447,16.750000000000057,2.650000000000034,5.263,1.3465616703033447,16.750000000000057,2.650000000000034,5.263
Fraxinus excelsior,125440,53.141921,8.210241,292288050,292288050,"c(8.210241, 53.141921)",1,1.2880525588989258,16.750000000000057,-0.3499999999999659,3.192,1.2880525588989258,16.750000000000057,-0.3499999999999659,3.192
Fraxinus excelsior,125440,48.6368333333,-2.8387444444,305956127,305956127,"c(-2.8387444444, 48.6368333333)",1,1.459072470664978,16.650000000000034,4.9500000000000455,3.996,1.459072470664978,16.650000000000034,4.9500000000000455,3.996
Fraxinus excelsior,125440,48.6367944444,-2.8388388889,305956133,305956133,"c(-2.8388388889, 48.6367944444)",1,1.459072470664978,16.650000000000034,4.9500000000000455,3.996,1.459072470664978,16.650000000000034,4.9500000000000455,3.996
Fraxinus excelsior,125440,42.6350361111,-0.0133611111,306776990,306776990,"c(-0.0133611111, 42.6350361111)",1,2.0641698837280273,12.950000000000045,-7.349999999999966,5.955,2.0641698837280273,12.950000000000045,-7.349999999999966,5.955
Fraxinus excelsior,125440,42.6496833333,-0.0580694444,306795340,306795340,"c(-0.0580694444, 42.6496833333)",1,1.7288131713867188,15.850000000000023,-4.349999999999966,4.377,1.7288131713867188,15.850000000000023,-4.349999999999966,4.377
Fraxinus excelsior,125440,42.7886055556,0.2379638889,307456292,307456292,"c(0.2379638889, 42.7886055556)",1,1.3690603971481323,17.05000000000001,-2.6499999999999773,4.788,1.3690603971481323,17.05000000000001,-2.6499999999999773,4.788
Fraxinus excelsior,125440,42.635075,-0.0137027778,308166168,308166168,"c(-0.0137027778, 42.635075)",1,2.0641698837280273,12.950000000000045,-7.349999999999966,5.955,2.0641698837280273,12.950000000000045,-7.349999999999966,5.955
Fraxinus excelsior,125440,50.589629,8.681341,311533030,311533030,"c(8.681341, 50.589629)",1,0.9703365564346313,17.850000000000023,-1.6499999999999773,2.273,0.9703365564346313,17.850000000000023,-1.6499999999999773,2.273
Fraxinus excelsior,125440,46.2063222222,-1.3636,312843704,312843704,"c(-1.3636, 46.2063222222)",1,1.2942023277282715,18.850000000000023,5.4500000000000455,4.773,1.2942023277282715,18.850000000000023,5.4500000000000455,4.773
Fraxinus excelsior,125440,46.1616888889,-1.1225277778,312931244,312931244,"c(-1.1225277778, 46.1616888889)",1,1.0489511489868164,19.450000000000045,4.050000000000011,3.118,1.0489511489868164,19.450000000000045,4.050000000000011,3.118
Fraxinus excelsior,125440,51.3867666667,-1.6811555556,313536305,313536305,"c(-1.6811555556, 51.3867666667)",1,1.3455902338027954,15.550000000000011,1.150000000000034,3.443,1.3455902338027954,15.550000000000011,1.150000000000034,3.443
Fraxinus excelsior,125440,54.7160027778,-6.223975,313879640,313879640,"c(-6.223975, 54.7160027778)",1,1.9512434005737305,14.850000000000023,2.5500000000000114,4.457,1.9512434005737305,14.850000000000023,2.5500000000000114,4.457
Fraxinus excelsior,125440,51.3691083333,-0.0439055556,314480919,314480919,"c(-0.0439055556, 51.3691083333)",1,1.027845859527588,16.350000000000023,1.4500000000000455,3.48,1.027845859527588,16.350000000000023,1.4500000000000455,3.48
Fraxinus excelsior,125440,43.3590083333,-1.7715861111,320615073,320615073,"c(-1.7715861111, 43.3590083333)",1,2.6076366901397705,19.850000000000023,6.550000000000011,3.2880000000000003,2.6076366901397705,19.850000000000023,6.550000000000011,3.2880000000000003
Fraxinus excelsior,125440,43.3583277778,-1.8057527778,324904145,324904145,"c(-1.8057527778, 43.3583277778)",1,2.8089311122894287,19.750000000000057,6.650000000000034,3.346,2.8089311122894287,19.750000000000057,6.650000000000034,3.346
Fraxinus excelsior,125440,43.3581083333,-1.8083472222,324904692,324904692,"c(-1.8083472222, 43.3581083333)",1,2.8001866340637207,19.750000000000057,6.550000000000011,3.259,2.8001866340637207,19.750000000000057,6.550000000000011,3.259
Fraxinus excelsior,125440,50.041843215,8.1779014947,325346622,325346622,"c(8.1779014947, 50.041843215)",1,0.8352378606796265,18.950000000000045,-1.349999999999966,2.721,0.8352378606796265,18.950000000000045,-1.349999999999966,2.721
Fraxinus excelsior,125440,50.1187945114,8.7767654969,326814350,326814350,"c(8.7767654969, 50.1187945114)",1,0.914319634437561,18.950000000000045,-1.2499999999999432,2.355,0.914319634437561,18.950000000000045,-1.2499999999999432,2.355
Fraxinus excelsior,125440,50.1187598742,8.7769045348,326927287,326927287,"c(8.7769045348, 50.1187598742)",1,0.914319634437561,18.950000000000045,-1.2499999999999432,2.355,0.914319634437561,18.950000000000045,-1.2499999999999432,2.355
Fraxinus excelsior,125440,51.4468381354,-0.1687666029,328886067,328886067,"c(-0.1687666029, 51.4468381354)",1,0.9700859189033508,16.650000000000034,1.7500000000000568,2.895,0.9700859189033508,16.650000000000034,1.7500000000000568,2.895
Galium aparine,53059,-36.9030925577,174.8272721988,129806148,129806148,"c(174.8272721988, -36.9030925577)",1,1.7503036260604858,19.450000000000045,9.350000000000023,2.791,1.7503036260604858,19.450000000000045,9.350000000000023,2.791
Galium aparine,53059,53.155425,8.1404416667,145583373,145583373,"c(8.1404416667, 53.155425)",1,1.2984670400619507,16.750000000000057,-0.3499999999999659,4.649,1.2984670400619507,16.750000000000057,-0.3499999999999659,4.649
Galium aparine,53059,50.0429857851,8.2354271519,148263359,148263359,"c(8.2354271519, 50.0429857851)",1,0.7884770631790161,18.950000000000045,-1.349999999999966,2.0380000000000003,0.7884770631790161,18.950000000000045,-1.349999999999966,2.0380000000000003
Galium aparine,53059,50.0312461086,8.1374636039,151431700,151431700,"c(8.1374636039, 50.0312461086)",1,0.8044911026954651,18.950000000000045,-1.349999999999966,3.192,0.8044911026954651,18.950000000000045,-1.349999999999966,3.192
Galium aparine,53059,50.1292768409,8.7279545449,157208322,157208322,"c(8.7279545449, 50.1292768409)",1,0.9618909358978271,18.850000000000023,-1.2499999999999432,2.271,0.9618909358978271,18.850000000000023,-1.2499999999999432,2.271
Galium aparine,53059,53.1484189722,8.154137,165922958,165922958,"c(8.154137, 53.1484189722)",1,1.2886947393417358,16.750000000000057,-0.3499999999999659,3.843,1.2886947393417358,16.750000000000057,-0.3499999999999659,3.843
Galium aparine,53059,48.176662605,16.3113921228,197169299,197169299,"c(16.3113921228, 48.176662605)",1,0.7934500575065613,19.850000000000023,-3.749999999999943,2.609,0.7934500575065613,19.850000000000023,-3.749999999999943,2.609
Galium aparine,53059,44.5520029722,-123.313027,199711463,199711463,"c(-123.313027, 44.5520029722)",1,1.640865445137024,18.350000000000023,1.4500000000000455,2.849,1.640865445137024,18.350000000000023,1.4500000000000455,2.849
Galium aparine,53059,52.8939039722,18.808886,202079984,202079984,"c(18.808886, 52.8939039722)",1,0.7318007946014404,17.950000000000045,-3.749999999999943,4.122,0.7318007946014404,17.950000000000045,-3.749999999999943,4.122
Galium aparine,53059,51.4060694444,-0.2352083333,202671925,202671925,"c(-0.2352083333, 51.4060694444)",1,0.9934623837471008,16.750000000000057,1.8500000000000227,2.8120000000000003,0.9934623837471008,16.750000000000057,1.8500000000000227,2.8120000000000003
Galium aparine,53059,45.2097669722,-123.4875409722,209956455,209956455,"c(-123.4875409722, 45.2097669722)",1,2.7122700214385986,16.350000000000023,0.8500000000000227,1.8900000000000001,2.7122700214385986,16.350000000000023,0.8500000000000227,1.8900000000000001
Galium aparine,53059,53.157165,8.14591,210795842,210795842,"c(8.14591, 53.157165)",1,1.2942602634429932,16.750000000000057,-0.3499999999999659,4.956,1.2942602634429932,16.750000000000057,-0.3499999999999659,4.956
Galium aparine,53059,53.157464,8.143734,210872619,210872619,"c(8.143734, 53.157464)",1,1.2942602634429932,16.750000000000057,-0.3499999999999659,4.956,1.2942602634429932,16.750000000000057,-0.3499999999999659,4.956
Galium aparine,53059,51.3815083333,-0.3159944444,256529718,256529718,"c(-0.3159944444, 51.3815083333)",1,1.0002135038375854,16.650000000000034,1.7500000000000568,3.35,1.0002135038375854,16.650000000000034,1.7500000000000568,3.35
Galium aparine,53059,53.1677207756,8.1775280205,263442156,263442156,"c(8.1775280205, 53.1677207756)",1,1.3015400171279907,16.650000000000034,-0.3499999999999659,4.131,1.3015400171279907,16.650000000000034,-0.3499999999999659,4.131
Galium aparine,53059,52.1277861111,4.4652722222,277711078,277711078,"c(4.4652722222, 52.1277861111)",1,1.6052299737930298,16.650000000000034,1.5500000000000114,3.761,1.6052299737930298,16.650000000000034,1.5500000000000114,3.761
Galium aparine,53059,52.1269861111,4.4644527778,278310204,278310204,"c(4.4644527778, 52.1269861111)",1,1.6052299737930298,16.650000000000034,1.5500000000000114,3.761,1.6052299737930298,16.650000000000034,1.5500000000000114,3.761
Galium aparine,53059,52.1265111111,4.4637972222,278314843,278314843,"c(4.4637972222, 52.1265111111)",1,1.6052299737930298,16.650000000000034,1.5500000000000114,3.761,1.6052299737930298,16.650000000000034,1.5500000000000114,3.761
Galium aparine,53059,52.1264444444,4.4637361111,278318320,278318320,"c(4.4637361111, 52.1264444444)",1,1.6052299737930298,16.650000000000034,1.5500000000000114,3.761,1.6052299737930298,16.650000000000034,1.5500000000000114,3.761
Galium aparine,53059,52.1590388889,4.5305777778,278675458,278675458,"c(4.5305777778, 52.1590388889)",1,1.6288158893585205,16.650000000000034,1.5500000000000114,3.218,1.6288158893585205,16.650000000000034,1.5500000000000114,3.218
Galium aparine,53059,52.3854416667,4.60855,282006316,282006316,"c(4.60855, 52.3854416667)",1,1.9354627132415771,16.55000000000001,2.150000000000034,3.281,1.9354627132415771,16.55000000000001,2.150000000000034,3.281
Galium aparine,53059,52.1563411356,4.3570838112,282011719,282011719,"c(4.3570838112, 52.1563411356)",1,1.817342758178711,16.650000000000034,1.9500000000000455,4.613,1.817342758178711,16.650000000000034,1.9500000000000455,4.613
Galium aparine,53059,51.1427277778,2.7806666667,284749114,284749114,"c(2.7806666667, 51.1427277778)",1,1.570520043373108,16.950000000000045,2.750000000000057,4.624,1.570520043373108,16.950000000000045,2.750000000000057,4.624
Galium aparine,53059,43.3620638889,-1.7919972222,320619699,320619699,"c(-1.7919972222, 43.3620638889)",1,2.736363410949707,19.850000000000023,6.650000000000034,2.9130000000000003,2.736363410949707,19.850000000000023,6.650000000000034,2.9130000000000003
Galium aparine,53059,-36.8833866588,174.7746417671,321984594,321984594,"c(174.7746417671, -36.8833866588)",1,1.8326258659362793,19.150000000000034,9.250000000000057,3.027,1.8326258659362793,19.150000000000034,9.250000000000057,3.027
Galium aparine,53059,-36.8833866588,174.7746417671,322905268,322905268,"c(174.7746417671, -36.8833866588)",1,1.8326258659362793,19.150000000000034,9.250000000000057,3.027,1.8326258659362793,19.150000000000034,9.250000000000057,3.027
Galium aparine,53059,48.4968866667,-123.33345,346277910,346277910,"c(-123.33345, 48.4968866667)",1,NA,14.850000000000023,4.350000000000023,2.982,NA,14.850000000000023,4.350000000000023,2.982
Galium aparine,53059,51.5745638889,-0.4818166667,348182789,348182789,"c(-0.4818166667, 51.5745638889)",1,0.9788654446601868,16.55000000000001,1.7500000000000568,3.516,0.9788654446601868,16.55000000000001,1.7500000000000568,3.516
Galium aparine,53059,50.8129277778,3.5729777778,352001491,352001491,"c(3.5729777778, 50.8129277778)",1,1.168046236038208,17.350000000000023,0.9500000000000455,4.335,1.168046236038208,17.350000000000023,0.9500000000000455,4.335
Galium aparine,53059,51.5601861111,6.3440361111,358616678,358616678,"c(6.3440361111, 51.5601861111)",1,1.1604255437850952,17.650000000000034,0.25000000000005684,4.679,1.1604255437850952,17.650000000000034,0.25000000000005684,4.679
Geranium robertianum,55925,48.7315200634,-122.4558500332,111616008,111616008,"c(-122.4558500332, 48.7315200634)",1,1.9862115383148193,15.750000000000057,1.5500000000000114,2.681,1.9862115383148193,15.750000000000057,1.5500000000000114,2.681
Geranium robertianum,55925,41.0613379722,33.7311199722,129386942,129386942,"c(33.7311199722, 41.0613379722)",1,1.2377865314483643,13.450000000000045,-11.449999999999989,2.873,1.2377865314483643,13.450000000000045,-11.449999999999989,2.873
Geranium robertianum,55925,41.0611749722,33.731301,129387067,129387067,"c(33.731301, 41.0611749722)",1,1.2377865314483643,13.450000000000045,-11.449999999999989,2.873,1.2377865314483643,13.450000000000045,-11.449999999999989,2.873
Geranium robertianum,55925,41.0614369722,33.7309219722,129387148,129387148,"c(33.7309219722, 41.0614369722)",1,1.2377865314483643,13.450000000000045,-11.449999999999989,2.873,1.2377865314483643,13.450000000000045,-11.449999999999989,2.873
Geranium robertianum,55925,-36.9030840555,174.8272677373,131044423,131044423,"c(174.8272677373, -36.9030840555)",1,1.7503036260604858,19.450000000000045,9.350000000000023,2.791,1.7503036260604858,19.450000000000045,9.350000000000023,2.791
Geranium robertianum,55925,53.5810514692,10.9593233568,141911087,141911087,"c(10.9593233568, 53.5810514692)",1,1.1037864685058594,16.750000000000057,-1.4499999999999886,4.839,1.1037864685058594,16.750000000000057,-1.4499999999999886,4.839
Geranium robertianum,55925,47.7722129,13.3578462,141919535,141919535,"c(13.3578462, 47.7722129)",1,2.0012848377227783,16.850000000000023,-7.0499999999999545,2.185,2.0012848377227783,16.850000000000023,-7.0499999999999545,2.185
Geranium robertianum,55925,58.1055806612,6.9956323104000004,142552800,142552800,"c(6.9956323104, 58.1055806612)",1,4.812641620635986,13.850000000000023,-0.8499999999999659,4.099,4.812641620635986,13.850000000000023,-0.8499999999999659,4.099
Geranium robertianum,55925,45.7873390838,10.6109464903,143571066,143571066,"c(10.6109464903, 45.7873390838)",1,2.0887269973754883,16.05000000000001,-6.349999999999966,2.325,2.0887269973754883,16.05000000000001,-6.349999999999966,2.325
Geranium robertianum,55925,51.7104902238,10.4777853764,146816965,146816965,"c(10.4777853764, 51.7104902238)",1,2.284736156463623,14.750000000000057,-4.149999999999977,2.748,2.284736156463623,14.750000000000057,-4.149999999999977,2.748
Geranium robertianum,55925,51.6038233856,10.7954609472,146817104,146817104,"c(10.7954609472, 51.6038233856)",1,1.3249348402023315,15.550000000000011,-3.849999999999966,3.466,1.3249348402023315,15.550000000000011,-3.849999999999966,3.466
Geranium robertianum,55925,51.7993186321,9.6427951287,153950137,153950137,"c(9.6427951287, 51.7993186321)",1,1.437892198562622,16.05000000000001,-2.249999999999943,2.317,1.437892198562622,16.05000000000001,-2.249999999999943,2.317
Geranium robertianum,55925,53.141874,8.0237899722,156049772,156049772,"c(8.0237899722, 53.141874)",1,1.304643154144287,16.750000000000057,-0.3499999999999659,4.817,1.304643154144287,16.750000000000057,-0.3499999999999659,4.817
Geranium robertianum,55925,51.6289164,10.40835,160540663,160540663,"c(10.40835, 51.6289164)",1,1.8560001850128174,15.850000000000023,-3.5499999999999545,3.208,1.8560001850128174,15.850000000000023,-3.5499999999999545,3.208
Geranium robertianum,55925,51.380425,-0.2459083333,163518512,163518512,"c(-0.2459083333, 51.380425)",1,0.9905174374580383,16.750000000000057,1.7500000000000568,2.734,0.9905174374580383,16.750000000000057,1.7500000000000568,2.734
Geranium robertianum,55925,53.2945009722,9.863269,173193403,173193403,"c(9.863269, 53.2945009722)",1,1.2982075214385986,16.850000000000023,-1.1499999999999773,2.871,1.2982075214385986,16.850000000000023,-1.1499999999999773,2.871
Geranium robertianum,55925,53.2947059722,9.8631879722,173194360,173194360,"c(9.8631879722, 53.2947059722)",1,1.2982075214385986,16.850000000000023,-1.1499999999999773,2.871,1.2982075214385986,16.850000000000023,-1.1499999999999773,2.871
Geranium robertianum,55925,47.6633759375,11.1311137676,176265648,176265648,"c(11.1311137676, 47.6633759375)",1,1.7195351123809814,16.950000000000045,-7.349999999999966,1.631,1.7195351123809814,16.950000000000045,-7.349999999999966,1.631
Geranium robertianum,55925,47.4693152519,11.1194096133,177706457,177706457,"c(11.1194096133, 47.4693152519)",1,1.6504383087158203,15.550000000000011,-8.749999999999943,1.685,1.6504383087158203,15.550000000000011,-8.749999999999943,1.685
Geranium robertianum,55925,47.4621559514,11.1243166453,177711487,177711487,"c(11.1243166453, 47.4621559514)",1,1.6739435195922852,15.350000000000023,-9.049999999999955,1.954,1.6739435195922852,15.350000000000023,-9.049999999999955,1.954
Geranium robertianum,55925,47.4656489722,11.12386,177868166,177868166,"c(11.12386, 47.4656489722)",1,1.6739435195922852,15.350000000000023,-9.049999999999955,1.954,1.6739435195922852,15.350000000000023,-9.049999999999955,1.954
Geranium robertianum,55925,47.4624889722,11.127005,177869246,177869246,"c(11.127005, 47.4624889722)",1,1.7140485048294067,14.950000000000045,-9.449999999999989,2.473,1.7140485048294067,14.950000000000045,-9.449999999999989,2.473
Geranium robertianum,55925,47.461839,11.127133,177963452,177963452,"c(11.127133, 47.461839)",1,1.7140485048294067,14.950000000000045,-9.449999999999989,2.473,1.7140485048294067,14.950000000000045,-9.449999999999989,2.473
Geranium robertianum,55925,47.46268,11.128206,177965042,177965042,"c(11.128206, 47.46268)",1,1.7140485048294067,14.950000000000045,-9.449999999999989,2.473,1.7140485048294067,14.950000000000045,-9.449999999999989,2.473
Geranium robertianum,55925,47.46268,11.128206,177965747,177965747,"c(11.128206, 47.46268)",1,1.7140485048294067,14.950000000000045,-9.449999999999989,2.473,1.7140485048294067,14.950000000000045,-9.449999999999989,2.473
Geranium robertianum,55925,47.47675,11.148872,177981497,177981497,"c(11.148872, 47.47675)",1,1.6920408010482788,15.150000000000034,-9.249999999999943,1.843,1.6920408010482788,15.150000000000034,-9.249999999999943,1.843
Geranium robertianum,55925,47.467338453000004,11.1394193634,177987832,177987832,"c(11.1394193634, 47.467338453)",1,1.807159423828125,14.050000000000011,-10.149999999999977,1.875,1.807159423828125,14.050000000000011,-10.149999999999977,1.875
Geranium robertianum,55925,47.467338453000004,11.1394193634,177988931,177988931,"c(11.1394193634, 47.467338453)",1,1.807159423828125,14.050000000000011,-10.149999999999977,1.875,1.807159423828125,14.050000000000011,-10.149999999999977,1.875
Geranium robertianum,55925,45.8829909722,-1.2548619722,183676729,183676729,"c(-1.2548619722, 45.8829909722)",1,1.1395916938781738,19.55000000000001,4.9500000000000455,3.469,1.1395916938781738,19.55000000000001,4.9500000000000455,3.469
Geranium robertianum,55925,45.8829909722,-1.2548619722,183676795,183676795,"c(-1.2548619722, 45.8829909722)",1,1.1395916938781738,19.55000000000001,4.9500000000000455,3.469,1.1395916938781738,19.55000000000001,4.9500000000000455,3.469
Geranium robertianum,55925,53.2215913,8.1316147997,186841276,186841276,"c(8.1316147997, 53.2215913)",1,1.3451786041259766,16.55000000000001,-0.44999999999998863,4.3,1.3451786041259766,16.55000000000001,-0.44999999999998863,4.3
Geranium robertianum,55925,51.3909305556,-0.2277055556,189251385,189251385,"c(-0.2277055556, 51.3909305556)",1,0.9881361126899719,16.750000000000057,1.7500000000000568,3.244,0.9881361126899719,16.750000000000057,1.7500000000000568,3.244
Geranium robertianum,55925,47.109211,11.810459,195570323,195570323,"c(11.810459, 47.109211)",1,1.4942706823349,14.650000000000034,-8.449999999999989,3.955,1.4942706823349,14.650000000000034,-8.449999999999989,3.955
Geranium robertianum,55925,51.0559051098,-0.2854259312,202985913,202985913,"c(-0.2854259312, 51.0559051098)",1,1.1469768285751343,16.450000000000045,1.7500000000000568,4.255,1.1469768285751343,16.450000000000045,1.7500000000000568,4.255
Geranium robertianum,55925,51.8867944444,10.4010805556,204018960,204018960,"c(10.4010805556, 51.8867944444)",1,1.6350098848342896,15.150000000000034,-3.5499999999999545,4.601,1.6350098848342896,15.150000000000034,-3.5499999999999545,4.601
Geranium robertianum,55925,51.8091222222,10.3405916667,204117569,204117569,"c(10.3405916667, 51.8091222222)",1,2.387782573699951,14.350000000000023,-4.0499999999999545,3.399,2.387782573699951,14.350000000000023,-4.0499999999999545,3.399
Geranium robertianum,55925,53.157467,8.143282,206588757,206588757,"c(8.143282, 53.157467)",1,1.2942602634429932,16.750000000000057,-0.3499999999999659,4.956,1.2942602634429932,16.750000000000057,-0.3499999999999659,4.956
Geranium robertianum,55925,50.54007,8.544369,216634879,216634879,"c(8.544369, 50.54007)",1,1.1163545846939087,16.950000000000045,-2.1499999999999773,2.9370000000000003,1.1163545846939087,16.950000000000045,-2.1499999999999773,2.9370000000000003
Geranium robertianum,55925,53.2264456997,8.0798527997,219313690,219313690,"c(8.0798527997, 53.2264456997)",1,1.3427296876907349,16.55000000000001,-0.44999999999998863,3.624,1.3427296876907349,16.55000000000001,-0.44999999999998863,3.624
Geranium robertianum,55925,53.151077,8.161001,220432402,220432402,"c(8.161001, 53.151077)",1,1.29326331615448,16.750000000000057,-0.3499999999999659,4.553,1.29326331615448,16.750000000000057,-0.3499999999999659,4.553
Geranium robertianum,55925,51.4404729334,23.0285744496,238384757,238384757,"c(23.0285744496, 51.4404729334)",1,0.8076581954956055,18.05000000000001,-5.0499999999999545,3.825,0.8076581954956055,18.05000000000001,-5.0499999999999545,3.825
Geranium robertianum,55925,47.262486,10.075141,252944250,252944250,"c(10.075141, 47.262486)",1,2.9545176029205322,13.450000000000045,-9.349999999999966,2.237,2.9545176029205322,13.450000000000045,-9.349999999999966,2.237
Geranium robertianum,55925,47.5702805556,10.59135,253765805,253765805,"c(10.59135, 47.5702805556)",1,2.4610390663146973,13.950000000000045,-9.149999999999977,3.2840000000000003,2.4610390663146973,13.950000000000045,-9.149999999999977,3.2840000000000003
Geranium robertianum,55925,51.488825,-0.2348583333,259193809,259193809,"c(-0.2348583333, 51.488825)",1,0.965961217880249,16.850000000000023,1.9500000000000455,2.833,0.965961217880249,16.850000000000023,1.9500000000000455,2.833
Geranium robertianum,55925,43.5207251451,-5.6144468486,263363257,263363257,"c(-5.6144468486, 43.5207251451)",1,1.5338658094406128,18.850000000000023,6.350000000000023,2.7960000000000003,1.5338658094406128,18.850000000000023,6.350000000000023,2.7960000000000003
Geranium robertianum,55925,51.5405033333,-0.2378766667,265606563,265606563,"c(-0.2378766667, 51.5405033333)",1,0.9905799031257629,16.55000000000001,1.7500000000000568,2.91,0.9905799031257629,16.55000000000001,1.7500000000000568,2.91
Geranium robertianum,55925,51.3804583333,-0.2461777778,266010142,266010142,"c(-0.2461777778, 51.3804583333)",1,0.9905174374580383,16.750000000000057,1.7500000000000568,2.734,0.9905174374580383,16.750000000000057,1.7500000000000568,2.734
Geranium robertianum,55925,52.1591722222,4.5306833333,278678050,278678050,"c(4.5306833333, 52.1591722222)",1,1.6288158893585205,16.650000000000034,1.5500000000000114,3.218,1.6288158893585205,16.650000000000034,1.5500000000000114,3.218
Geranium robertianum,55925,52.1591722222,4.5307805556,278678854,278678854,"c(4.5307805556, 52.1591722222)",1,1.6288158893585205,16.650000000000034,1.5500000000000114,3.218,1.6288158893585205,16.650000000000034,1.5500000000000114,3.218
Geranium robertianum,55925,52.1591638889,4.5306805556,278678860,278678860,"c(4.5306805556, 52.1591638889)",1,1.6288158893585205,16.650000000000034,1.5500000000000114,3.218,1.6288158893585205,16.650000000000034,1.5500000000000114,3.218
Geranium robertianum,55925,51.5742722222,3.5263027778,282003253,282003253,"c(3.5263027778, 51.5742722222)",1,1.595530390739441,16.950000000000045,2.4500000000000455,5.008,1.595530390739441,16.950000000000045,2.4500000000000455,5.008
Geranium robertianum,55925,58.5800555556,13.3440472222,282677492,282677492,"c(13.3440472222, 58.5800555556)",1,1.5276033878326416,15.850000000000023,-3.6499999999999773,4.668,1.5276033878326416,15.850000000000023,-3.6499999999999773,4.668
Geranium robertianum,55925,58.5802,13.3442138889,282677497,282677497,"c(13.3442138889, 58.5802)",1,1.5276033878326416,15.850000000000023,-3.6499999999999773,4.668,1.5276033878326416,15.850000000000023,-3.6499999999999773,4.668
Geranium robertianum,55925,51.0902361111,2.611025,282934785,282934785,"c(2.611025, 51.0902361111)",1,1.3633873462677002,16.950000000000045,2.3500000000000227,4.499,1.3633873462677002,16.950000000000045,2.3500000000000227,4.499
Geranium robertianum,55925,51.0901305556,2.6108611111,282938642,282938642,"c(2.6108611111, 51.0901305556)",1,1.3633873462677002,16.950000000000045,2.3500000000000227,4.499,1.3633873462677002,16.950000000000045,2.3500000000000227,4.499
Geranium robertianum,55925,51.0900694444,2.6108055556,282946482,282946482,"c(2.6108055556, 51.0900694444)",1,1.3633873462677002,16.950000000000045,2.3500000000000227,4.499,1.3633873462677002,16.950000000000045,2.3500000000000227,4.499
Geranium robertianum,55925,51.09005,2.6107888889,282946485,282946485,"c(2.6107888889, 51.09005)",1,1.3633873462677002,16.950000000000045,2.3500000000000227,4.499,1.3633873462677002,16.950000000000045,2.3500000000000227,4.499
Geranium robertianum,55925,51.0900583333,2.6107888889,282946487,282946487,"c(2.6107888889, 51.0900583333)",1,1.3633873462677002,16.950000000000045,2.3500000000000227,4.499,1.3633873462677002,16.950000000000045,2.3500000000000227,4.499
Geranium robertianum,55925,51.0902416667,2.6110972222,283072815,283072815,"c(2.6110972222, 51.0902416667)",1,1.3633873462677002,16.950000000000045,2.3500000000000227,4.499,1.3633873462677002,16.950000000000045,2.3500000000000227,4.499
Geranium robertianum,55925,51.0898388889,2.6102555556000002,283085719,283085719,"c(2.6102555556, 51.0898388889)",1,1.3633873462677002,16.950000000000045,2.3500000000000227,4.499,1.3633873462677002,16.950000000000045,2.3500000000000227,4.499
Geranium robertianum,55925,57.9246,11.707383,284775444,284775444,"c(11.707383, 57.9246)",1,2.2078306674957275,15.650000000000034,-1.349999999999966,5.529,2.2078306674957275,15.650000000000034,-1.349999999999966,5.529
Geranium robertianum,55925,58.268787,11.498883,284776403,284776403,"c(11.498883, 58.268787)",1,NA,16.05000000000001,-2.249999999999943,5.412,NA,16.05000000000001,-2.249999999999943,5.412
Geranium robertianum,55925,58.268247,11.499821,284777210,284777210,"c(11.499821, 58.268247)",1,NA,16.05000000000001,-2.249999999999943,5.412,NA,16.05000000000001,-2.249999999999943,5.412
Geranium robertianum,55925,58.358834,11.252955,284783689,284783689,"c(11.252955, 58.358834)",1,2.004547595977783,15.850000000000023,-1.4499999999999886,5.7010000000000005,2.004547595977783,15.850000000000023,-1.4499999999999886,5.7010000000000005
Geranium robertianum,55925,58.427866,11.265561,284800236,284800236,"c(11.265561, 58.427866)",1,2.0910732746124268,15.750000000000057,-1.5499999999999545,5.142,2.0910732746124268,15.750000000000057,-1.5499999999999545,5.142
Geranium robertianum,55925,58.380143,11.259403,284800668,284800668,"c(11.259403, 58.380143)",1,2.0075392723083496,15.850000000000023,-1.5499999999999545,5.41,2.0075392723083496,15.850000000000023,-1.5499999999999545,5.41
Geranium robertianum,55925,58.374335,11.267702,286478137,286478137,"c(11.267702, 58.374335)",1,2.0269103050231934,15.750000000000057,-1.6499999999999773,5.33,2.0269103050231934,15.750000000000057,-1.6499999999999773,5.33
Geranium robertianum,55925,58.366186,11.263409,286478141,286478141,"c(11.263409, 58.366186)",1,1.9922353029251099,15.850000000000023,-1.5499999999999545,5.2170000000000005,1.9922353029251099,15.850000000000023,-1.5499999999999545,5.2170000000000005
Geranium robertianum,55925,58.371408,11.278153,286479425,286479425,"c(11.278153, 58.371408)",1,1.9975595474243164,15.750000000000057,-1.6499999999999773,5.308,1.9975595474243164,15.750000000000057,-1.6499999999999773,5.308
Geranium robertianum,55925,50.872721,3.603309,286487213,286487213,"c(3.603309, 50.872721)",1,1.1792118549346924,17.350000000000023,0.9500000000000455,3.741,1.1792118549346924,17.350000000000023,0.9500000000000455,3.741
Geranium robertianum,55925,58.885427,11.02895,286493890,286493890,"c(11.02895, 58.885427)",1,2.3424415588378906,15.950000000000045,-1.6499999999999773,3.981,2.3424415588378906,15.950000000000045,-1.6499999999999773,3.981
Geranium robertianum,55925,50.7315611111,1.7225055556,291758144,291758144,"c(1.7225055556, 50.7315611111)",1,1.3968366384506226,16.350000000000023,1.8500000000000227,3.6990000000000003,1.3968366384506226,16.350000000000023,1.8500000000000227,3.6990000000000003
Geranium robertianum,55925,49.8871277778,1.1730472222,291877331,291877331,"c(1.1730472222, 49.8871277778)",1,1.414975881576538,16.450000000000045,1.9500000000000455,3.5740000000000003,1.414975881576538,16.450000000000045,1.9500000000000455,3.5740000000000003
Geranium robertianum,55925,49.7512888889,0.3813138889,291882496,291882496,"c(0.3813138889, 49.7512888889)",1,1.7591583728790283,16.650000000000034,4.050000000000011,3.125,1.7591583728790283,16.650000000000034,4.050000000000011,3.125
Geranium robertianum,55925,49.3129111111,-0.0294611111,292017494,292017494,"c(-0.0294611111, 49.3129111111)",1,1.2503931522369385,17.05000000000001,2.5500000000000114,6.042,1.2503931522369385,17.05000000000001,2.5500000000000114,6.042
Geranium robertianum,55925,49.3127972222,-0.028775,292017756,292017756,"c(-0.028775, 49.3127972222)",1,1.2503931522369385,17.05000000000001,2.5500000000000114,6.042,1.2503931522369385,17.05000000000001,2.5500000000000114,6.042
Geranium robertianum,55925,49.6684388889,-1.2653972222,293652280,293652280,"c(-1.2653972222, 49.6684388889)",1,NA,16.450000000000045,5.750000000000057,5.039,NA,16.450000000000045,5.750000000000057,5.039
Geranium robertianum,55925,49.6684416667,-1.2653861111,293652284,293652284,"c(-1.2653861111, 49.6684416667)",1,NA,16.450000000000045,5.750000000000057,5.039,NA,16.450000000000045,5.750000000000057,5.039
Geranium robertianum,55925,49.5892944444,-1.2466055556,293669970,293669970,"c(-1.2466055556, 49.5892944444)",1,2.028669595718384,16.650000000000034,5.4500000000000455,6.024,2.028669595718384,16.650000000000034,5.4500000000000455,6.024
Geranium robertianum,55925,49.589375,-1.2466055556,293673848,293673848,"c(-1.2466055556, 49.589375)",1,2.028669595718384,16.650000000000034,5.4500000000000455,6.024,2.028669595718384,16.650000000000034,5.4500000000000455,6.024
Geranium robertianum,55925,42.5488805556,0.0740888889,304741081,304741081,"c(0.0740888889, 42.5488805556)",1,1.1765403747558594,18.05000000000001,-3.0499999999999545,3.156,1.1765403747558594,18.05000000000001,-3.0499999999999545,3.156
Geranium robertianum,55925,42.5798833333,-0.1188305556,305206248,305206248,"c(-0.1188305556, 42.5798833333)",1,1.070935845375061,19.950000000000045,-0.6499999999999773,2.489,1.070935845375061,19.950000000000045,-0.6499999999999773,2.489
Geranium robertianum,55925,42.5738638889,-0.0391,305243694,305243694,"c(-0.0391, 42.5738638889)",1,1.2808098793029785,17.850000000000023,-2.849999999999966,2.927,1.2808098793029785,17.850000000000023,-2.849999999999966,2.927
Geranium robertianum,55925,42.5740388889,-0.0391972222,305244389,305244389,"c(-0.0391972222, 42.5740388889)",1,1.2808098793029785,17.850000000000023,-2.849999999999966,2.927,1.2808098793029785,17.850000000000023,-2.849999999999966,2.927
Geranium robertianum,55925,49.4369305556,-2.5381694444,305719137,305719137,"c(-2.5381694444, 49.4369305556)",1,2.9050915241241455,15.850000000000023,6.550000000000011,5.194,2.9050915241241455,15.850000000000023,6.550000000000011,5.194
Geranium robertianum,55925,49.4370222222,-2.5381722222,305719227,305719227,"c(-2.5381722222, 49.4370222222)",1,2.9050915241241455,15.850000000000023,6.550000000000011,5.194,2.9050915241241455,15.850000000000023,6.550000000000011,5.194
Geranium robertianum,55925,49.4329111111,-2.5347777778,305726887,305726887,"c(-2.5347777778, 49.4329111111)",1,2.8922789096832275,15.750000000000057,6.550000000000011,5.688,2.8922789096832275,15.750000000000057,6.550000000000011,5.688
Geranium robertianum,55925,49.4313222222,-2.5335277778,305727860,305727860,"c(-2.5335277778, 49.4313222222)",1,2.8922789096832275,15.750000000000057,6.550000000000011,5.688,2.8922789096832275,15.750000000000057,6.550000000000011,5.688
Geranium robertianum,55925,49.1883444444,-2.1695,305731807,305731807,"c(-2.1695, 49.1883444444)",1,2.737057685852051,16.450000000000045,6.250000000000057,5.136,2.737057685852051,16.450000000000045,6.250000000000057,5.136
Geranium robertianum,55925,42.5738972222,-0.038875,305742801,305742801,"c(-0.038875, 42.5738972222)",1,1.2808098793029785,17.850000000000023,-2.849999999999966,2.927,1.2808098793029785,17.850000000000023,-2.849999999999966,2.927
Geranium robertianum,55925,48.6424611111,-2.8667777778,305953354,305953354,"c(-2.8667777778, 48.6424611111)",1,1.5145286321640015,16.450000000000045,4.850000000000023,4.597,1.5145286321640015,16.450000000000045,4.850000000000023,4.597
Geranium robertianum,55925,48.7361722222,-3.4841333333,305970709,305970709,"c(-3.4841333333, 48.7361722222)",1,2.4234817028045654,16.150000000000034,5.850000000000023,4.516,2.4234817028045654,16.150000000000034,5.850000000000023,4.516
Geranium robertianum,55925,42.5955851586,0.1277160645,306504534,306504534,"c(0.1277160645, 42.5955851586)",1,1.4151345491409302,18.05000000000001,-2.749999999999943,2.617,1.4151345491409302,18.05000000000001,-2.749999999999943,2.617
Geranium robertianum,55925,42.5954694444,0.1276805556,306505654,306505654,"c(0.1276805556, 42.5954694444)",1,1.4151345491409302,18.05000000000001,-2.749999999999943,2.617,1.4151345491409302,18.05000000000001,-2.749999999999943,2.617
Geranium robertianum,55925,42.6350361111,-0.0133611111,306776671,306776671,"c(-0.0133611111, 42.6350361111)",1,2.0641698837280273,12.950000000000045,-7.349999999999966,5.955,2.0641698837280273,12.950000000000045,-7.349999999999966,5.955
Geranium robertianum,55925,42.635075,-0.0137027778,306779318,306779318,"c(-0.0137027778, 42.635075)",1,2.0641698837280273,12.950000000000045,-7.349999999999966,5.955,2.0641698837280273,12.950000000000045,-7.349999999999966,5.955
Geranium robertianum,55925,51.8064944444,10.3207861111,311087793,311087793,"c(10.3207861111, 51.8064944444)",1,2.421539306640625,14.350000000000023,-4.0499999999999545,3.476,2.421539306640625,14.350000000000023,-4.0499999999999545,3.476
Geranium robertianum,55925,52.7368583333,-3.9630944444,312641937,312641937,"c(-3.9630944444, 52.7368583333)",1,3.4458045959472656,15.150000000000034,2.150000000000034,3.559,3.4458045959472656,15.150000000000034,2.150000000000034,3.559
Geranium robertianum,55925,47.7458083333,-3.3603694444,312661419,312661419,"c(-3.3603694444, 47.7458083333)",1,1.6468957662582397,17.150000000000034,5.550000000000011,3.008,1.6468957662582397,17.150000000000034,5.550000000000011,3.008
Geranium robertianum,55925,51.3886083333,-1.69275,313636735,313636735,"c(-1.69275, 51.3886083333)",1,1.3538683652877808,15.550000000000011,1.150000000000034,4.307,1.3538683652877808,15.550000000000011,1.150000000000034,4.307
Geranium robertianum,55925,52.8119527778,-3.8924138889,313772004,313772004,"c(-3.8924138889, 52.8119527778)",1,3.4705650806427,14.450000000000045,1.3500000000000227,2.824,3.4705650806427,14.450000000000045,1.3500000000000227,2.824
Geranium robertianum,55925,52.8015722222,-3.8982277778,313772497,313772497,"c(-3.8982277778, 52.8015722222)",1,3.5632002353668213,14.550000000000011,1.4500000000000455,3.107,3.5632002353668213,14.550000000000011,1.4500000000000455,3.107
Geranium robertianum,55925,52.8015722222,-3.8982277778,313772698,313772698,"c(-3.8982277778, 52.8015722222)",1,3.5632002353668213,14.550000000000011,1.4500000000000455,3.107,3.5632002353668213,14.550000000000011,1.4500000000000455,3.107
Geranium robertianum,55925,52.8015722222,-3.8982277778,313772790,313772790,"c(-3.8982277778, 52.8015722222)",1,3.5632002353668213,14.550000000000011,1.4500000000000455,3.107,3.5632002353668213,14.550000000000011,1.4500000000000455,3.107
Geranium robertianum,55925,52.8015722222,-3.8982277778,313774563,313774563,"c(-3.8982277778, 52.8015722222)",1,3.5632002353668213,14.550000000000011,1.4500000000000455,3.107,3.5632002353668213,14.550000000000011,1.4500000000000455,3.107
Geranium robertianum,55925,55.0304166667,-8.2703972222,314597398,314597398,"c(-8.2703972222, 55.0304166667)",1,5.067353248596191,13.950000000000045,4.750000000000057,5.477,5.067353248596191,13.950000000000045,4.750000000000057,5.477
Geranium robertianum,55925,55.0402638889,-7.9514194444,315081886,315081886,"c(-7.9514194444, 55.0402638889)",1,3.632769823074341,13.850000000000023,3.250000000000057,5.039,3.632769823074341,13.850000000000023,3.250000000000057,5.039
Geranium robertianum,55925,54.167175,-7.4456083333,316078686,316078686,"c(-7.4456083333, 54.167175)",1,2.081620693206787,14.650000000000034,2.4500000000000455,4.667,2.081620693206787,14.650000000000034,2.4500000000000455,4.667
Geranium robertianum,55925,42.8647472222,-0.896375,320810104,320810104,"c(-0.896375, 42.8647472222)",1,2.204378604888916,16.850000000000023,-1.349999999999966,4.804,2.204378604888916,16.850000000000023,-1.349999999999966,4.804
Geranium robertianum,55925,43.3231222222,-1.7663388889,320810728,320810728,"c(-1.7663388889, 43.3231222222)",1,2.694167137145996,19.150000000000034,5.150000000000034,3.656,2.694167137145996,19.150000000000034,5.150000000000034,3.656
Geranium robertianum,55925,-35.0493890333,173.7440867218,322656357,322656357,"c(173.7440867218, -35.0493890333)",1,1.6893833875656128,19.750000000000057,9.750000000000057,4.69,1.6893833875656128,19.750000000000057,9.750000000000057,4.69
Geranium robertianum,55925,50.133225,1.7391944444,322910758,322910758,"c(1.7391944444, 50.133225)",1,1.1803523302078247,17.250000000000057,1.9500000000000455,4.25,1.1803523302078247,17.250000000000057,1.9500000000000455,4.25
Geranium robertianum,55925,50.1304027778,1.7366444444,322913887,322913887,"c(1.7366444444, 50.1304027778)",1,1.1835459470748901,17.250000000000057,1.9500000000000455,4.106,1.1835459470748901,17.250000000000057,1.9500000000000455,4.106
Geranium robertianum,55925,50.1340111111,1.740125,322915356,322915356,"c(1.740125, 50.1340111111)",1,1.1803523302078247,17.250000000000057,1.9500000000000455,4.25,1.1803523302078247,17.250000000000057,1.9500000000000455,4.25
Geranium robertianum,55925,50.1348805556,1.7417638889,322915836,322915836,"c(1.7417638889, 50.1348805556)",1,1.1759096384048462,17.250000000000057,1.9500000000000455,4.237,1.1759096384048462,17.250000000000057,1.9500000000000455,4.237
Geranium robertianum,55925,50.8114083333,3.7185527778,352016880,352016880,"c(3.7185527778, 50.8114083333)",1,1.2470582723617554,16.950000000000045,0.5500000000000114,4.757,1.2470582723617554,16.950000000000045,0.5500000000000114,4.757
Geranium robertianum,55925,50.8112694444,3.7191472222,352217981,352217981,"c(3.7191472222, 50.8112694444)",1,1.2470582723617554,16.950000000000045,0.5500000000000114,4.757,1.2470582723617554,16.950000000000045,0.5500000000000114,4.757
Geranium robertianum,55925,53.1611624304,8.1526241693,357566867,357566867,"c(8.1526241693, 53.1611624304)",1,1.296850562095642,16.650000000000034,-0.3499999999999659,4.5040000000000004,1.296850562095642,16.650000000000034,-0.3499999999999659,4.5040000000000004
Geranium robertianum,55925,51.6215972222,0.2089361111,363204040,363204040,"c(0.2089361111, 51.6215972222)",1,0.9947952032089233,16.350000000000023,1.650000000000034,4.597,0.9947952032089233,16.350000000000023,1.650000000000034,4.597
Geranium robertianum,55925,52.5893489865,17.0025905892,46488737,46488737,"c(17.0025905892, 52.5893489865)",1,0.7747697234153748,17.850000000000023,-3.249999999999943,4.14,0.7747697234153748,17.850000000000023,-3.249999999999943,4.14
Geranium robertianum,55925,-41.2880572,174.0052179,59839228,59839228,"c(174.0052179, -41.2880572)",1,1.5154023170471191,16.750000000000057,5.750000000000057,2.352,1.5154023170471191,16.750000000000057,5.750000000000057,2.352
Geranium robertianum,55925,50.421617544,22.9938476288,63078839,63078839,"c(22.9938476288, 50.421617544)",1,0.8773177862167358,18.350000000000023,-5.349999999999966,2.182,0.8773177862167358,18.350000000000023,-5.349999999999966,2.182
Geranium robertianum,55925,48.4131912603,11.847310178,76598549,76598549,"c(11.847310178, 48.4131912603)",1,1.1309893131256104,18.250000000000057,-3.1499999999999773,2.604,1.1309893131256104,18.250000000000057,-3.1499999999999773,2.604
Hedera helix,55882,-38.8829333333,175.261995,104623322,104623322,"c(175.261995, -38.8829333333)",1,1.7622909545898438,17.05000000000001,4.550000000000011,2.731,1.7622909545898438,17.05000000000001,4.550000000000011,2.731
Hedera helix,55882,-44.3905,171.249132,1165068,1165068,"c(171.249132, -44.3905)",1,0.863625705242157,15.450000000000045,1.8500000000000227,2.94,0.863625705242157,15.450000000000045,1.8500000000000227,2.94
Hedera helix,55882,-43.8053833333,172.9669133333,124676720,124676720,"c(172.9669133333, -43.8053833333)",1,1.2520381212234497,15.550000000000011,5.550000000000011,3.2920000000000003,1.2520381212234497,15.550000000000011,5.550000000000011,3.2920000000000003
Hedera helix,55882,49.7699319722,11.4082489722,163248917,163248917,"c(11.4082489722, 49.7699319722)",1,1.181883692741394,17.250000000000057,-3.249999999999943,3.465,1.181883692741394,17.250000000000057,-3.249999999999943,3.465
Hedera helix,55882,53.137711,8.204731,167943750,167943750,"c(8.204731, 53.137711)",1,1.2778558731079102,16.750000000000057,-0.3499999999999659,3.218,1.2778558731079102,16.750000000000057,-0.3499999999999659,3.218
Hedera helix,55882,53.1377540224,8.2252373546,167945693,167945693,"c(8.2252373546, 53.1377540224)",1,1.2783904075622559,16.750000000000057,-0.3499999999999659,3.168,1.2783904075622559,16.750000000000057,-0.3499999999999659,3.168
Hedera helix,55882,53.1377299722,8.2255979722,167945839,167945839,"c(8.2255979722, 53.1377299722)",1,1.2783904075622559,16.750000000000057,-0.3499999999999659,3.168,1.2783904075622559,16.750000000000057,-0.3499999999999659,3.168
Hedera helix,55882,48.130535,11.586522,176576206,176576206,"c(11.586522, 48.130535)",1,1.3152987957000732,17.55000000000001,-3.849999999999966,2.3930000000000002,1.3152987957000732,17.55000000000001,-3.849999999999966,2.3930000000000002
Hedera helix,55882,48.1301410701,11.586002335,176606982,176606982,"c(11.586002335, 48.1301410701)",1,1.3152987957000732,17.55000000000001,-3.849999999999966,2.3930000000000002,1.3152987957000732,17.55000000000001,-3.849999999999966,2.3930000000000002
Hedera helix,55882,46.308168,-0.6017789722,182314031,182314031,"c(-0.6017789722, 46.308168)",1,0.997538149356842,19.650000000000034,2.8500000000000227,3.415,0.997538149356842,19.650000000000034,2.8500000000000227,3.415
Hedera helix,55882,45.398673,-1.041768,182800703,182800703,"c(-1.041768, 45.398673)",1,1.0324654579162598,20.55000000000001,4.150000000000034,3.678,1.0324654579162598,20.55000000000001,4.150000000000034,3.678
Hedera helix,55882,45.8318325169,-1.2034397945,183472974,183472974,"c(-1.2034397945, 45.8318325169)",1,1.1007683277130127,19.750000000000057,4.650000000000034,3.93,1.1007683277130127,19.750000000000057,4.650000000000034,3.93
Hedera helix,55882,50.68548315,7.1498642496,190837762,190837762,"c(7.1498642496, 50.68548315)",1,1.059287190437317,18.150000000000034,-0.14999999999997726,2.524,1.059287190437317,18.150000000000034,-0.14999999999997726,2.524
Hedera helix,55882,48.0276483333,16.7971183333,204318692,204318692,"c(16.7971183333, 48.0276483333)",1,0.6962844729423523,20.450000000000045,-3.349999999999966,3.6510000000000002,0.6962844729423523,20.450000000000045,-3.349999999999966,3.6510000000000002
Hedera helix,55882,51.8365068,10.7942114997,215469871,215469871,"c(10.7942114997, 51.8365068)",1,1.1431858539581299,16.55000000000001,-3.0499999999999545,2.93,1.1431858539581299,16.55000000000001,-3.0499999999999545,2.93
Hedera helix,55882,53.1453388889,8.1582194444,218062409,218062409,"c(8.1582194444, 53.1453388889)",1,1.2860842943191528,16.750000000000057,-0.3499999999999659,3.793,1.2860842943191528,16.750000000000057,-0.3499999999999659,3.793
Hedera helix,55882,53.1391318,8.2015347997,224864823,224864823,"c(8.2015347997, 53.1391318)",1,1.2778558731079102,16.750000000000057,-0.3499999999999659,3.218,1.2778558731079102,16.750000000000057,-0.3499999999999659,3.218
Hedera helix,55882,45.488682,13.491762,225473433,225473433,"c(13.491762, 45.488682)",1,2.0812442302703857,23.05000000000001,5.850000000000023,2.969,2.0812442302703857,23.05000000000001,5.850000000000023,2.969
Hedera helix,55882,53.1529652997,8.1650173,228208026,228208026,"c(8.1650173, 53.1529652997)",1,1.29326331615448,16.750000000000057,-0.3499999999999659,4.553,1.29326331615448,16.750000000000057,-0.3499999999999659,4.553
Hedera helix,55882,53.1403216,8.1960615,228815675,228815675,"c(8.1960615, 53.1403216)",1,1.2777043581008911,16.750000000000057,-0.3499999999999659,3.368,1.2777043581008911,16.750000000000057,-0.3499999999999659,3.368
Hedera helix,55882,52.4525111111,13.3095555556,235971335,235971335,"c(13.3095555556, 52.4525111111)",1,0.8690674901008606,18.150000000000034,-1.9499999999999886,2.724,0.8690674901008606,18.150000000000034,-1.9499999999999886,2.724
Hedera helix,55882,53.162287791,8.2349605544,242215733,242215733,"c(8.2349605544, 53.162287791)",1,1.302878499031067,16.750000000000057,-0.3499999999999659,3.428,1.302878499031067,16.750000000000057,-0.3499999999999659,3.428
Hedera helix,55882,53.1282200889,8.232892459,243381133,243381133,"c(8.232892459, 53.1282200889)",1,1.274537444114685,16.850000000000023,-0.3499999999999659,3.267,1.274537444114685,16.850000000000023,-0.3499999999999659,3.267
Hedera helix,55882,53.1391078618,8.2015729175,243733475,243733475,"c(8.2015729175, 53.1391078618)",1,1.2778558731079102,16.750000000000057,-0.3499999999999659,3.218,1.2778558731079102,16.750000000000057,-0.3499999999999659,3.218
Hedera helix,55882,53.1387683353,8.1991463618,243738892,243738892,"c(8.1991463618, 53.1387683353)",1,1.2777043581008911,16.750000000000057,-0.3499999999999659,3.368,1.2777043581008911,16.750000000000057,-0.3499999999999659,3.368
Hedera helix,55882,53.1401236055,8.2079541175,243746907,243746907,"c(8.2079541175, 53.1401236055)",1,1.2778558731079102,16.750000000000057,-0.3499999999999659,3.218,1.2778558731079102,16.750000000000057,-0.3499999999999659,3.218
Hedera helix,55882,47.875788,10.626002,281186233,281186233,"c(10.626002, 47.875788)",1,1.6749681234359741,16.55000000000001,-5.249999999999943,2.461,1.6749681234359741,16.55000000000001,-5.249999999999943,2.461
Hedera helix,55882,53.142012,8.192713,292288284,292288284,"c(8.192713, 53.142012)",1,1.2839415073394775,16.750000000000057,-0.3499999999999659,3.2840000000000003,1.2839415073394775,16.750000000000057,-0.3499999999999659,3.2840000000000003
Hedera helix,55882,49.4251666667,-2.3553555556,303918392,303918392,"c(-2.3553555556, 49.4251666667)",1,2.7374749183654785,15.850000000000023,6.350000000000023,6.2330000000000005,2.7374749183654785,15.850000000000023,6.350000000000023,6.2330000000000005
Hedera helix,55882,49.4250833333,-2.3555194444,303918396,303918396,"c(-2.3555194444, 49.4250833333)",1,2.7374749183654785,15.850000000000023,6.350000000000023,6.2330000000000005,2.7374749183654785,15.850000000000023,6.350000000000023,6.2330000000000005
Hedera helix,55882,49.7196777778,-2.1775222222,303927791,303927791,"c(-2.1775222222, 49.7196777778)",1,2.704892158508301,15.950000000000045,6.4500000000000455,5.93,2.704892158508301,15.950000000000045,6.4500000000000455,5.93
Hedera helix,55882,49.4319527778,-2.3516388889,304176003,304176003,"c(-2.3516388889, 49.4319527778)",1,2.7374749183654785,15.850000000000023,6.350000000000023,6.2330000000000005,2.7374749183654785,15.850000000000023,6.350000000000023,6.2330000000000005
Hedera helix,55882,48.2742613741,-4.5994910584,308135648,308135648,"c(-4.5994910584, 48.2742613741)",1,2.4421863555908203,16.150000000000034,7.250000000000057,4.244,2.4421863555908203,16.150000000000034,7.250000000000057,4.244
Hedera helix,55882,46.5709611111,-1.8272138889,312924061,312924061,"c(-1.8272138889, 46.5709611111)",1,1.4158174991607666,18.450000000000045,5.4500000000000455,3.083,1.4158174991607666,18.450000000000045,5.4500000000000455,3.083
Hedera helix,55882,46.1853833333,-1.3563416667,312926161,312926161,"c(-1.3563416667, 46.1853833333)",1,1.2908680438995361,18.850000000000023,5.350000000000023,3.286,1.2908680438995361,18.850000000000023,5.350000000000023,3.286
Hedera helix,55882,53.2274083333,-4.1273444444,313402638,313402638,"c(-4.1273444444, 53.2274083333)",1,2.3463404178619385,15.250000000000057,2.250000000000057,4.631,2.3463404178619385,15.250000000000057,2.250000000000057,4.631
Hedera helix,55882,54.7169361111,-6.2308888889,313880018,313880018,"c(-6.2308888889, 54.7169361111)",1,1.9601640701293945,14.850000000000023,2.5500000000000114,4.91,1.9601640701293945,14.850000000000023,2.5500000000000114,4.91
Hedera helix,55882,45.9671527778,-1.2422,315598009,315598009,"c(-1.2422, 45.9671527778)",1,1.095029592514038,19.55000000000001,4.850000000000023,4.146,1.095029592514038,19.55000000000001,4.850000000000023,4.146
Hedera helix,55882,45.6199277778,-1.0354,315737024,315737024,"c(-1.0354, 45.6199277778)",1,1.019468069076538,20.250000000000057,3.8500000000000227,4.176,1.019468069076538,20.250000000000057,3.8500000000000227,4.176
Hedera helix,55882,43.5188333333,-1.5165527778,316690680,316690680,"c(-1.5165527778, 43.5188333333)",1,2.2551472187042236,20.250000000000057,6.550000000000011,2.642,2.2551472187042236,20.250000000000057,6.550000000000011,2.642
Hedera helix,55882,53.9854611111,-8.2308888889,317191793,317191793,"c(-8.2308888889, 53.9854611111)",1,2.2559642791748047,14.550000000000011,2.4500000000000455,5.41,2.2559642791748047,14.550000000000011,2.4500000000000455,5.41
Hedera helix,55882,43.371475,-1.7741277778,320797846,320797846,"c(-1.7741277778, 43.371475)",1,2.628161668777466,19.850000000000023,6.650000000000034,3.17,2.628161668777466,19.850000000000023,6.650000000000034,3.17
Hedera helix,55882,50.133175,1.7391555556,322910755,322910755,"c(1.7391555556, 50.133175)",1,1.1835459470748901,17.250000000000057,1.9500000000000455,4.106,1.1835459470748901,17.250000000000057,1.9500000000000455,4.106
Hedera helix,55882,41.911520675,12.4777923694,322999053,322999053,"c(12.4777923694, 41.911520675)",1,0.7498718500137329,24.05000000000001,3.650000000000034,1.7750000000000001,0.7498718500137329,24.05000000000001,3.650000000000034,1.7750000000000001
Hedera helix,55882,50.8156972222,3.5820333333,352015772,352015772,"c(3.5820333333, 50.8156972222)",1,1.1740831136703491,17.150000000000034,0.8500000000000227,4.714,1.1740831136703491,17.150000000000034,0.8500000000000227,4.714
Hedera helix,55882,51.0403833333,3.7138083333,352223880,352223880,"c(3.7138083333, 51.0403833333)",1,1.1853410005569458,17.350000000000023,0.9500000000000455,3.0540000000000003,1.1853410005569458,17.350000000000023,0.9500000000000455,3.0540000000000003
Hedera helix,55882,50.9101861111,3.5894472222,361357752,361357752,"c(3.5894472222, 50.9101861111)",1,1.17087721824646,17.350000000000023,0.9500000000000455,4.489,1.17087721824646,17.350000000000023,0.9500000000000455,4.489
Hedera helix,55882,-35.2609647495,174.1212781624,366572417,366572417,"c(174.1212781624, -35.2609647495)",1,NA,19.450000000000045,10.550000000000011,4.627,NA,19.450000000000045,10.550000000000011,4.627
Hedera helix,55882,-37.77623,175.281355,97519297,97519297,"c(175.281355, -37.77623)",1,1.4585046768188477,18.650000000000034,5.650000000000034,2.774,1.4585046768188477,18.650000000000034,5.650000000000034,2.774
Ilex aquifolium,53856,-43.5228761075,172.5749550299,1007830,1007830,"c(172.5749550299, -43.5228761075)",1,0.7540488243103027,16.55000000000001,2.3500000000000227,2.541,0.7540488243103027,16.55000000000001,2.3500000000000227,2.541
Ilex aquifolium,53856,52.0084002576,-9.5600447861,133884394,133884394,"c(-9.5600447861, 52.0084002576)",1,3.846757650375366,14.250000000000057,2.750000000000057,5.449,3.846757650375366,14.250000000000057,2.750000000000057,5.449
Ilex aquifolium,53856,53.1380218992,8.2029155788,136132912,136132912,"c(8.2029155788, 53.1380218992)",1,1.2778558731079102,16.750000000000057,-0.3499999999999659,3.218,1.2778558731079102,16.750000000000057,-0.3499999999999659,3.218
Ilex aquifolium,53856,52.019352707,-9.5210594865,142236777,142236777,"c(-9.5210594865, 52.019352707)",1,3.1881096363067627,14.550000000000011,3.0500000000000114,5.296,3.1881096363067627,14.550000000000011,3.0500000000000114,5.296
Ilex aquifolium,53856,-33.6259383333,150.28247,150194790,150194790,"c(150.28247, -33.6259383333)",1,1.0698055028915405,16.55000000000001,1.0500000000000114,3.349,1.0698055028915405,16.55000000000001,1.0500000000000114,3.349
Ilex aquifolium,53856,53.137951,8.20276,167945985,167945985,"c(8.20276, 53.137951)",1,1.2778558731079102,16.750000000000057,-0.3499999999999659,3.218,1.2778558731079102,16.750000000000057,-0.3499999999999659,3.218
Ilex aquifolium,53856,53.138061,8.202697,167946158,167946158,"c(8.202697, 53.138061)",1,1.2778558731079102,16.750000000000057,-0.3499999999999659,3.218,1.2778558731079102,16.750000000000057,-0.3499999999999659,3.218
Ilex aquifolium,53856,48.377977,2.675542,182043861,182043861,"c(2.675542, 48.377977)",1,0.932773768901825,18.650000000000034,0.8500000000000227,2.5420000000000003,0.932773768901825,18.650000000000034,0.8500000000000227,2.5420000000000003
Ilex aquifolium,53856,53.1339555556,8.1874138889,206075499,206075499,"c(8.1874138889, 53.1339555556)",1,1.2774274349212646,16.750000000000057,-0.3499999999999659,3.271,1.2774274349212646,16.750000000000057,-0.3499999999999659,3.271
Ilex aquifolium,53856,43.5969845329,-7.9048234042,210279627,210279627,"c(-7.9048234042, 43.5969845329)",1,2.444343090057373,18.250000000000057,7.050000000000011,3.192,2.444343090057373,18.250000000000057,7.050000000000011,3.192
Ilex aquifolium,53856,53.5736,7.9031805556,214587094,214587094,"c(7.9031805556, 53.5736)",1,1.499376893043518,16.350000000000023,0.1500000000000341,3.821,1.499376893043518,16.350000000000023,0.1500000000000341,3.821
Ilex aquifolium,53856,53.1393095997,8.1982152997,224158123,224158123,"c(8.1982152997, 53.1393095997)",1,1.2777043581008911,16.750000000000057,-0.3499999999999659,3.368,1.2777043581008911,16.750000000000057,-0.3499999999999659,3.368
Ilex aquifolium,53856,53.1400005444,8.1990181333,224841119,224841119,"c(8.1990181333, 53.1400005444)",1,1.2777043581008911,16.750000000000057,-0.3499999999999659,3.368,1.2777043581008911,16.750000000000057,-0.3499999999999659,3.368
Ilex aquifolium,53856,51.3654472222,-0.2322361111,234381862,234381862,"c(-0.2322361111, 51.3654472222)",1,1.0054712295532227,16.55000000000001,1.650000000000034,3.58,1.0054712295532227,16.55000000000001,1.650000000000034,3.58
Ilex aquifolium,53856,-43.6439976997,172.467668,239519138,239519138,"c(172.467668, -43.6439976997)",1,0.6906266808509827,17.05000000000001,1.9500000000000455,4.218,0.6906266808509827,17.05000000000001,1.9500000000000455,4.218
Ilex aquifolium,53856,53.1401593266,8.1989828449,243734433,243734433,"c(8.1989828449, 53.1401593266)",1,1.2777043581008911,16.750000000000057,-0.3499999999999659,3.368,1.2777043581008911,16.750000000000057,-0.3499999999999659,3.368
Ilex aquifolium,53856,53.1553758677,8.1992792339,243751162,243751162,"c(8.1992792339, 53.1553758677)",1,1.2916765213012695,16.750000000000057,-0.3499999999999659,3.303,1.2916765213012695,16.750000000000057,-0.3499999999999659,3.303
Ilex aquifolium,53856,53.1535332588,8.2065443119,243754288,243754288,"c(8.2065443119, 53.1535332588)",1,1.2931945323944092,16.750000000000057,-0.3499999999999659,3.247,1.2931945323944092,16.750000000000057,-0.3499999999999659,3.247
Ilex aquifolium,53856,49.2664279,-123.2568757,244595846,244595846,"c(-123.2568757, 49.2664279)",1,3.6128838062286377,16.750000000000057,3.3500000000000227,2.6710000000000003,3.6128838062286377,16.750000000000057,3.3500000000000227,2.6710000000000003
Ilex aquifolium,53856,51.15345,-3.2680616667,2505495,2505495,"c(-3.2680616667, 51.15345)",1,2.136955738067627,15.550000000000011,3.250000000000057,4.759,2.136955738067627,15.550000000000011,3.250000000000057,4.759
Ilex aquifolium,53856,54.0059997568,-1.9076681882,257365625,257365625,"c(-1.9076681882, 54.0059997568)",1,1.971238136291504,14.350000000000023,0.6500000000000341,4.853,1.971238136291504,14.350000000000023,0.6500000000000341,4.853
Ilex aquifolium,53856,53.5648583333,-2.8807716667,260533920,260533920,"c(-2.8807716667, 53.5648583333)",1,1.909050464630127,15.150000000000034,2.5500000000000114,3.779,1.909050464630127,15.150000000000034,2.5500000000000114,3.779
Ilex aquifolium,53856,49.2586166667,-123.064575,269225834,269225834,"c(-123.064575, 49.2586166667)",1,3.161107301712036,17.150000000000034,1.3500000000000227,1.714,3.161107301712036,17.150000000000034,1.3500000000000227,1.714
Ilex aquifolium,53856,51.4770269208,-0.1534813643,271904312,271904312,"c(-0.1534813643, 51.4770269208)",1,0.945720374584198,16.850000000000023,1.8500000000000227,2.819,0.945720374584198,16.850000000000023,1.8500000000000227,2.819
Ilex aquifolium,53856,49.7559888889,0.3771861111,291880245,291880245,"c(0.3771861111, 49.7559888889)",1,1.7591583728790283,16.650000000000034,4.050000000000011,3.125,1.7591583728790283,16.650000000000034,4.050000000000011,3.125
Ilex aquifolium,53856,49.4046388889,0.1861166667,292031602,292031602,"c(0.1861166667, 49.4046388889)",1,1.3975297212600708,16.650000000000034,2.5500000000000114,4.316,1.3975297212600708,16.650000000000034,2.5500000000000114,4.316
Ilex aquifolium,53856,49.2715638889,-0.0858222222,292362781,292362781,"c(-0.0858222222, 49.2715638889)",1,1.086832880973816,17.650000000000034,2.750000000000057,4.306,1.086832880973816,17.650000000000034,2.750000000000057,4.306
Ilex aquifolium,53856,53.4502664778,-2.0011259889,296098653,296098653,"c(-2.0011259889, 53.4502664778)",1,2.55610728263855,14.350000000000023,0.5500000000000114,5.045,2.55610728263855,14.350000000000023,0.5500000000000114,5.045
Ilex aquifolium,53856,-42.9280513834,147.2520214567,297516332,297516332,"c(147.2520214567, -42.9280513834)",1,1.077183723449707,13.950000000000045,2.5500000000000114,2.327,1.077183723449707,13.950000000000045,2.5500000000000114,2.327
Ilex aquifolium,53856,49.4521638889,-2.5408472222,305712960,305712960,"c(-2.5408472222, 49.4521638889)",1,2.8415491580963135,15.950000000000045,6.750000000000057,4.003,2.8415491580963135,15.950000000000045,6.750000000000057,4.003
Ilex aquifolium,53856,48.73315,-3.5165416667,305960344,305960344,"c(-3.5165416667, 48.73315)",1,2.494706869125366,15.950000000000045,5.750000000000057,4.898,2.494706869125366,15.950000000000045,5.750000000000057,4.898
Ilex aquifolium,53856,42.6132138889,0.0995277778,306511294,306511294,"c(0.0995277778, 42.6132138889)",1,1.7491474151611328,15.450000000000045,-5.249999999999943,2.61,1.7491474151611328,15.450000000000045,-5.249999999999943,2.61
Ilex aquifolium,53856,48.0354777778,-4.5459472222,308631669,308631669,"c(-4.5459472222, 48.0354777778)",1,2.6794357299804688,16.250000000000057,7.350000000000023,4.24,2.6794357299804688,16.250000000000057,7.350000000000023,4.24
Ilex aquifolium,53856,51.9675083333,7.6300194444,310511075,310511075,"c(7.6300194444, 51.9675083333)",1,1.194319486618042,17.450000000000045,-0.3499999999999659,3.125,1.194319486618042,17.450000000000045,-0.3499999999999659,3.125
Ilex aquifolium,53856,52.7368583333,-3.9630944444,312641607,312641607,"c(-3.9630944444, 52.7368583333)",1,3.4458045959472656,15.150000000000034,2.150000000000034,3.559,3.4458045959472656,15.150000000000034,2.150000000000034,3.559
Ilex aquifolium,53856,53.3385833333,-6.2607472222,313628937,313628937,"c(-6.2607472222, 53.3385833333)",1,1.6939281225204468,15.250000000000057,3.250000000000057,3.19,1.6939281225204468,15.250000000000057,3.250000000000057,3.19
Ilex aquifolium,53856,53.3378166667,-6.2615944444,313629359,313629359,"c(-6.2615944444, 53.3378166667)",1,1.6939281225204468,15.250000000000057,3.250000000000057,3.19,1.6939281225204468,15.250000000000057,3.250000000000057,3.19
Ilex aquifolium,53856,55.0156555556,-8.0011944444,314991013,314991013,"c(-8.0011944444, 55.0156555556)",1,4.428325653076172,13.350000000000023,2.750000000000057,7.604,4.428325653076172,13.350000000000023,2.750000000000057,7.604
Ilex aquifolium,53856,55.0224083333,-7.9848666667,315074785,315074785,"c(-7.9848666667, 55.0224083333)",1,4.1356120109558105,13.750000000000057,3.150000000000034,4.666,4.1356120109558105,13.750000000000057,3.150000000000034,4.666
Ilex aquifolium,53856,55.0368638889,-7.9667138889,315075541,315075541,"c(-7.9667138889, 55.0368638889)",1,3.74727725982666,13.850000000000023,3.250000000000057,5.434,3.74727725982666,13.850000000000023,3.250000000000057,5.434
Ilex aquifolium,53856,55.0402638889,-7.9514194444,315078229,315078229,"c(-7.9514194444, 55.0402638889)",1,3.632769823074341,13.850000000000023,3.250000000000057,5.039,3.632769823074341,13.850000000000023,3.250000000000057,5.039
Ilex aquifolium,53856,45.6240277778,-1.02855,315738330,315738330,"c(-1.02855, 45.6240277778)",1,1.0183578729629517,20.350000000000023,3.8500000000000227,4.178,1.0183578729629517,20.350000000000023,3.8500000000000227,4.178
Ilex aquifolium,53856,43.5187222222,-1.516775,316689360,316689360,"c(-1.516775, 43.5187222222)",1,2.2551472187042236,20.250000000000057,6.550000000000011,2.642,2.2551472187042236,20.250000000000057,6.550000000000011,2.642
Ilex aquifolium,53856,-46.5390350089,169.4752770177,34476809,34476809,"c(169.4752770177, -46.5390350089)",1,1.6078146696090698,13.450000000000045,3.250000000000057,3.561,1.6078146696090698,13.450000000000045,3.250000000000057,3.561
Ilex aquifolium,53856,51.4741826183,-0.2989570216,35737423,35737423,"c(-0.2989570216, 51.4741826183)",1,0.9765162467956543,16.750000000000057,1.9500000000000455,3.189,0.9765162467956543,16.750000000000057,1.9500000000000455,3.189
Ilex aquifolium,53856,51.6560583333,0.0478805,361822442,361822442,"c(0.0478805, 51.6560583333)",1,0.978614091873169,16.450000000000045,1.4500000000000455,3.63,0.978614091873169,16.450000000000045,1.4500000000000455,3.63
Ilex aquifolium,53856,43.295871,-5.506684,57818177,57818177,"c(-5.506684, 43.295871)",1,2.3881728649139404,14.650000000000034,-1.0499999999999545,4.839,2.3881728649139404,14.650000000000034,-1.0499999999999545,4.839
Ilex aquifolium,53856,43.3096241415,-5.516716719,58056999,58056999,"c(-5.516716719, 43.3096241415)",1,2.252340078353882,14.950000000000045,-0.6499999999999773,5.6450000000000005,2.252340078353882,14.950000000000045,-0.6499999999999773,5.6450000000000005
Ilex aquifolium,53856,47.6126138889,-122.2883083333,78155890,78155890,"c(-122.2883083333, 47.6126138889)",1,1.5144627094268799,16.950000000000045,2.5500000000000114,2.781,1.5144627094268799,16.950000000000045,2.5500000000000114,2.781
Polypodium cambricum,346413,41.5208141324,-8.3162602859,146055569,146055569,"c(-8.3162602859, 41.5208141324)",1,1.709177851676941,20.650000000000034,3.8500000000000227,2.152,1.709177851676941,20.650000000000034,3.8500000000000227,2.152
Polypodium cambricum,346413,41.5410363089,-8.2554014368,146055998,146055998,"c(-8.2554014368, 41.5410363089)",1,1.7902222871780396,20.850000000000023,3.9500000000000455,1.875,1.7902222871780396,20.850000000000023,3.9500000000000455,1.875
Polypodium cambricum,346413,41.0925059987,-8.793425303,146294201,146294201,"c(-8.793425303, 41.0925059987)",1,NA,19.850000000000023,8.750000000000057,NA,NA,19.850000000000023,8.750000000000057,NA
Polypodium cambricum,346413,41.5485802675,-8.2091030774,146820025,146820025,"c(-8.2091030774, 41.5485802675)",1,1.7959482669830322,20.850000000000023,3.8500000000000227,2.183,1.7959482669830322,20.850000000000023,3.8500000000000227,2.183
Polypodium cambricum,346413,41.5701873137,-8.3188659389,146847903,146847903,"c(-8.3188659389, 41.5701873137)",1,2.057467460632324,19.350000000000023,2.650000000000034,2.431,2.057467460632324,19.350000000000023,2.650000000000034,2.431
Polypodium cambricum,346413,43.5321627337,39.8770313735,186447072,186447072,"c(39.8770313735, 43.5321627337)",1,3.299516439437866,22.750000000000057,3.4500000000000455,1.341,3.299516439437866,22.750000000000057,3.4500000000000455,1.341
Polypodium cambricum,346413,42.8765015997,-8.5494032997,189203597,189203597,"c(-8.5494032997, 42.8765015997)",1,2.138216018676758,18.05000000000001,4.150000000000034,2.7520000000000002,2.138216018676758,18.05000000000001,4.150000000000034,2.7520000000000002
Polypodium cambricum,346413,41.8178037714,16.0191835463,194187870,194187870,"c(16.0191835463, 41.8178037714)",1,1.013970136642456,20.450000000000045,3.250000000000057,2.5380000000000003,1.013970136642456,20.450000000000045,3.250000000000057,2.5380000000000003
Polypodium cambricum,346413,40.2100101273,-8.4200390276,251684893,251684893,"c(-8.4200390276, 40.2100101273)",1,0.9061974287033081,21.05000000000001,4.650000000000034,2.544,0.9061974287033081,21.05000000000001,4.650000000000034,2.544
Polypodium cambricum,346413,36.5978306648,-5.2942829867,252002150,252002150,"c(-5.2942829867, 36.5978306648)",1,1.2909051179885864,22.450000000000045,4.650000000000034,2.974,1.2909051179885864,22.450000000000045,4.650000000000034,2.974
Polypodium cambricum,346413,38.699849209999996,-9.20331459,256164874,256164874,"c(-9.20331459, 38.69984921)",1,0.8793618679046631,20.750000000000057,9.650000000000034,2.999,0.8793618679046631,20.750000000000057,9.650000000000034,2.999
Polypodium cambricum,346413,43.5318827071,-5.6607478112,260971824,260971824,"c(-5.6607478112, 43.5318827071)",1,1.4692927598953247,18.850000000000023,6.4500000000000455,2.048,1.4692927598953247,18.850000000000023,6.4500000000000455,2.048
Polypodium cambricum,346413,38.69971601,-9.2032969,261112070,261112070,"c(-9.2032969, 38.69971601)",1,0.8793618679046631,20.750000000000057,9.650000000000034,2.999,0.8793618679046631,20.750000000000057,9.650000000000034,2.999
Polypodium cambricum,346413,43.5359189624,-5.6476022679,261115216,261115216,"c(-5.6476022679, 43.5359189624)",1,1.486356258392334,18.850000000000023,6.650000000000034,2.487,1.486356258392334,18.850000000000023,6.650000000000034,2.487
Polypodium cambricum,346413,43.5358567153,-5.6477684882,261121429,261121429,"c(-5.6477684882, 43.5358567153)",1,1.486356258392334,18.850000000000023,6.650000000000034,2.487,1.486356258392334,18.850000000000023,6.650000000000034,2.487
Polypodium cambricum,346413,43.5352571655,-5.6443933148,261121550,261121550,"c(-5.6443933148, 43.5352571655)",1,1.486356258392334,18.850000000000023,6.650000000000034,2.487,1.486356258392334,18.850000000000023,6.650000000000034,2.487
Polypodium cambricum,346413,43.3993619001,-4.6530172644,261837125,261837125,"c(-4.6530172644, 43.3993619001)",1,2.5937108993530273,19.05000000000001,8.050000000000011,2.458,2.5937108993530273,19.05000000000001,8.050000000000011,2.458
Polypodium cambricum,346413,43.5339721199,-5.6557069346,263360400,263360400,"c(-5.6557069346, 43.5339721199)",1,1.4736762046813965,18.850000000000023,6.550000000000011,2.541,1.4736762046813965,18.850000000000023,6.550000000000011,2.541
Polypodium cambricum,346413,43.5201382991,-5.618393804,263368797,263368797,"c(-5.618393804, 43.5201382991)",1,1.5217735767364502,18.850000000000023,6.350000000000023,3.015,1.5217735767364502,18.850000000000023,6.350000000000023,3.015
Polypodium cambricum,346413,43.2935358865,-5.9824264169,269752730,269752730,"c(-5.9824264169, 43.2935358865)",1,1.311363935470581,17.750000000000057,2.8500000000000227,3.232,1.311363935470581,17.750000000000057,2.8500000000000227,3.232
Polypodium cambricum,346413,43.2929384,-5.9827809,269754172,269754172,"c(-5.9827809, 43.2929384)",1,1.311363935470581,17.750000000000057,2.8500000000000227,3.232,1.311363935470581,17.750000000000057,2.8500000000000227,3.232
Polypodium cambricum,346413,43.2931999926,-5.9831746595,269754645,269754645,"c(-5.9831746595, 43.2931999926)",1,1.311363935470581,17.750000000000057,2.8500000000000227,3.232,1.311363935470581,17.750000000000057,2.8500000000000227,3.232
Polypodium cambricum,346413,43.2917299,-5.9824981,269756429,269756429,"c(-5.9824981, 43.2917299)",1,1.311363935470581,17.750000000000057,2.8500000000000227,3.232,1.311363935470581,17.750000000000057,2.8500000000000227,3.232
Polypodium cambricum,346413,49.6322972222,-1.6161305556,295337009,295337009,"c(-1.6161305556, 49.6322972222)",1,1.6895004510879517,16.350000000000023,4.550000000000011,4.311,1.6895004510879517,16.350000000000023,4.550000000000011,4.311
Polypodium cambricum,346413,46.7183972222,-2.3558555556,312920834,312920834,"c(-2.3558555556, 46.7183972222)",1,1.799237847328186,18.150000000000034,6.650000000000034,4.417,1.799237847328186,18.150000000000034,6.650000000000034,4.417
Polypodium cambricum,346413,45.9809333333,-1.2829638889,315591647,315591647,"c(-1.2829638889, 45.9809333333)",1,1.1338633298873901,19.450000000000045,5.050000000000011,3.873,1.1338633298873901,19.450000000000045,5.050000000000011,3.873
Polypodium cambricum,346413,45.9734805556,-1.240725,315599145,315599145,"c(-1.240725, 45.9734805556)",1,1.0868557691574097,19.55000000000001,4.850000000000023,4.541,1.0868557691574097,19.55000000000001,4.850000000000023,4.541
Polypodium cambricum,346413,45.9742805556,-1.2401305556,315599716,315599716,"c(-1.2401305556, 45.9742805556)",1,1.0868557691574097,19.55000000000001,4.850000000000023,4.541,1.0868557691574097,19.55000000000001,4.850000000000023,4.541
Polypodium cambricum,346413,43.5112,-1.5125694444,316694153,316694153,"c(-1.5125694444, 43.5112)",1,2.2612743377685547,20.250000000000057,6.4500000000000455,2.563,2.2612743377685547,20.250000000000057,6.4500000000000455,2.563
Polypodium cambricum,346413,43.3194638889,-1.7738166667,324910428,324910428,"c(-1.7738166667, 43.3194638889)",1,2.6560287475585938,19.55000000000001,5.650000000000034,2.621,2.6560287475585938,19.55000000000001,5.650000000000034,2.621
Polypodium cambricum,346413,43.5329648466,-5.65228425,328459771,328459771,"c(-5.65228425, 43.5329648466)",1,1.4842894077301025,18.750000000000057,6.350000000000023,2.557,1.4842894077301025,18.750000000000057,6.350000000000023,2.557
Polypodium cambricum,346413,43.5203519849,-5.6163240584,328896704,328896704,"c(-5.6163240584, 43.5203519849)",1,1.5338658094406128,18.850000000000023,6.350000000000023,2.7960000000000003,1.5338658094406128,18.850000000000023,6.350000000000023,2.7960000000000003
Polypodium cambricum,346413,39.9923652674,9.4169002549,358579366,358579366,"c(9.4169002549, 39.9923652674)",1,0.8929253220558167,19.750000000000057,1.4500000000000455,4.0280000000000005,0.8929253220558167,19.750000000000057,1.4500000000000455,4.0280000000000005
Polypodium cambricum,346413,43.6701610358,39.7454066496,75352080,75352080,"c(39.7454066496, 43.6701610358)",1,2.9906115531921387,22.05000000000001,1.3500000000000227,1.797,2.9906115531921387,22.05000000000001,1.3500000000000227,1.797
Polypodium vulgare,127079,53.2455266991,-1.9252463832,101698151,101698151,"c(-1.9252463832, 53.2455266991)",1,2.319936752319336,13.350000000000023,-0.44999999999998863,5.73,2.319936752319336,13.350000000000023,-0.44999999999998863,5.73
Polypodium vulgare,127079,47.23076,15.360035,1100166,1100166,"c(15.360035, 47.23076)",1,1.1221462488174438,16.750000000000057,-7.349999999999966,2.748,1.1221462488174438,16.750000000000057,-7.349999999999966,2.748
Polypodium vulgare,127079,53.1891333333,-1.7170383333,110754795,110754795,"c(-1.7170383333, 53.1891333333)",1,1.950353741645813,14.150000000000034,0.1500000000000341,6.1850000000000005,1.950353741645813,14.150000000000034,0.1500000000000341,6.1850000000000005
Polypodium vulgare,127079,49.5258333333,22.5783333333,127551687,127551687,"c(22.5783333333, 49.5258333333)",1,1.6679216623306274,16.150000000000034,-6.449999999999989,3.052,1.6679216623306274,16.150000000000034,-6.449999999999989,3.052
Polypodium vulgare,127079,47.7722129,13.3578462,141919041,141919041,"c(13.3578462, 47.7722129)",1,2.0012848377227783,16.850000000000023,-7.0499999999999545,2.185,2.0012848377227783,16.850000000000023,-7.0499999999999545,2.185
Polypodium vulgare,127079,52.02099,-9.50664,142235597,142235597,"c(-9.50664, 52.02099)",1,3.1466634273529053,14.550000000000011,3.0500000000000114,5.088,3.1466634273529053,14.550000000000011,3.0500000000000114,5.088
Polypodium vulgare,127079,60.3983439572,5.3258309503,142550820,142550820,"c(5.3258309503, 60.3983439572)",1,5.688604831695557,14.250000000000057,-2.249999999999943,2.7560000000000002,5.688604831695557,14.250000000000057,-2.249999999999943,2.7560000000000002
Polypodium vulgare,127079,60.4028851449,5.324248413,142551895,142551895,"c(5.324248413, 60.4028851449)",1,NA,14.350000000000023,-1.9499999999999886,3.478,NA,14.350000000000023,-1.9499999999999886,3.478
Polypodium vulgare,127079,58.1132401958,7.0045591047,142552377,142552377,"c(7.0045591047, 58.1132401958)",1,4.58493709564209,14.250000000000057,-0.7499999999999432,3.016,4.58493709564209,14.250000000000057,-0.7499999999999432,3.016
Polypodium vulgare,127079,58.1088893608,6.982545475,142552570,142552570,"c(6.982545475, 58.1088893608)",1,4.639280319213867,14.250000000000057,-0.6499999999999773,3.8160000000000003,4.639280319213867,14.250000000000057,-0.6499999999999773,3.8160000000000003
Polypodium vulgare,127079,58.1148776489,6.9976614113,142553266,142553266,"c(6.9976614113, 58.1148776489)",1,4.791981220245361,13.950000000000045,-0.9499999999999886,3.962,4.791981220245361,13.950000000000045,-0.9499999999999886,3.962
Polypodium vulgare,127079,48.030474,-2.132627,143034093,143034093,"c(-2.132627, 48.030474)",1,1.1998913288116455,17.05000000000001,2.150000000000034,3.529,1.1998913288116455,17.05000000000001,2.150000000000034,3.529
Polypodium vulgare,127079,46.8138831832,8.3916686085,143036452,143036452,"c(8.3916686085, 46.8138831832)",1,2.96435809135437,14.250000000000057,-7.5499999999999545,1.6300000000000001,2.96435809135437,14.250000000000057,-7.5499999999999545,1.6300000000000001
Polypodium vulgare,127079,45.787228,10.61723,143572169,143572169,"c(10.61723, 45.787228)",1,2.0403976440429688,16.650000000000034,-5.849999999999966,1.7610000000000001,2.0403976440429688,16.650000000000034,-5.849999999999966,1.7610000000000001
Polypodium vulgare,127079,47.5745109166,-2.9577668162,143572632,143572632,"c(-2.9577668162, 47.5745109166)",1,1.3729654550552368,17.55000000000001,5.050000000000011,5.152,1.3729654550552368,17.55000000000001,5.050000000000011,5.152
Polypodium vulgare,127079,51.740597524,10.3087343118,146274662,146274662,"c(10.3087343118, 51.740597524)",1,2.1280858516693115,15.850000000000023,-3.349999999999966,3.08,2.1280858516693115,15.850000000000023,-3.349999999999966,3.08
Polypodium vulgare,127079,45.9656379,4.79430187,151310105,151310105,"c(4.79430187, 45.9656379)",1,1.0220258235931396,20.450000000000045,-0.44999999999998863,3.086,1.0220258235931396,20.450000000000045,-0.44999999999998863,3.086
Polypodium vulgare,127079,52.822788095,4.6950219346,153208668,153208668,"c(4.6950219346, 52.822788095)",1,2.1323370933532715,16.450000000000045,2.750000000000057,5.337,2.1323370933532715,16.450000000000045,2.750000000000057,5.337
Polypodium vulgare,127079,55.8756727163,-4.278090857,154094026,154094026,"c(-4.278090857, 55.8756727163)",1,2.618184804916382,14.550000000000011,1.2500000000000568,2.951,2.618184804916382,14.550000000000011,1.2500000000000568,2.951
Polypodium vulgare,127079,52.0471811526,-3.951687752,160888686,160888686,"c(-3.951687752, 52.0471811526)",1,2.7139079570770264,14.750000000000057,1.2500000000000568,4.6290000000000004,2.7139079570770264,14.750000000000057,1.2500000000000568,4.6290000000000004
Polypodium vulgare,127079,62.4734306111,6.1605801389,165541994,165541994,"c(6.1605801389, 62.4734306111)",1,NA,12.750000000000057,0.1500000000000341,5.297,NA,12.750000000000057,0.1500000000000341,5.297
Polypodium vulgare,127079,62.4495658611,6.1829771944,168993937,168993937,"c(6.1829771944, 62.4495658611)",1,NA,12.950000000000045,-0.24999999999994316,4.109,NA,12.950000000000045,-0.24999999999994316,4.109
Polypodium vulgare,127079,53.5532177831,8.0870760977,171755953,171755953,"c(8.0870760977, 53.5532177831)",1,1.4592896699905396,16.450000000000045,0.05000000000001137,3.813,1.4592896699905396,16.450000000000045,0.05000000000001137,3.813
Polypodium vulgare,127079,43.9835142,2.9296127,175697225,175697225,"c(2.9296127, 43.9835142)",1,1.4689686298370361,18.450000000000045,-0.24999999999994316,4.405,1.4689686298370361,18.450000000000045,-0.24999999999994316,4.405
Polypodium vulgare,127079,49.2753843,-0.7029248,175822462,175822462,"c(-0.7029248, 49.2753843)",1,1.3302589654922485,17.150000000000034,3.250000000000057,3.283,1.3302589654922485,17.150000000000034,3.250000000000057,3.283
Polypodium vulgare,127079,42.5976813899,-0.1593384614,175936602,175936602,"c(-0.1593384614, 42.5976813899)",1,1.4850847721099854,17.150000000000034,-3.349999999999966,3.374,1.4850847721099854,17.150000000000034,-3.349999999999966,3.374
Polypodium vulgare,127079,47.4650063597,3.7499196468,176086926,176086926,"c(3.7499196468, 47.4650063597)",1,1.1130908727645874,19.05000000000001,0.5500000000000114,3.959,1.1130908727645874,19.05000000000001,0.5500000000000114,3.959
Polypodium vulgare,127079,47.4693152519,11.1194096133,177705037,177705037,"c(11.1194096133, 47.4693152519)",1,1.6504383087158203,15.550000000000011,-8.749999999999943,1.685,1.6504383087158203,15.550000000000011,-8.749999999999943,1.685
Polypodium vulgare,127079,53.398328,7.978799,179318667,179318667,"c(7.978799, 53.398328)",1,1.3485023975372314,16.450000000000045,-0.44999999999998863,3.6510000000000002,1.3485023975372314,16.450000000000045,-0.44999999999998863,3.6510000000000002
Polypodium vulgare,127079,48.4144879722,2.7270759722,182165208,182165208,"c(2.7270759722, 48.4144879722)",1,0.8812539577484131,18.950000000000045,1.0500000000000114,2.436,0.8812539577484131,18.950000000000045,1.0500000000000114,2.436
Polypodium vulgare,127079,48.41978,2.722192,182222354,182222354,"c(2.722192, 48.41978)",1,0.9012415409088135,18.55000000000001,0.7500000000000568,3.172,0.9012415409088135,18.55000000000001,0.7500000000000568,3.172
Polypodium vulgare,127079,48.41978,2.722192,182226736,182226736,"c(2.722192, 48.41978)",1,0.9012415409088135,18.55000000000001,0.7500000000000568,3.172,0.9012415409088135,18.55000000000001,0.7500000000000568,3.172
Polypodium vulgare,127079,48.41978,2.722192,182226900,182226900,"c(2.722192, 48.41978)",1,0.9012415409088135,18.55000000000001,0.7500000000000568,3.172,0.9012415409088135,18.55000000000001,0.7500000000000568,3.172
Polypodium vulgare,127079,45.888553,-1.2654659722,183632758,183632758,"c(-1.2654659722, 45.888553)",1,1.1455726623535156,19.55000000000001,4.9500000000000455,3.825,1.1455726623535156,19.55000000000001,4.9500000000000455,3.825
Polypodium vulgare,127079,45.8829909722,-1.2548619722,183669687,183669687,"c(-1.2548619722, 45.8829909722)",1,1.1395916938781738,19.55000000000001,4.9500000000000455,3.469,1.1395916938781738,19.55000000000001,4.9500000000000455,3.469
Polypodium vulgare,127079,51.0836861667,-3.6440833333,185160807,185160807,"c(-3.6440833333, 51.0836861667)",1,3.0512566566467285,14.350000000000023,2.150000000000034,5.757000000000001,3.0512566566467285,14.350000000000023,2.150000000000034,5.757000000000001
Polypodium vulgare,127079,56.7190368997,-5.5411200997,185702816,185702816,"c(-5.5411200997, 56.7190368997)",1,5.135194778442383,13.650000000000034,1.0500000000000114,3.367,5.135194778442383,13.650000000000034,1.0500000000000114,3.367
Polypodium vulgare,127079,48.1128762346,16.0543265194,191286113,191286113,"c(16.0543265194, 48.1128762346)",1,1.0418460369110107,17.750000000000057,-4.449999999999989,3.104,1.0418460369110107,17.750000000000057,-4.449999999999989,3.104
Polypodium vulgare,127079,44.9531527279,15.6533432109,196386089,196386089,"c(15.6533432109, 44.9531527279)",1,1.7892223596572876,19.850000000000023,-3.749999999999943,2.475,1.7892223596572876,19.850000000000023,-3.749999999999943,2.475
Polypodium vulgare,127079,50.631391,8.691878,197786713,197786713,"c(8.691878, 50.631391)",1,1.040233850479126,17.650000000000034,-1.7499999999999432,3.285,1.040233850479126,17.650000000000034,-1.7499999999999432,3.285
Polypodium vulgare,127079,57.3832253,16.4838604,200376856,200376856,"c(16.4838604, 57.3832253)",1,1.0691423416137695,16.55000000000001,-3.4499999999999886,2.787,1.0691423416137695,16.55000000000001,-3.4499999999999886,2.787
Polypodium vulgare,127079,53.5018103741,8.0125418594,214623577,214623577,"c(8.0125418594, 53.5018103741)",1,1.3782150745391846,16.450000000000045,-0.14999999999997726,4.102,1.3782150745391846,16.450000000000045,-0.14999999999997726,4.102
Polypodium vulgare,127079,49.7847783333,6.1744,219551712,219551712,"c(6.1744, 49.7847783333)",1,1.2388203144073486,16.950000000000045,-1.349999999999966,3.224,1.2388203144073486,16.950000000000045,-1.349999999999966,3.224
Polypodium vulgare,127079,49.9250372124,5.9658915264,223129028,223129028,"c(5.9658915264, 49.9250372124)",1,1.3811219930648804,15.550000000000011,-2.1499999999999773,4.555,1.3811219930648804,15.550000000000011,-2.1499999999999773,4.555
Polypodium vulgare,127079,49.8899466667,5.9,226922624,226922624,"c(5.9, 49.8899466667)",1,1.4081474542617798,15.950000000000045,-1.9499999999999886,3.5140000000000002,1.4081474542617798,15.950000000000045,-1.9499999999999886,3.5140000000000002
Polypodium vulgare,127079,50.26775,5.459625,235795577,235795577,"c(5.459625, 50.26775)",1,1.3597357273101807,16.850000000000023,-0.8499999999999659,3.795,1.3597357273101807,16.850000000000023,-0.8499999999999659,3.795
Polypodium vulgare,127079,53.141259,8.195895,244872080,244872080,"c(8.195895, 53.141259)",1,1.2777043581008911,16.750000000000057,-0.3499999999999659,3.368,1.2777043581008911,16.750000000000057,-0.3499999999999659,3.368
Polypodium vulgare,127079,47.262876,10.062139,253558061,253558061,"c(10.062139, 47.262876)",1,3.2847518920898438,12.750000000000057,-10.049999999999955,2.959,3.2847518920898438,12.750000000000057,-10.049999999999955,2.959
Polypodium vulgare,127079,60.4011333333,5.2093472222,282565943,282565943,"c(5.2093472222, 60.4011333333)",1,6.219823360443115,13.850000000000023,-1.0499999999999545,3.564,6.219823360443115,13.850000000000023,-1.0499999999999545,3.564
Polypodium vulgare,127079,60.3651194444,5.2924222222,282566765,282566765,"c(5.2924222222, 60.3651194444)",1,6.146317005157471,13.750000000000057,-2.4499999999999886,2.053,6.146317005157471,13.750000000000057,-2.4499999999999886,2.053
Polypodium vulgare,127079,60.3589055556,5.2671694444,282566766,282566766,"c(5.2671694444, 60.3589055556)",1,6.287258625030518,13.350000000000023,-2.5499999999999545,3.531,6.287258625030518,13.350000000000023,-2.5499999999999545,3.531
Polypodium vulgare,127079,60.3589166667,5.2671638889,282566767,282566767,"c(5.2671638889, 60.3589166667)",1,6.287258625030518,13.350000000000023,-2.5499999999999545,3.531,6.287258625030518,13.350000000000023,-2.5499999999999545,3.531
Polypodium vulgare,127079,60.3575777778,5.265925,282566769,282566769,"c(5.265925, 60.3575777778)",1,5.895794868469238,13.750000000000057,-2.0499999999999545,2.691,5.895794868469238,13.750000000000057,-2.0499999999999545,2.691
Polypodium vulgare,127079,60.3568694444,5.2644166667,282567846,282567846,"c(5.2644166667, 60.3568694444)",1,5.895794868469238,13.750000000000057,-2.0499999999999545,2.691,5.895794868469238,13.750000000000057,-2.0499999999999545,2.691
Polypodium vulgare,127079,60.35445,5.2608194444,282567848,282567848,"c(5.2608194444, 60.35445)",1,5.895794868469238,13.750000000000057,-2.0499999999999545,2.691,5.895794868469238,13.750000000000057,-2.0499999999999545,2.691
Polypodium vulgare,127079,60.3891194444,5.319675,282567852,282567852,"c(5.319675, 60.3891194444)",1,5.635429382324219,14.350000000000023,-2.0499999999999545,2.613,5.635429382324219,14.350000000000023,-2.0499999999999545,2.613
Polypodium vulgare,127079,60.3881,5.3206416667,282567853,282567853,"c(5.3206416667, 60.3881)",1,5.635429382324219,14.350000000000023,-2.0499999999999545,2.613,5.635429382324219,14.350000000000023,-2.0499999999999545,2.613
Polypodium vulgare,127079,60.5463166667,5.2416,282568540,282568540,"c(5.2416, 60.5463166667)",1,7.122211456298828,13.750000000000057,-0.7499999999999432,4.41,7.122211456298828,13.750000000000057,-0.7499999999999432,4.41
Polypodium vulgare,127079,60.5462138889,5.2416472222,282568541,282568541,"c(5.2416472222, 60.5462138889)",1,7.122211456298828,13.750000000000057,-0.7499999999999432,4.41,7.122211456298828,13.750000000000057,-0.7499999999999432,4.41
Polypodium vulgare,127079,60.5449833333,5.2414861111,282568544,282568544,"c(5.2414861111, 60.5449833333)",1,7.391275405883789,13.450000000000045,-0.8499999999999659,4.183,7.391275405883789,13.450000000000045,-0.8499999999999659,4.183
Polypodium vulgare,127079,60.5450527778,5.2415277778,282568834,282568834,"c(5.2415277778, 60.5450527778)",1,7.122211456298828,13.750000000000057,-0.7499999999999432,4.41,7.122211456298828,13.750000000000057,-0.7499999999999432,4.41
Polypodium vulgare,127079,61.2536888889,4.9864611111,282573866,282573866,"c(4.9864611111, 61.2536888889)",1,11.247353553771973,12.950000000000045,1.8500000000000227,4.345,11.247353553771973,12.950000000000045,1.8500000000000227,4.345
Polypodium vulgare,127079,61.2539361111,4.9852833333,282573870,282573870,"c(4.9852833333, 61.2539361111)",1,11.247353553771973,12.950000000000045,1.8500000000000227,4.345,11.247353553771973,12.950000000000045,1.8500000000000227,4.345
Polypodium vulgare,127079,61.2544416667,4.9841861111,282573875,282573875,"c(4.9841861111, 61.2544416667)",1,11.247353553771973,12.950000000000045,1.8500000000000227,4.345,11.247353553771973,12.950000000000045,1.8500000000000227,4.345
Polypodium vulgare,127079,58.359025,11.25213,284783688,284783688,"c(11.25213, 58.359025)",1,2.004547595977783,15.850000000000023,-1.4499999999999886,5.7010000000000005,2.004547595977783,15.850000000000023,-1.4499999999999886,5.7010000000000005
Polypodium vulgare,127079,58.752062,11.195148,286482481,286482481,"c(11.195148, 58.752062)",1,2.1603734493255615,15.950000000000045,-1.7499999999999432,5.306,2.1603734493255615,15.950000000000045,-1.7499999999999432,5.306
Polypodium vulgare,127079,51.8063055556,10.3224583333,311088315,311088315,"c(10.3224583333, 51.8063055556)",1,2.421539306640625,14.350000000000023,-4.0499999999999545,3.476,2.421539306640625,14.350000000000023,-4.0499999999999545,3.476
Polypodium vulgare,127079,47.64135,-2.9569694444,312845402,312845402,"c(-2.9569694444, 47.64135)",1,1.3356976509094238,17.55000000000001,4.4500000000000455,4.184,1.3356976509094238,17.55000000000001,4.4500000000000455,4.184
Polypodium vulgare,127079,47.6413,-2.9566055556,312846468,312846468,"c(-2.9566055556, 47.6413)",1,1.3356976509094238,17.55000000000001,4.4500000000000455,4.184,1.3356976509094238,17.55000000000001,4.4500000000000455,4.184
Polypodium vulgare,127079,47.6413,-2.9565694444,312846627,312846627,"c(-2.9565694444, 47.6413)",1,1.3356976509094238,17.55000000000001,4.4500000000000455,4.184,1.3356976509094238,17.55000000000001,4.4500000000000455,4.184
Polypodium vulgare,127079,47.6411222222,-2.9566222222,312847608,312847608,"c(-2.9566222222, 47.6411222222)",1,1.3356976509094238,17.55000000000001,4.4500000000000455,4.184,1.3356976509094238,17.55000000000001,4.4500000000000455,4.184
Polypodium vulgare,127079,47.6411944444,-2.9569277778,312849217,312849217,"c(-2.9569277778, 47.6411944444)",1,1.3356976509094238,17.55000000000001,4.4500000000000455,4.184,1.3356976509094238,17.55000000000001,4.4500000000000455,4.184
Polypodium vulgare,127079,47.6412861111,-2.9570611111,312849321,312849321,"c(-2.9570611111, 47.6412861111)",1,1.3356976509094238,17.55000000000001,4.4500000000000455,4.184,1.3356976509094238,17.55000000000001,4.4500000000000455,4.184
Polypodium vulgare,127079,47.6412222222,-2.9572694444,312849540,312849540,"c(-2.9572694444, 47.6412222222)",1,1.3356976509094238,17.55000000000001,4.4500000000000455,4.184,1.3356976509094238,17.55000000000001,4.4500000000000455,4.184
Polypodium vulgare,127079,47.0081166667,-2.2215361111,312914072,312914072,"c(-2.2215361111, 47.0081166667)",1,1.3215945959091187,18.150000000000034,5.350000000000023,4.78,1.3215945959091187,18.150000000000034,5.350000000000023,4.78
Polypodium vulgare,127079,46.7184444444,-2.3562416667,312916874,312916874,"c(-2.3562416667, 46.7184444444)",1,1.799237847328186,18.150000000000034,6.650000000000034,4.417,1.799237847328186,18.150000000000034,6.650000000000034,4.417
Polypodium vulgare,127079,46.5703277778,-1.8188861111,312928799,312928799,"c(-1.8188861111, 46.5703277778)",1,1.4123268127441406,18.55000000000001,5.4500000000000455,3.251,1.4123268127441406,18.55000000000001,5.4500000000000455,3.251
Polypodium vulgare,127079,46.1653666667,-1.1125611111,312932095,312932095,"c(-1.1125611111, 46.1653666667)",1,1.0459861755371094,19.450000000000045,3.9500000000000455,3.2520000000000002,1.0459861755371094,19.450000000000045,3.9500000000000455,3.2520000000000002
Polypodium vulgare,127079,52.7907833333,-3.8898444444,312956938,312956938,"c(-3.8898444444, 52.7907833333)",1,3.5189950466156006,14.750000000000057,1.650000000000034,3.009,3.5189950466156006,14.750000000000057,1.650000000000034,3.009
Polypodium vulgare,127079,52.8015722222,-3.8982277778,313772907,313772907,"c(-3.8982277778, 52.8015722222)",1,3.5632002353668213,14.550000000000011,1.4500000000000455,3.107,3.5632002353668213,14.550000000000011,1.4500000000000455,3.107
Polypodium vulgare,127079,55.0304166667,-8.2703972222,314597313,314597313,"c(-8.2703972222, 55.0304166667)",1,5.067353248596191,13.950000000000045,4.750000000000057,5.477,5.067353248596191,13.950000000000045,4.750000000000057,5.477
Polypodium vulgare,127079,55.0108611111,-8.0126361111,314987100,314987100,"c(-8.0126361111, 55.0108611111)",1,4.353539943695068,13.650000000000034,3.0500000000000114,5.377,4.353539943695068,13.650000000000034,3.0500000000000114,5.377
Polypodium vulgare,127079,55.0155722222,-8.0011583333,314987889,314987889,"c(-8.0011583333, 55.0155722222)",1,4.428325653076172,13.350000000000023,2.750000000000057,7.604,4.428325653076172,13.350000000000023,2.750000000000057,7.604
Polypodium vulgare,127079,55.0156555556,-8.0011944444,315049665,315049665,"c(-8.0011944444, 55.0156555556)",1,4.428325653076172,13.350000000000023,2.750000000000057,7.604,4.428325653076172,13.350000000000023,2.750000000000057,7.604
Polypodium vulgare,127079,53.9953305556,-8.0651055556,316551195,316551195,"c(-8.0651055556, 53.9953305556)",1,2.306190252304077,14.650000000000034,2.4500000000000455,5.005,2.306190252304077,14.650000000000034,2.4500000000000455,5.005
Polypodium vulgare,127079,53.9854611111,-8.2308888889,317191266,317191266,"c(-8.2308888889, 53.9854611111)",1,2.2559642791748047,14.550000000000011,2.4500000000000455,5.41,2.2559642791748047,14.550000000000011,2.4500000000000455,5.41
Polypodium vulgare,127079,49.2758805556,-0.7028083333,317229733,317229733,"c(-0.7028083333, 49.2758805556)",1,1.3302589654922485,17.150000000000034,3.250000000000057,3.283,1.3302589654922485,17.150000000000034,3.250000000000057,3.283
Polypodium vulgare,127079,47.67384747,11.44264051,327348674,327348674,"c(11.44264051, 47.67384747)",1,2.4891364574432373,14.450000000000045,-8.649999999999977,1.272,2.4891364574432373,14.450000000000045,-8.649999999999977,1.272
Polypodium vulgare,127079,53.3604134924,-1.5145995095,329343316,329343316,"c(-1.5145995095, 53.3604134924)",1,1.6028897762298584,14.850000000000023,0.6500000000000341,3.5020000000000002,1.6028897762298584,14.850000000000023,0.6500000000000341,3.5020000000000002
Polypodium vulgare,127079,47.2898120822,12.9751316099,33188039,33188039,"c(12.9751316099, 47.2898120822)",1,1.6128333806991577,15.950000000000045,-6.949999999999989,1.567,1.6128333806991577,15.950000000000045,-6.949999999999989,1.567
Polypodium vulgare,127079,50.6328287248,1.6028342495,336092784,336092784,"c(1.6028342495, 50.6328287248)",1,1.4362648725509644,16.55000000000001,2.3500000000000227,3.427,1.4362648725509644,16.55000000000001,2.3500000000000227,3.427
Polypodium vulgare,127079,50.6331911,1.6063557,336094159,336094159,"c(1.6063557, 50.6331911)",1,1.4362648725509644,16.55000000000001,2.3500000000000227,3.427,1.4362648725509644,16.55000000000001,2.3500000000000227,3.427
Polypodium vulgare,127079,57.70887,11.97456,34266810,34266810,"c(11.97456, 57.70887)",1,1.649915099143982,15.950000000000045,-3.1499999999999773,3.427,1.649915099143982,15.950000000000045,-3.1499999999999773,3.427
Polypodium vulgare,127079,60.4628277778,5.1640777778,352226154,352226154,"c(5.1640777778, 60.4628277778)",1,7.246788501739502,13.250000000000057,-0.44999999999998863,3.1710000000000003,7.246788501739502,13.250000000000057,-0.44999999999998863,3.1710000000000003
Polypodium vulgare,127079,60.4642611111,5.1598722222,358231013,358231013,"c(5.1598722222, 60.4642611111)",1,7.246788501739502,13.250000000000057,-0.44999999999998863,3.1710000000000003,7.246788501739502,13.250000000000057,-0.44999999999998863,3.1710000000000003
Polypodium vulgare,127079,60.4773138889,5.1727138889,358333683,358333683,"c(5.1727138889, 60.4773138889)",1,7.1080169677734375,13.550000000000011,-0.24999999999994316,2.228,7.1080169677734375,13.550000000000011,-0.24999999999994316,2.228
Polypodium vulgare,127079,60.5657333333,5.4984666667,358609100,358609100,"c(5.4984666667, 60.5657333333)",1,6.9478983879089355,14.150000000000034,-4.0499999999999545,3.543,6.9478983879089355,14.150000000000034,-4.0499999999999545,3.543
Polypodium vulgare,127079,60.5662166667,5.4963527778,358609368,358609368,"c(5.4963527778, 60.5662166667)",1,6.9478983879089355,14.150000000000034,-4.0499999999999545,3.543,6.9478983879089355,14.150000000000034,-4.0499999999999545,3.543
Polypodium vulgare,127079,60.5661444444,5.4963888889,358610683,358610683,"c(5.4963888889, 60.5661444444)",1,6.9478983879089355,14.150000000000034,-4.0499999999999545,3.543,6.9478983879089355,14.150000000000034,-4.0499999999999545,3.543
Polypodium vulgare,127079,60.5660916667,5.4940027778,358612304,358612304,"c(5.4940027778, 60.5660916667)",1,6.9478983879089355,14.150000000000034,-4.0499999999999545,3.543,6.9478983879089355,14.150000000000034,-4.0499999999999545,3.543
Polypodium vulgare,127079,60.5660916667,5.4940027778,358612615,358612615,"c(5.4940027778, 60.5660916667)",1,6.9478983879089355,14.150000000000034,-4.0499999999999545,3.543,6.9478983879089355,14.150000000000034,-4.0499999999999545,3.543
Polypodium vulgare,127079,60.3953722222,5.3272888889,358612930,358612930,"c(5.3272888889, 60.3953722222)",1,5.688604831695557,14.250000000000057,-2.249999999999943,2.7560000000000002,5.688604831695557,14.250000000000057,-2.249999999999943,2.7560000000000002
Polypodium vulgare,127079,60.39125,5.3275972222,358613745,358613745,"c(5.3275972222, 60.39125)",1,5.635483264923096,14.450000000000045,-2.1499999999999773,2.773,5.635483264923096,14.450000000000045,-2.1499999999999773,2.773
Polypodium vulgare,127079,60.3909666667,5.3294138889,358614437,358614437,"c(5.3294138889, 60.3909666667)",1,5.635483264923096,14.450000000000045,-2.1499999999999773,2.773,5.635483264923096,14.450000000000045,-2.1499999999999773,2.773
Polypodium vulgare,127079,48.3675549,-3.7445517,40628999,40628999,"c(-3.7445517, 48.3675549)",1,1.9053915739059448,15.850000000000023,2.750000000000057,3.737,1.9053915739059448,15.850000000000023,2.750000000000057,3.737
Polypodium vulgare,127079,45.6291507682,5.1249738783,46582679,46582679,"c(5.1249738783, 45.6291507682)",1,1.0389491319656372,20.250000000000057,-0.9499999999999886,3.805,1.0389491319656372,20.250000000000057,-0.9499999999999886,3.805
Polypodium vulgare,127079,49.271597,19.869291,48421756,48421756,"c(19.869291, 49.271597)",1,2.188568353652954,13.750000000000057,-9.549999999999955,2.4170000000000003,2.188568353652954,13.750000000000057,-9.549999999999955,2.4170000000000003
Polypodium vulgare,127079,49.30975533,22.18974554,52942167,52942167,"c(22.18974554, 49.30975533)",1,1.7866060733795166,14.350000000000023,-7.349999999999966,3.681,1.7866060733795166,14.350000000000023,-7.349999999999966,3.681
Polypodium vulgare,127079,55.5952383333,-5.4694133333,66778618,66778618,"c(-5.4694133333, 55.5952383333)",1,5.501572608947754,13.350000000000023,4.9500000000000455,4.259,5.501572608947754,13.350000000000023,4.9500000000000455,4.259
Polypodium vulgare,127079,49.5726161997,20.0819848,66824329,66824329,"c(20.0819848, 49.5726161997)",1,1.8573576211929321,14.950000000000045,-7.649999999999977,2.269,1.8573576211929321,14.950000000000045,-7.649999999999977,2.269
Polypodium vulgare,127079,49.4428277778,8.7506777778,74355246,74355246,"c(8.7506777778, 49.4428277778)",1,1.5567017793655396,17.650000000000034,-2.1499999999999773,2.444,1.5567017793655396,17.650000000000034,-2.1499999999999773,2.444
Polypodium vulgare,127079,43.2116783333,-2.9705166667,98688176,98688176,"c(-2.9705166667, 43.2116783333)",1,1.8885407447814941,17.650000000000034,3.650000000000034,2.523,1.8885407447814941,17.650000000000034,3.650000000000034,2.523
Sambucus nigra,765394,-43.528839,172.594606,1042099,1042099,"c(172.594606, -43.528839)",1,0.7728134393692017,16.55000000000001,2.5500000000000114,2.4170000000000003,0.7728134393692017,16.55000000000001,2.5500000000000114,2.4170000000000003
Sambucus nigra,765394,53.1574046749,8.1559923037,133186417,133186417,"c(8.1559923037, 53.1574046749)",1,1.292100429534912,16.750000000000057,-0.3499999999999659,4.909,1.292100429534912,16.750000000000057,-0.3499999999999659,4.909
Sambucus nigra,765394,51.3041215199,8.5069383405,133647121,133647121,"c(8.5069383405, 51.3041215199)",1,1.6475495100021362,15.450000000000045,-2.9499999999999886,3.616,1.6475495100021362,15.450000000000045,-2.9499999999999886,3.616
Sambucus nigra,765394,-43.6455010997,172.7601641997,141672226,141672226,"c(172.7601641997, -43.6455010997)",1,1.1009050607681274,15.650000000000034,3.150000000000034,2.605,1.1009050607681274,15.650000000000034,3.150000000000034,2.605
Sambucus nigra,765394,45.7834487632,10.6144655928,143570690,143570690,"c(10.6144655928, 45.7834487632)",1,2.0887269973754883,16.05000000000001,-6.349999999999966,2.325,2.0887269973754883,16.05000000000001,-6.349999999999966,2.325
Sambucus nigra,765394,51.7945076485,10.336077506,146817333,146817333,"c(10.336077506, 51.7945076485)",1,2.4911746978759766,14.050000000000011,-4.249999999999943,4.547,2.4911746978759766,14.050000000000011,-4.249999999999943,4.547
Sambucus nigra,765394,50.089938108,8.6279862884,146836147,146836147,"c(8.6279862884, 50.089938108)",1,0.9402034878730774,18.950000000000045,-1.2499999999999432,2.31,0.9402034878730774,18.950000000000045,-1.2499999999999432,2.31
Sambucus nigra,765394,51.807466514,10.3422811255,149924000,149924000,"c(10.3422811255, 51.807466514)",1,2.427168607711792,14.250000000000057,-4.149999999999977,3.7030000000000003,2.427168607711792,14.250000000000057,-4.149999999999977,3.7030000000000003
Sambucus nigra,765394,50.0312461086,8.1374636039,151431703,151431703,"c(8.1374636039, 50.0312461086)",1,0.8044911026954651,18.950000000000045,-1.349999999999966,3.192,0.8044911026954651,18.950000000000045,-1.349999999999966,3.192
Sambucus nigra,765394,49.5439539677,8.6694352452,155640939,155640939,"c(8.6694352452, 49.5439539677)",1,1.3687150478363037,18.950000000000045,-1.5499999999999545,2.485,1.3687150478363037,18.950000000000045,-1.5499999999999545,2.485
Sambucus nigra,765394,53.143351,8.023576,156050069,156050069,"c(8.023576, 53.143351)",1,1.304643154144287,16.750000000000057,-0.3499999999999659,4.817,1.304643154144287,16.750000000000057,-0.3499999999999659,4.817
Sambucus nigra,765394,53.1822119722,8.267436,158171057,158171057,"c(8.267436, 53.1822119722)",1,1.3064994812011719,16.750000000000057,-0.3499999999999659,5.222,1.3064994812011719,16.750000000000057,-0.3499999999999659,5.222
Sambucus nigra,765394,53.183945,8.264957,158174445,158174445,"c(8.264957, 53.183945)",1,1.316043734550476,16.750000000000057,-0.3499999999999659,4.724,1.316043734550476,16.750000000000057,-0.3499999999999659,4.724
Sambucus nigra,765394,53.183934,8.264958,158179512,158179512,"c(8.264958, 53.183934)",1,1.316043734550476,16.750000000000057,-0.3499999999999659,4.724,1.316043734550476,16.750000000000057,-0.3499999999999659,4.724
Sambucus nigra,765394,53.149814,8.168306,160539597,160539597,"c(8.168306, 53.149814)",1,1.2845691442489624,16.750000000000057,-0.3499999999999659,3.45,1.2845691442489624,16.750000000000057,-0.3499999999999659,3.45
Sambucus nigra,765394,53.0942849722,8.482744,161633777,161633777,"c(8.482744, 53.0942849722)",1,1.2271087169647217,16.850000000000023,-0.3499999999999659,4.494,1.2271087169647217,16.850000000000023,-0.3499999999999659,4.494
Sambucus nigra,765394,49.751522,11.441938,162601326,162601326,"c(11.441938, 49.751522)",1,1.2327474355697632,16.750000000000057,-3.4499999999999886,4.197,1.2327474355697632,16.750000000000057,-3.4499999999999886,4.197
Sambucus nigra,765394,49.767209,11.409285,162602074,162602074,"c(11.409285, 49.767209)",1,1.181883692741394,17.250000000000057,-3.249999999999943,3.465,1.181883692741394,17.250000000000057,-3.249999999999943,3.465
Sambucus nigra,765394,49.7659719722,11.4099099722,163173301,163173301,"c(11.4099099722, 49.7659719722)",1,1.1915253400802612,17.150000000000034,-3.249999999999943,3.6910000000000003,1.1915253400802612,17.150000000000034,-3.249999999999943,3.6910000000000003
Sambucus nigra,765394,49.765996,11.409734,163173929,163173929,"c(11.409734, 49.765996)",1,1.1915253400802612,17.150000000000034,-3.249999999999943,3.6910000000000003,1.1915253400802612,17.150000000000034,-3.249999999999943,3.6910000000000003
Sambucus nigra,765394,49.769311,11.4114,163250805,163250805,"c(11.4114, 49.769311)",1,1.181883692741394,17.250000000000057,-3.249999999999943,3.465,1.181883692741394,17.250000000000057,-3.249999999999943,3.465
Sambucus nigra,765394,49.7679019722,11.4108459722,163252398,163252398,"c(11.4108459722, 49.7679019722)",1,1.181883692741394,17.250000000000057,-3.249999999999943,3.465,1.181883692741394,17.250000000000057,-3.249999999999943,3.465
Sambucus nigra,765394,49.7675139722,11.413982,163252582,163252582,"c(11.413982, 49.7675139722)",1,1.181883692741394,17.250000000000057,-3.249999999999943,3.465,1.181883692741394,17.250000000000057,-3.249999999999943,3.465
Sambucus nigra,765394,49.765726,11.4179189722,163344791,163344791,"c(11.4179189722, 49.765726)",1,1.213835597038269,16.850000000000023,-3.4499999999999886,4.226,1.213835597038269,16.850000000000023,-3.4499999999999886,4.226
Sambucus nigra,765394,51.3923665436,-0.2307343392,163681212,163681212,"c(-0.2307343392, 51.3923665436)",1,0.9886590838432312,16.750000000000057,1.8500000000000227,3.0100000000000002,0.9886590838432312,16.750000000000057,1.8500000000000227,3.0100000000000002
Sambucus nigra,765394,53.139579,8.196564,167946429,167946429,"c(8.196564, 53.139579)",1,1.2777043581008911,16.750000000000057,-0.3499999999999659,3.368,1.2777043581008911,16.750000000000057,-0.3499999999999659,3.368
Sambucus nigra,765394,53.1362559812,8.2815989479,169150603,169150603,"c(8.2815989479, 53.1362559812)",1,1.2708401679992676,16.850000000000023,-0.3499999999999659,4.626,1.2708401679992676,16.850000000000023,-0.3499999999999659,4.626
Sambucus nigra,765394,53.1731139722,8.2720699722,169176326,169176326,"c(8.2720699722, 53.1731139722)",1,1.3012360334396362,16.750000000000057,-0.3499999999999659,4.956,1.3012360334396362,16.750000000000057,-0.3499999999999659,4.956
Sambucus nigra,765394,53.5047521986,8.0744324997,171698572,171698572,"c(8.0744324997, 53.5047521986)",1,1.3791050910949707,16.450000000000045,-0.14999999999997726,5.581,1.3791050910949707,16.450000000000045,-0.14999999999997726,5.581
Sambucus nigra,765394,53.5188663057,8.1206771359,171702748,171702748,"c(8.1206771359, 53.5188663057)",1,1.4081013202667236,16.450000000000045,-0.049999999999954525,3.71,1.4081013202667236,16.450000000000045,-0.049999999999954525,3.71
Sambucus nigra,765394,53.5132778075,8.1129315868,171702897,171702897,"c(8.1129315868, 53.5132778075)",1,1.3937705755233765,16.55000000000001,-0.14999999999997726,4.344,1.3937705755233765,16.55000000000001,-0.14999999999997726,4.344
Sambucus nigra,765394,51.7939641664,10.3361543645,172753610,172753610,"c(10.3361543645, 51.7939641664)",1,2.4911746978759766,14.050000000000011,-4.249999999999943,4.547,2.4911746978759766,14.050000000000011,-4.249999999999943,4.547
Sambucus nigra,765394,51.795018908,10.3360275136,172753612,172753612,"c(10.3360275136, 51.795018908)",1,2.4911746978759766,14.050000000000011,-4.249999999999943,4.547,2.4911746978759766,14.050000000000011,-4.249999999999943,4.547
Sambucus nigra,765394,47.6668263267,11.1359350383,176266939,176266939,"c(11.1359350383, 47.6668263267)",1,1.7566263675689697,16.650000000000034,-7.5499999999999545,1.768,1.7566263675689697,16.650000000000034,-7.5499999999999545,1.768
Sambucus nigra,765394,47.6668263267,11.1359350383,176268544,176268544,"c(11.1359350383, 47.6668263267)",1,1.7566263675689697,16.650000000000034,-7.5499999999999545,1.768,1.7566263675689697,16.650000000000034,-7.5499999999999545,1.768
Sambucus nigra,765394,47.666920932,11.1362622678,176270112,176270112,"c(11.1362622678, 47.666920932)",1,1.7566263675689697,16.650000000000034,-7.5499999999999545,1.768,1.7566263675689697,16.650000000000034,-7.5499999999999545,1.768
Sambucus nigra,765394,47.6668549722,11.1361209722,176273634,176273634,"c(11.1361209722, 47.6668549722)",1,1.7566263675689697,16.650000000000034,-7.5499999999999545,1.768,1.7566263675689697,16.650000000000034,-7.5499999999999545,1.768
Sambucus nigra,765394,48.130592,11.583417,176573508,176573508,"c(11.583417, 48.130592)",1,1.3152987957000732,17.55000000000001,-3.849999999999966,2.3930000000000002,1.3152987957000732,17.55000000000001,-3.849999999999966,2.3930000000000002
Sambucus nigra,765394,49.7977813988,9.9430269375,176746858,176746858,"c(9.9430269375, 49.7977813988)",1,0.8057146668434143,18.450000000000045,-2.0499999999999545,2.328,0.8057146668434143,18.450000000000045,-2.0499999999999545,2.328
Sambucus nigra,765394,47.485202,11.112994,177217481,177217481,"c(11.112994, 47.485202)",1,1.5509943962097168,16.650000000000034,-7.849999999999966,1.054,1.5509943962097168,16.650000000000034,-7.849999999999966,1.054
Sambucus nigra,765394,47.46268,11.128206,177966495,177966495,"c(11.128206, 47.46268)",1,1.7140485048294067,14.950000000000045,-9.449999999999989,2.473,1.7140485048294067,14.950000000000045,-9.449999999999989,2.473
Sambucus nigra,765394,47.465233,11.130824,177970301,177970301,"c(11.130824, 47.465233)",1,1.7140485048294067,14.950000000000045,-9.449999999999989,2.473,1.7140485048294067,14.950000000000045,-9.449999999999989,2.473
Sambucus nigra,765394,53.170020825,8.0603049695,178185041,178185041,"c(8.0603049695, 53.170020825)",1,1.3121237754821777,16.650000000000034,-0.3499999999999659,4.5760000000000005,1.3121237754821777,16.650000000000034,-0.3499999999999659,4.5760000000000005
Sambucus nigra,765394,53.1479224799,8.1966237181,179666085,179666085,"c(8.1966237181, 53.1479224799)",1,1.2839415073394775,16.750000000000057,-0.3499999999999659,3.2840000000000003,1.2839415073394775,16.750000000000057,-0.3499999999999659,3.2840000000000003
Sambucus nigra,765394,46.3077609722,-0.6027259722,182313764,182313764,"c(-0.6027259722, 46.3077609722)",1,0.997538149356842,19.650000000000034,2.8500000000000227,3.415,0.997538149356842,19.650000000000034,2.8500000000000227,3.415
Sambucus nigra,765394,46.315134,-0.6087839722,182356735,182356735,"c(-0.6087839722, 46.315134)",1,0.9971134662628174,19.650000000000034,2.8500000000000227,3.531,0.9971134662628174,19.650000000000034,2.8500000000000227,3.531
Sambucus nigra,765394,47.2341219722,0.1617189722,183959316,183959316,"c(0.1617189722, 47.2341219722)",1,0.7625291347503662,19.350000000000023,2.250000000000057,4.138,0.7625291347503662,19.350000000000023,2.250000000000057,4.138
Sambucus nigra,765394,47.231898,0.116375,183963226,183963226,"c(0.116375, 47.231898)",1,0.756766140460968,19.350000000000023,2.250000000000057,4.636,0.756766140460968,19.350000000000023,2.250000000000057,4.636
Sambucus nigra,765394,51.1872051102,10.0597717097,193468354,193468354,"c(10.0597717097, 51.1872051102)",1,1.0039101839065552,17.55000000000001,-2.249999999999943,2.424,1.0039101839065552,17.55000000000001,-2.249999999999943,2.424
Sambucus nigra,765394,53.7097421746,7.229031594,203904305,203904305,"c(7.229031594, 53.7097421746)",1,2.029200792312622,16.250000000000057,1.5500000000000114,5.495,2.029200792312622,16.250000000000057,1.5500000000000114,5.495
Sambucus nigra,765394,51.806372,10.334397,204006582,204006582,"c(10.334397, 51.806372)",1,2.4475395679473877,14.250000000000057,-4.149999999999977,3.749,2.4475395679473877,14.250000000000057,-4.149999999999977,3.749
Sambucus nigra,765394,51.794226,10.336747,204008782,204008782,"c(10.336747, 51.794226)",1,2.4911746978759766,14.050000000000011,-4.249999999999943,4.547,2.4911746978759766,14.050000000000011,-4.249999999999943,4.547
Sambucus nigra,765394,51.794242,10.336205,204009066,204009066,"c(10.336205, 51.794242)",1,2.4911746978759766,14.050000000000011,-4.249999999999943,4.547,2.4911746978759766,14.050000000000011,-4.249999999999943,4.547
Sambucus nigra,765394,51.8042305556,10.3365777778,204146230,204146230,"c(10.3365777778, 51.8042305556)",1,2.4475395679473877,14.250000000000057,-4.149999999999977,3.749,2.4475395679473877,14.250000000000057,-4.149999999999977,3.749
Sambucus nigra,765394,51.794242,10.336205,204926795,204926795,"c(10.336205, 51.794242)",1,2.4911746978759766,14.050000000000011,-4.249999999999943,4.547,2.4911746978759766,14.050000000000011,-4.249999999999943,4.547
Sambucus nigra,765394,53.151205019,8.1601046499,207538855,207538855,"c(8.1601046499, 53.151205019)",1,1.29326331615448,16.750000000000057,-0.3499999999999659,4.553,1.29326331615448,16.750000000000057,-0.3499999999999659,4.553
Sambucus nigra,765394,54.7004575096,9.9949387461,208534975,208534975,"c(9.9949387461, 54.7004575096)",1,1.4479598999023438,16.450000000000045,0.05000000000001137,5.078,1.4479598999023438,16.450000000000045,0.05000000000001137,5.078
Sambucus nigra,765394,50.620228,8.34262,208781618,208781618,"c(8.34262, 50.620228)",1,1.1748005151748657,17.55000000000001,-2.0499999999999545,2.335,1.1748005151748657,17.55000000000001,-2.0499999999999545,2.335
Sambucus nigra,765394,53.1851472222,8.1509944444,210796798,210796798,"c(8.1509944444, 53.1851472222)",1,1.3192670345306396,16.650000000000034,-0.3499999999999659,4.798,1.3192670345306396,16.650000000000034,-0.3499999999999659,4.798
Sambucus nigra,765394,53.1275194444,8.134525,212617692,212617692,"c(8.134525, 53.1275194444)",1,1.2879188060760498,16.750000000000057,-0.24999999999994316,4.236,1.2879188060760498,16.750000000000057,-0.24999999999994316,4.236
Sambucus nigra,765394,-43.5309240167,172.6190717333,213374253,213374253,"c(172.6190717333, -43.5309240167)",1,0.8018243312835693,16.450000000000045,2.8500000000000227,3.0020000000000002,0.8018243312835693,16.450000000000045,2.8500000000000227,3.0020000000000002
Sambucus nigra,765394,53.138275,8.173575,214399699,214399699,"c(8.173575, 53.138275)",1,1.2791932821273804,16.750000000000057,-0.3499999999999659,3.4130000000000003,1.2791932821273804,16.750000000000057,-0.3499999999999659,3.4130000000000003
Sambucus nigra,765394,53.5375666667,7.9682277778,214593093,214593093,"c(7.9682277778, 53.5375666667)",1,1.4273550510406494,16.450000000000045,0.05000000000001137,4.8420000000000005,1.4273550510406494,16.450000000000045,0.05000000000001137,4.8420000000000005
Sambucus nigra,765394,51.7746512,10.8060728,215468213,215468213,"c(10.8060728, 51.7746512)",1,1.3917226791381836,15.050000000000011,-3.9499999999999886,3.529,1.3917226791381836,15.050000000000011,-3.9499999999999886,3.529
Sambucus nigra,765394,51.8364793,10.7943502997,215477623,215477623,"c(10.7943502997, 51.8364793)",1,1.1431858539581299,16.55000000000001,-3.0499999999999545,2.93,1.1431858539581299,16.55000000000001,-3.0499999999999545,2.93
Sambucus nigra,765394,53.1966166667,8.5006111111,217011820,217011820,"c(8.5006111111, 53.1966166667)",1,1.253098487854004,16.750000000000057,-0.3499999999999659,5.25,1.253098487854004,16.750000000000057,-0.3499999999999659,5.25
Sambucus nigra,765394,53.1893416667,8.4289083333,217038019,217038019,"c(8.4289083333, 53.1893416667)",1,1.2606827020645142,16.750000000000057,-0.3499999999999659,5.266,1.2606827020645142,16.750000000000057,-0.3499999999999659,5.266
Sambucus nigra,765394,53.199425,8.4695527778,217040396,217040396,"c(8.4695527778, 53.199425)",1,1.2574352025985718,16.750000000000057,-0.3499999999999659,5.3420000000000005,1.2574352025985718,16.750000000000057,-0.3499999999999659,5.3420000000000005
Sambucus nigra,765394,53.2013586061,7.9863352474,218408988,218408988,"c(7.9863352474, 53.2013586061)",1,1.3293793201446533,16.55000000000001,-0.3499999999999659,4.7010000000000005,1.3293793201446533,16.55000000000001,-0.3499999999999659,4.7010000000000005
Sambucus nigra,765394,53.380125,7.8825833333,219755327,219755327,"c(7.8825833333, 53.380125)",1,1.358183741569519,16.450000000000045,-0.3499999999999659,5.005,1.358183741569519,16.450000000000045,-0.3499999999999659,5.005
Sambucus nigra,765394,53.3849416667,7.8990527778,219755545,219755545,"c(7.8990527778, 53.3849416667)",1,1.3595921993255615,16.450000000000045,-0.3499999999999659,4.355,1.3595921993255615,16.450000000000045,-0.3499999999999659,4.355
Sambucus nigra,765394,53.3802472222,7.8841472222,219757336,219757336,"c(7.8841472222, 53.3802472222)",1,1.359726905822754,16.450000000000045,-0.3499999999999659,4.972,1.359726905822754,16.450000000000045,-0.3499999999999659,4.972
Sambucus nigra,765394,53.1464194444,8.1560388889,220271533,220271533,"c(8.1560388889, 53.1464194444)",1,1.2886947393417358,16.750000000000057,-0.3499999999999659,3.843,1.2886947393417358,16.750000000000057,-0.3499999999999659,3.843
Sambucus nigra,765394,53.142714805,8.1599433348,224357747,224357747,"c(8.1599433348, 53.142714805)",1,1.2860842943191528,16.750000000000057,-0.3499999999999659,3.793,1.2860842943191528,16.750000000000057,-0.3499999999999659,3.793
Sambucus nigra,765394,53.1393212997,8.1970419,225277313,225277313,"c(8.1970419, 53.1393212997)",1,1.2777043581008911,16.750000000000057,-0.3499999999999659,3.368,1.2777043581008911,16.750000000000057,-0.3499999999999659,3.368
Sambucus nigra,765394,53.1393929997,8.1968302,225279286,225279286,"c(8.1968302, 53.1393929997)",1,1.2777043581008911,16.750000000000057,-0.3499999999999659,3.368,1.2777043581008911,16.750000000000057,-0.3499999999999659,3.368
Sambucus nigra,765394,53.0614413997,8.8608045,228209509,228209509,"c(8.8608045, 53.0614413997)",1,1.1792621612548828,17.05000000000001,-0.44999999999998863,3.5260000000000002,1.1792621612548828,17.05000000000001,-0.44999999999998863,3.5260000000000002
Sambucus nigra,765394,53.1898805262,8.2136888745,239918313,239918313,"c(8.2136888745, 53.1898805262)",1,1.3262420892715454,16.650000000000034,-0.3499999999999659,3.584,1.3262420892715454,16.650000000000034,-0.3499999999999659,3.584
Sambucus nigra,765394,53.1709883976,8.2420756352,241236838,241236838,"c(8.2420756352, 53.1709883976)",1,1.3145358562469482,16.650000000000034,-0.3499999999999659,4.371,1.3145358562469482,16.650000000000034,-0.3499999999999659,4.371
Sambucus nigra,765394,53.1609408139,8.2364903496,242202201,242202201,"c(8.2364903496, 53.1609408139)",1,1.302878499031067,16.750000000000057,-0.3499999999999659,3.428,1.302878499031067,16.750000000000057,-0.3499999999999659,3.428
Sambucus nigra,765394,53.1569332279,8.2291412711,242232181,242232181,"c(8.2291412711, 53.1569332279)",1,1.2969489097595215,16.750000000000057,-0.3499999999999659,3.19,1.2969489097595215,16.750000000000057,-0.3499999999999659,3.19
Sambucus nigra,765394,53.1534193806,8.2323868286,242233383,242233383,"c(8.2323868286, 53.1534193806)",1,1.2969489097595215,16.750000000000057,-0.3499999999999659,3.19,1.2969489097595215,16.750000000000057,-0.3499999999999659,3.19
Sambucus nigra,765394,53.1314852661,8.2499980485,243313603,243313603,"c(8.2499980485, 53.1314852661)",1,1.2730181217193604,16.850000000000023,-0.3499999999999659,4.043,1.2730181217193604,16.850000000000023,-0.3499999999999659,4.043
Sambucus nigra,765394,53.0910624451,8.2485263261,243373731,243373731,"c(8.2485263261, 53.0910624451)",1,1.2539201974868774,16.850000000000023,-0.24999999999994316,4.157,1.2539201974868774,16.850000000000023,-0.24999999999994316,4.157
Sambucus nigra,765394,53.1191501841,8.200975415,243488482,243488482,"c(8.200975415, 53.1191501841)",1,1.2674028873443604,16.850000000000023,-0.24999999999994316,4.021,1.2674028873443604,16.850000000000023,-0.24999999999994316,4.021
Sambucus nigra,765394,53.1554750143,8.1990459027,243751987,243751987,"c(8.1990459027, 53.1554750143)",1,1.2916765213012695,16.750000000000057,-0.3499999999999659,3.303,1.2916765213012695,16.750000000000057,-0.3499999999999659,3.303
Sambucus nigra,765394,53.1799045553,8.2355139772,243754875,243754875,"c(8.2355139772, 53.1799045553)",1,1.3234001398086548,16.650000000000034,-0.3499999999999659,3.858,1.3234001398086548,16.650000000000034,-0.3499999999999659,3.858
Sambucus nigra,765394,51.1324387,11.7210617997,246156034,246156034,"c(11.7210617997, 51.1324387)",1,0.8638499975204468,18.150000000000034,-2.0499999999999545,3.161,0.8638499975204468,18.150000000000034,-2.0499999999999545,3.161
Sambucus nigra,765394,52.4929773521,17.1868489295,252854380,252854380,"c(17.1868489295, 52.4929773521)",1,0.7914984822273254,17.850000000000023,-3.4499999999999886,3.317,0.7914984822273254,17.850000000000023,-3.4499999999999886,3.317
Sambucus nigra,765394,51.5698816667,-0.058395,267598347,267598347,"c(-0.058395, 51.5698816667)",1,0.9052578210830688,16.850000000000023,1.7500000000000568,3.215,0.9052578210830688,16.850000000000023,1.7500000000000568,3.215
Sambucus nigra,765394,50.537434,8.623957,269265734,269265734,"c(8.623957, 50.537434)",1,0.9840140342712402,17.750000000000057,-1.7499999999999432,3.177,0.9840140342712402,17.750000000000057,-1.7499999999999432,3.177
Sambucus nigra,765394,52.4279669587,17.3049768278,270823468,270823468,"c(17.3049768278, 52.4279669587)",1,0.7702986598014832,17.750000000000057,-3.5499999999999545,4.139,0.7702986598014832,17.750000000000057,-3.5499999999999545,4.139
Sambucus nigra,765394,54.5065388889,9.1864555556,274706392,274706392,"c(9.1864555556, 54.5065388889)",1,1.5235919952392578,15.950000000000045,-0.8499999999999659,5.1770000000000005,1.5235919952392578,15.950000000000045,-0.8499999999999659,5.1770000000000005
Sambucus nigra,765394,53.184425,8.17175,277374436,277374436,"c(8.17175, 53.184425)",1,1.3211100101470947,16.650000000000034,-0.3499999999999659,4.12,1.3211100101470947,16.650000000000034,-0.3499999999999659,4.12
Sambucus nigra,765394,52.1274944444,4.4650527778,277659951,277659951,"c(4.4650527778, 52.1274944444)",1,1.6052299737930298,16.650000000000034,1.5500000000000114,3.761,1.6052299737930298,16.650000000000034,1.5500000000000114,3.761
Sambucus nigra,765394,52.1274944444,4.4650027778,277659955,277659955,"c(4.4650027778, 52.1274944444)",1,1.6052299737930298,16.650000000000034,1.5500000000000114,3.761,1.6052299737930298,16.650000000000034,1.5500000000000114,3.761
Sambucus nigra,765394,52.1274805556,4.4650444444,277660759,277660759,"c(4.4650444444, 52.1274805556)",1,1.6052299737930298,16.650000000000034,1.5500000000000114,3.761,1.6052299737930298,16.650000000000034,1.5500000000000114,3.761
Sambucus nigra,765394,52.1275416667,4.4651111111,277663744,277663744,"c(4.4651111111, 52.1275416667)",1,1.6052299737930298,16.650000000000034,1.5500000000000114,3.761,1.6052299737930298,16.650000000000034,1.5500000000000114,3.761
Sambucus nigra,765394,52.1276944444,4.4652055556,277673494,277673494,"c(4.4652055556, 52.1276944444)",1,1.6052299737930298,16.650000000000034,1.5500000000000114,3.761,1.6052299737930298,16.650000000000034,1.5500000000000114,3.761
Sambucus nigra,765394,52.1278416667,4.4653166667,277713073,277713073,"c(4.4653166667, 52.1278416667)",1,1.6052299737930298,16.650000000000034,1.5500000000000114,3.761,1.6052299737930298,16.650000000000034,1.5500000000000114,3.761
Sambucus nigra,765394,52.1278638889,4.4653083333,277713088,277713088,"c(4.4653083333, 52.1278638889)",1,1.6052299737930298,16.650000000000034,1.5500000000000114,3.761,1.6052299737930298,16.650000000000034,1.5500000000000114,3.761
Sambucus nigra,765394,52.127875,4.4653361111,277714333,277714333,"c(4.4653361111, 52.127875)",1,1.6052299737930298,16.650000000000034,1.5500000000000114,3.761,1.6052299737930298,16.650000000000034,1.5500000000000114,3.761
Sambucus nigra,765394,52.1279,4.4653583333,277715334,277715334,"c(4.4653583333, 52.1279)",1,1.6052299737930298,16.650000000000034,1.5500000000000114,3.761,1.6052299737930298,16.650000000000034,1.5500000000000114,3.761
Sambucus nigra,765394,52.1280277778,4.4654555556,278306669,278306669,"c(4.4654555556, 52.1280277778)",1,1.6052299737930298,16.650000000000034,1.5500000000000114,3.761,1.6052299737930298,16.650000000000034,1.5500000000000114,3.761
Sambucus nigra,765394,52.1280833333,4.4654805556,278308720,278308720,"c(4.4654805556, 52.1280833333)",1,1.6052299737930298,16.650000000000034,1.5500000000000114,3.761,1.6052299737930298,16.650000000000034,1.5500000000000114,3.761
Sambucus nigra,765394,52.1267916667,4.4642055556,278312066,278312066,"c(4.4642055556, 52.1267916667)",1,1.6052299737930298,16.650000000000034,1.5500000000000114,3.761,1.6052299737930298,16.650000000000034,1.5500000000000114,3.761
Sambucus nigra,765394,-43.5309099667,172.6190658,278314671,278314671,"c(172.6190658, -43.5309099667)",1,0.8018243312835693,16.450000000000045,2.8500000000000227,3.0020000000000002,0.8018243312835693,16.450000000000045,2.8500000000000227,3.0020000000000002
Sambucus nigra,765394,52.1262638889,4.4634916667,278327494,278327494,"c(4.4634916667, 52.1262638889)",1,1.6052299737930298,16.650000000000034,1.5500000000000114,3.761,1.6052299737930298,16.650000000000034,1.5500000000000114,3.761
Sambucus nigra,765394,52.1262138889,4.4634416667,278327938,278327938,"c(4.4634416667, 52.1262138889)",1,1.6052299737930298,16.650000000000034,1.5500000000000114,3.761,1.6052299737930298,16.650000000000034,1.5500000000000114,3.761
Sambucus nigra,765394,52.1588777778,4.5304722222,278671993,278671993,"c(4.5304722222, 52.1588777778)",1,1.6288158893585205,16.650000000000034,1.5500000000000114,3.218,1.6288158893585205,16.650000000000034,1.5500000000000114,3.218
Sambucus nigra,765394,52.1592055556,4.5307444444,278681688,278681688,"c(4.5307444444, 52.1592055556)",1,1.6288158893585205,16.650000000000034,1.5500000000000114,3.218,1.6288158893585205,16.650000000000034,1.5500000000000114,3.218
Sambucus nigra,765394,52.1592027778,4.5309861111,278681692,278681692,"c(4.5309861111, 52.1592027778)",1,1.6288158893585205,16.650000000000034,1.5500000000000114,3.218,1.6288158893585205,16.650000000000034,1.5500000000000114,3.218
Sambucus nigra,765394,52.159602777800004,4.5315777778,278681701,278681701,"c(4.5315777778, 52.1596027778)",1,1.6288158893585205,16.650000000000034,1.5500000000000114,3.218,1.6288158893585205,16.650000000000034,1.5500000000000114,3.218
Sambucus nigra,765394,47.8754861111,10.6259083333,279700183,279700183,"c(10.6259083333, 47.8754861111)",1,1.6749681234359741,16.55000000000001,-5.249999999999943,2.461,1.6749681234359741,16.55000000000001,-5.249999999999943,2.461
Sambucus nigra,765394,47.7744833333,10.6057333333,279711906,279711906,"c(10.6057333333, 47.7744833333)",1,1.7744684219360352,16.250000000000057,-6.349999999999966,3.303,1.7744684219360352,16.250000000000057,-6.349999999999966,3.303
Sambucus nigra,765394,51.2204444444,2.9224527778,280955936,280955936,"c(2.9224527778, 51.2204444444)",1,1.8116227388381958,16.950000000000045,3.0500000000000114,3.481,1.8116227388381958,16.950000000000045,3.0500000000000114,3.481
Sambucus nigra,765394,51.6890444444,4.2138805556,282005648,282005648,"c(4.2138805556, 51.6890444444)",1,1.3044044971466064,17.150000000000034,1.0500000000000114,4.096,1.3044044971466064,17.150000000000034,1.0500000000000114,4.096
Sambucus nigra,765394,51.6891055556,4.2138777778,282005649,282005649,"c(4.2138777778, 51.6891055556)",1,1.3044044971466064,17.150000000000034,1.0500000000000114,4.096,1.3044044971466064,17.150000000000034,1.0500000000000114,4.096
Sambucus nigra,765394,52.155575,4.3565666667,282011722,282011722,"c(4.3565666667, 52.155575)",1,1.817342758178711,16.650000000000034,1.9500000000000455,4.613,1.817342758178711,16.650000000000034,1.9500000000000455,4.613
Sambucus nigra,765394,52.13945,4.3354222222,282011728,282011728,"c(4.3354222222, 52.13945)",1,1.7950084209442139,16.650000000000034,1.9500000000000455,4.702,1.7950084209442139,16.650000000000034,1.9500000000000455,4.702
Sambucus nigra,765394,51.5873444444,3.6148416667,282020382,282020382,"c(3.6148416667, 51.5873444444)",1,1.5407711267471313,16.950000000000045,2.250000000000057,5.009,1.5407711267471313,16.950000000000045,2.250000000000057,5.009
Sambucus nigra,765394,51.6780666667,4.3952055556,282022314,282022314,"c(4.3952055556, 51.6780666667)",1,1.3011199235916138,17.150000000000034,0.8500000000000227,5.67,1.3011199235916138,17.150000000000034,0.8500000000000227,5.67
Sambucus nigra,765394,51.6780694444,4.3952333333,282022320,282022320,"c(4.3952333333, 51.6780694444)",1,1.3011199235916138,17.150000000000034,0.8500000000000227,5.67,1.3011199235916138,17.150000000000034,0.8500000000000227,5.67
Sambucus nigra,765394,51.6780472222,4.3954027778,282022321,282022321,"c(4.3954027778, 51.6780472222)",1,1.3011199235916138,17.150000000000034,0.8500000000000227,5.67,1.3011199235916138,17.150000000000034,0.8500000000000227,5.67
Sambucus nigra,765394,53.8436555556,14.6176083333,282583885,282583885,"c(14.6176083333, 53.8436555556)",1,NA,17.150000000000034,-1.0499999999999545,4.604,NA,17.150000000000034,-1.0499999999999545,4.604
Sambucus nigra,765394,53.8439222222,14.6175027778,282583890,282583890,"c(14.6175027778, 53.8439222222)",1,NA,17.150000000000034,-1.0499999999999545,4.604,NA,17.150000000000034,-1.0499999999999545,4.604
Sambucus nigra,765394,53.843925,14.6172388889,282583891,282583891,"c(14.6172388889, 53.843925)",1,NA,17.150000000000034,-1.0499999999999545,4.604,NA,17.150000000000034,-1.0499999999999545,4.604
Sambucus nigra,765394,53.8453,14.6112194444,282583892,282583892,"c(14.6112194444, 53.8453)",1,1.2440557479858398,17.150000000000034,-1.0499999999999545,4.1930000000000005,1.2440557479858398,17.150000000000034,-1.0499999999999545,4.1930000000000005
Sambucus nigra,765394,56.0462722222,12.3766777778,282587982,282587982,"c(12.3766777778, 56.0462722222)",1,1.3188282251358032,16.350000000000023,-1.1499999999999773,4.309,1.3188282251358032,16.350000000000023,-1.1499999999999773,4.309
Sambucus nigra,765394,56.0175972222,12.3670666667,282587985,282587985,"c(12.3670666667, 56.0175972222)",1,1.3245242834091187,16.350000000000023,-1.2499999999999432,4.454,1.3245242834091187,16.350000000000023,-1.2499999999999432,4.454
Sambucus nigra,765394,55.9803166667,12.3383166667,282588148,282588148,"c(12.3383166667, 55.9803166667)",1,1.3857629299163818,16.250000000000057,-1.2499999999999432,3.4010000000000002,1.3857629299163818,16.250000000000057,-1.2499999999999432,3.4010000000000002
Sambucus nigra,765394,55.9512222222,10.5493583333,282668196,282668196,"c(10.5493583333, 55.9512222222)",1,1.6781940460205078,15.850000000000023,0.5500000000000114,5.641,1.6781940460205078,15.850000000000023,0.5500000000000114,5.641
Sambucus nigra,765394,51.0900194444,2.6106972222,283083101,283083101,"c(2.6106972222, 51.0900194444)",1,1.3633873462677002,16.950000000000045,2.3500000000000227,4.499,1.3633873462677002,16.950000000000045,2.3500000000000227,4.499
Sambucus nigra,765394,51.562078,6.346809,284754249,284754249,"c(6.346809, 51.562078)",1,1.1604255437850952,17.650000000000034,0.25000000000005684,4.679,1.1604255437850952,17.650000000000034,0.25000000000005684,4.679
Sambucus nigra,765394,50.873225,3.603438,286484631,286484631,"c(3.603438, 50.873225)",1,1.1792118549346924,17.350000000000023,0.9500000000000455,3.741,1.1792118549346924,17.350000000000023,0.9500000000000455,3.741
Sambucus nigra,765394,50.7245222222,1.6162416667,289216591,289216591,"c(1.6162416667, 50.7245222222)",1,1.4389798641204834,16.650000000000034,2.5500000000000114,3.6870000000000003,1.4389798641204834,16.650000000000034,2.5500000000000114,3.6870000000000003
Sambucus nigra,765394,49.4233055556,0.2339277778,292014389,292014389,"c(0.2339277778, 49.4233055556)",1,1.318098545074463,17.150000000000034,2.9500000000000455,3.486,1.318098545074463,17.150000000000034,2.9500000000000455,3.486
Sambucus nigra,765394,49.3128194444,-0.0285388889,292018113,292018113,"c(-0.0285388889, 49.3128194444)",1,1.2503931522369385,17.05000000000001,2.5500000000000114,6.042,1.2503931522369385,17.05000000000001,2.5500000000000114,6.042
Sambucus nigra,765394,49.4069972222,0.1936166667,292020978,292020978,"c(0.1936166667, 49.4069972222)",1,1.39239501953125,16.650000000000034,2.5500000000000114,5.1610000000000005,1.39239501953125,16.650000000000034,2.5500000000000114,5.1610000000000005
Sambucus nigra,765394,49.5901611111,-1.2471472222,293658491,293658491,"c(-1.2471472222, 49.5901611111)",1,2.028669595718384,16.650000000000034,5.4500000000000455,6.024,2.028669595718384,16.650000000000034,5.4500000000000455,6.024
Sambucus nigra,765394,49.5892861111,-1.2460333333,293663154,293663154,"c(-1.2460333333, 49.5892861111)",1,2.028669595718384,16.650000000000034,5.4500000000000455,6.024,2.028669595718384,16.650000000000034,5.4500000000000455,6.024
Sambucus nigra,765394,49.5892222222,-1.2460138889,293664474,293664474,"c(-1.2460138889, 49.5892222222)",1,2.028669595718384,16.650000000000034,5.4500000000000455,6.024,2.028669595718384,16.650000000000034,5.4500000000000455,6.024
Sambucus nigra,765394,49.5888388889,-1.2464666667,293665681,293665681,"c(-1.2464666667, 49.5888388889)",1,2.028669595718384,16.650000000000034,5.4500000000000455,6.024,2.028669595718384,16.650000000000034,5.4500000000000455,6.024
Sambucus nigra,765394,49.5888527778,-1.2464888889,293666310,293666310,"c(-1.2464888889, 49.5888527778)",1,2.028669595718384,16.650000000000034,5.4500000000000455,6.024,2.028669595718384,16.650000000000034,5.4500000000000455,6.024
Sambucus nigra,765394,49.5893027778,-1.2475611111,293668829,293668829,"c(-1.2475611111, 49.5893027778)",1,2.028669595718384,16.650000000000034,5.4500000000000455,6.024,2.028669595718384,16.650000000000034,5.4500000000000455,6.024
Sambucus nigra,765394,49.6644527778,-1.6989111111,294537034,294537034,"c(-1.6989111111, 49.6644527778)",1,1.7520263195037842,16.450000000000045,5.050000000000011,4.107,1.7520263195037842,16.450000000000045,5.050000000000011,4.107
Sambucus nigra,765394,49.6318388889,-1.6162861111,294538886,294538886,"c(-1.6162861111, 49.6318388889)",1,1.6895004510879517,16.350000000000023,4.550000000000011,4.311,1.6895004510879517,16.350000000000023,4.550000000000011,4.311
Sambucus nigra,765394,49.6798027778,-1.7695555556,295348522,295348522,"c(-1.7695555556, 49.6798027778)",1,1.9411238431930542,16.250000000000057,5.150000000000034,5.431,1.9411238431930542,16.250000000000057,5.150000000000034,5.431
Sambucus nigra,765394,53.1320111111,8.1109138889,299607654,299607654,"c(8.1109138889, 53.1320111111)",1,1.296431303024292,16.750000000000057,-0.3499999999999659,4.486,1.296431303024292,16.750000000000057,-0.3499999999999659,4.486
Sambucus nigra,765394,48.6352916667,-1.5111194444,305826569,305826569,"c(-1.5111194444, 48.6352916667)",1,NA,17.250000000000057,4.050000000000011,5.521,NA,17.250000000000057,4.050000000000011,5.521
Sambucus nigra,765394,48.6352805556,-1.5111138889,305826570,305826570,"c(-1.5111138889, 48.6352805556)",1,NA,17.250000000000057,4.050000000000011,5.521,NA,17.250000000000057,4.050000000000011,5.521
Sambucus nigra,765394,48.6122444444,-1.5095583333,305830486,305830486,"c(-1.5095583333, 48.6122444444)",1,1.3235280513763428,17.250000000000057,3.8500000000000227,4.1690000000000005,1.3235280513763428,17.250000000000057,3.8500000000000227,4.1690000000000005
Sambucus nigra,765394,48.2742613741,-4.5994910584,308135642,308135642,"c(-4.5994910584, 48.2742613741)",1,2.4421863555908203,16.150000000000034,7.250000000000057,4.244,2.4421863555908203,16.150000000000034,7.250000000000057,4.244
Sambucus nigra,765394,51.9584888889,7.616275,310509365,310509365,"c(7.616275, 51.9584888889)",1,1.2086783647537231,17.450000000000045,-0.3499999999999659,3.282,1.2086783647537231,17.450000000000045,-0.3499999999999659,3.282
Sambucus nigra,765394,51.7957416667,10.3359,311003371,311003371,"c(10.3359, 51.7957416667)",1,2.4911746978759766,14.050000000000011,-4.249999999999943,4.547,2.4911746978759766,14.050000000000011,-4.249999999999943,4.547
Sambucus nigra,765394,51.8008833333,10.3317972222,311062660,311062660,"c(10.3317972222, 51.8008833333)",1,2.4354374408721924,14.250000000000057,-4.149999999999977,3.451,2.4354374408721924,14.250000000000057,-4.149999999999977,3.451
Sambucus nigra,765394,51.2792027778,1.0846611111,311998648,311998648,"c(1.0846611111, 51.2792027778)",1,1.1253212690353394,16.750000000000057,2.750000000000057,2.973,1.1253212690353394,16.750000000000057,2.750000000000057,2.973
Sambucus nigra,765394,51.074361111100004,-1.7979638889,312228766,312228766,"c(-1.7979638889, 51.0743611111)",1,1.2059396505355835,16.350000000000023,1.9500000000000455,3.1830000000000003,1.2059396505355835,16.350000000000023,1.9500000000000455,3.1830000000000003
Sambucus nigra,765394,51.133025,-1.8211305556,312252740,312252740,"c(-1.8211305556, 51.133025)",1,1.2860764265060425,16.250000000000057,1.7500000000000568,4.135,1.2860764265060425,16.250000000000057,1.7500000000000568,4.135
Sambucus nigra,765394,55.1494611111,-6.8776194444,314537186,314537186,"c(-6.8776194444, 55.1494611111)",1,3.5494046211242676,12.750000000000057,3.150000000000034,7.063,3.5494046211242676,12.750000000000057,3.150000000000034,7.063
Sambucus nigra,765394,53.9924638889,-8.0677833333,316550985,316550985,"c(-8.0677833333, 53.9924638889)",1,2.3052804470062256,14.550000000000011,2.3500000000000227,4.753,2.3052804470062256,14.550000000000011,2.3500000000000227,4.753
Sambucus nigra,765394,53.9854611111,-8.2308888889,317191843,317191843,"c(-8.2308888889, 53.9854611111)",1,2.2559642791748047,14.550000000000011,2.4500000000000455,5.41,2.2559642791748047,14.550000000000011,2.4500000000000455,5.41
Sambucus nigra,765394,43.3604777778,-1.7756305556,320617025,320617025,"c(-1.7756305556, 43.3604777778)",1,NA,19.850000000000023,6.650000000000034,3.6910000000000003,NA,19.850000000000023,6.650000000000034,3.6910000000000003
Sambucus nigra,765394,50.13235,1.7383888889,322910257,322910257,"c(1.7383888889, 50.13235)",1,1.1835459470748901,17.250000000000057,1.9500000000000455,4.106,1.1835459470748901,17.250000000000057,1.9500000000000455,4.106
Sambucus nigra,765394,50.1340027778,1.7401111111,322915361,322915361,"c(1.7401111111, 50.1340027778)",1,1.1803523302078247,17.250000000000057,1.9500000000000455,4.25,1.1803523302078247,17.250000000000057,1.9500000000000455,4.25
Sambucus nigra,765394,50.760719,8.845628,324731763,324731763,"c(8.845628, 50.760719)",1,1.1221522092819214,17.350000000000023,-1.849999999999966,3.874,1.1221522092819214,17.350000000000023,-1.849999999999966,3.874
Sambucus nigra,765394,45.7558462576,9.6167358778,334480641,334480641,"c(9.6167358778, 45.7558462576)",1,1.3291631937026978,20.950000000000045,-3.0499999999999545,1.2750000000000001,1.3291631937026978,20.950000000000045,-3.0499999999999545,1.2750000000000001
Sambucus nigra,765394,51.555006243,6.3620236278,351963195,351963195,"c(6.3620236278, 51.555006243)",1,1.1634211540222168,17.650000000000034,0.25000000000005684,4.558,1.1634211540222168,17.650000000000034,0.25000000000005684,4.558
Sambucus nigra,765394,51.5205194444,6.3113555556,351964721,351964721,"c(6.3113555556, 51.5205194444)",1,1.1579416990280151,17.650000000000034,0.25000000000005684,3.856,1.1579416990280151,17.650000000000034,0.25000000000005684,3.856
Sambucus nigra,765394,51.5683972222,6.2997166667,351995529,351995529,"c(6.2997166667, 51.5683972222)",1,1.156252384185791,17.650000000000034,0.25000000000005684,4.333,1.156252384185791,17.650000000000034,0.25000000000005684,4.333
Sambucus nigra,765394,50.8156972222,3.5820333333,352015113,352015113,"c(3.5820333333, 50.8156972222)",1,1.1740831136703491,17.150000000000034,0.8500000000000227,4.714,1.1740831136703491,17.150000000000034,0.8500000000000227,4.714
Sambucus nigra,765394,50.8114083333,3.7185527778,352016883,352016883,"c(3.7185527778, 50.8114083333)",1,1.2470582723617554,16.950000000000045,0.5500000000000114,4.757,1.2470582723617554,16.950000000000045,0.5500000000000114,4.757
Sambucus nigra,765394,50.8112694444,3.7191472222,352017449,352017449,"c(3.7191472222, 50.8112694444)",1,1.2470582723617554,16.950000000000045,0.5500000000000114,4.757,1.2470582723617554,16.950000000000045,0.5500000000000114,4.757
Sambucus nigra,765394,50.7979972222,3.7154666667,352218677,352218677,"c(3.7154666667, 50.7979972222)",1,1.2559624910354614,16.850000000000023,0.5500000000000114,5.047,1.2559624910354614,16.850000000000023,0.5500000000000114,5.047
Sambucus nigra,765394,50.7806305556,3.7765972222,352224458,352224458,"c(3.7765972222, 50.7806305556)",1,1.1991541385650635,17.05000000000001,0.6500000000000341,4.6530000000000005,1.1991541385650635,17.05000000000001,0.6500000000000341,4.6530000000000005
Sambucus nigra,765394,53.3914763027,8.1318673119,357124844,357124844,"c(8.1318673119, 53.3914763027)",1,1.350456953048706,16.450000000000045,-0.44999999999998863,3.969,1.350456953048706,16.450000000000045,-0.44999999999998863,3.969
Sambucus nigra,765394,53.3921451,8.1325648,357248471,357248471,"c(8.1325648, 53.3921451)",1,1.3422740697860718,16.55000000000001,-0.3499999999999659,3.775,1.3422740697860718,16.55000000000001,-0.3499999999999659,3.775
Sambucus nigra,765394,53.1467146,8.191105,358564137,358564137,"c(8.191105, 53.1467146)",1,1.283303141593933,16.750000000000057,-0.3499999999999659,3.2600000000000002,1.283303141593933,16.750000000000057,-0.3499999999999659,3.2600000000000002
Sambucus nigra,765394,53.1464421,8.1900835,358564515,358564515,"c(8.1900835, 53.1464421)",1,1.283303141593933,16.750000000000057,-0.3499999999999659,3.2600000000000002,1.283303141593933,16.750000000000057,-0.3499999999999659,3.2600000000000002
Sambucus nigra,765394,51.5609361111,6.3639694444,358611368,358611368,"c(6.3639694444, 51.5609361111)",1,1.1637541055679321,17.650000000000034,0.25000000000005684,4.588,1.1637541055679321,17.650000000000034,0.25000000000005684,4.588
Sambucus nigra,765394,51.5601861111,6.3440361111,358615916,358615916,"c(6.3440361111, 51.5601861111)",1,1.1604255437850952,17.650000000000034,0.25000000000005684,4.679,1.1604255437850952,17.650000000000034,0.25000000000005684,4.679
Sambucus nigra,765394,53.185147,8.1507096,359195795,359195795,"c(8.1507096, 53.185147)",1,1.3192670345306396,16.650000000000034,-0.3499999999999659,4.798,1.3192670345306396,16.650000000000034,-0.3499999999999659,4.798
Sambucus nigra,765394,50.872367,3.603287,361176861,361176861,"c(3.603287, 50.872367)",1,1.1792118549346924,17.350000000000023,0.9500000000000455,3.741,1.1792118549346924,17.350000000000023,0.9500000000000455,3.741
Sambucus nigra,765394,53.3403873997,8.4760524,363308779,363308779,"c(8.4760524, 53.3403873997)",1,1.318185567855835,16.650000000000034,-0.3499999999999659,3.862,1.318185567855835,16.650000000000034,-0.3499999999999659,3.862
Sambucus nigra,765394,50.586668,8.687162,363478854,363478854,"c(8.687162, 50.586668)",1,0.9657576680183411,17.850000000000023,-1.6499999999999773,2.259,0.9657576680183411,17.850000000000023,-1.6499999999999773,2.259
Sambucus nigra,765394,-43.5239778796,172.5767746334,364924315,364924315,"c(172.5767746334, -43.5239778796)",1,0.7540488243103027,16.55000000000001,2.3500000000000227,2.541,0.7540488243103027,16.55000000000001,2.3500000000000227,2.541
Sambucus nigra,765394,53.1579867408,8.1558154151,365087299,365087299,"c(8.1558154151, 53.1579867408)",1,1.292100429534912,16.750000000000057,-0.3499999999999659,4.909,1.292100429534912,16.750000000000057,-0.3499999999999659,4.909
Sambucus nigra,765394,-43.567465,172.6283814,43760639,43760639,"c(172.6283814, -43.567465)",1,0.8606035113334656,16.350000000000023,2.750000000000057,2.727,0.8606035113334656,16.350000000000023,2.750000000000057,2.727
Sambucus nigra,765394,41.13435,-3.514998,62591758,62591758,"c(-3.514998, 41.13435)",1,1.000740885734558,17.450000000000045,-3.249999999999943,3.332,1.000740885734558,17.450000000000045,-3.249999999999943,3.332
Sonchus oleraceus,53294,-36.7216503864,175.8067628369,128108025,128108025,"c(175.8067628369, -36.7216503864)",1,3.7271716594696045,18.950000000000045,11.850000000000023,4.902,3.7271716594696045,18.950000000000045,11.850000000000023,4.902
Sonchus oleraceus,53294,-36.8977655865,174.9340861485,140048739,140048739,"c(174.9340861485, -36.8977655865)",1,1.6775144338607788,19.450000000000045,9.450000000000045,3.237,1.6775144338607788,19.450000000000045,9.450000000000045,3.237
Sonchus oleraceus,53294,32.7415361111,-16.7027666667,252758778,252758778,"c(-16.7027666667, 32.7415361111)",1,2.1022088527679443,21.05000000000001,14.450000000000045,5.545,2.1022088527679443,21.05000000000001,14.450000000000045,5.545
Sonchus oleraceus,53294,51.4888166667,-0.2344833333,259193812,259193812,"c(-0.2344833333, 51.4888166667)",1,0.965961217880249,16.850000000000023,1.9500000000000455,2.833,0.965961217880249,16.850000000000023,1.9500000000000455,2.833
Sonchus oleraceus,53294,-35.2263767935,173.9500178646,266701489,266701489,"c(173.9500178646, -35.2263767935)",1,1.8000463247299194,19.150000000000034,9.150000000000034,3.794,1.8000463247299194,19.150000000000034,9.150000000000034,3.794
Sonchus oleraceus,53294,-34.8792309014,173.2918181216,267006647,267006647,"c(173.2918181216, -34.8792309014)",1,2.0125961303710938,19.55000000000001,11.650000000000034,4.97,2.0125961303710938,19.55000000000001,11.650000000000034,4.97
Sonchus oleraceus,53294,-37.756455,144.9479833333,269912127,269912127,"c(144.9479833333, -37.756455)",1,0.6059910655021667,18.850000000000023,6.250000000000057,2.3000000000000003,0.6059910655021667,18.850000000000023,6.250000000000057,2.3000000000000003
Sonchus oleraceus,53294,-37.8020776,144.9822717126,269913226,269913226,"c(144.9822717126, -37.8020776)",1,0.6677497029304504,18.850000000000023,6.550000000000011,2.6,0.6677497029304504,18.850000000000023,6.550000000000011,2.6
Sonchus oleraceus,53294,49.5895861111,-1.2449,293661040,293661040,"c(-1.2449, 49.5895861111)",1,2.028669595718384,16.650000000000034,5.4500000000000455,6.024,2.028669595718384,16.650000000000034,5.4500000000000455,6.024
Sonchus oleraceus,53294,49.6616888889,-1.6975222222,295342269,295342269,"c(-1.6975222222, 49.6616888889)",1,1.7520263195037842,16.450000000000045,5.050000000000011,4.107,1.7520263195037842,16.450000000000045,5.050000000000011,4.107
Sonchus oleraceus,53294,49.6617027778,-1.6975194444,295342272,295342272,"c(-1.6975194444, 49.6617027778)",1,1.7520263195037842,16.450000000000045,5.050000000000011,4.107,1.7520263195037842,16.450000000000045,5.050000000000011,4.107
Sonchus oleraceus,53294,49.6617027778,-1.6975361111,295342277,295342277,"c(-1.6975361111, 49.6617027778)",1,1.7520263195037842,16.450000000000045,5.050000000000011,4.107,1.7520263195037842,16.450000000000045,5.050000000000011,4.107
Sonchus oleraceus,53294,49.6608916667,-1.6999861111,295345855,295345855,"c(-1.6999861111, 49.6608916667)",1,1.7520263195037842,16.450000000000045,5.050000000000011,4.107,1.7520263195037842,16.450000000000045,5.050000000000011,4.107
Sonchus oleraceus,53294,49.6729388889,-1.7379416667,295350575,295350575,"c(-1.7379416667, 49.6729388889)",1,1.8641188144683838,16.250000000000057,5.050000000000011,4.586,1.8641188144683838,16.250000000000057,5.050000000000011,4.586
Sonchus oleraceus,53294,49.6729694444,-1.7379638889,295350577,295350577,"c(-1.7379638889, 49.6729694444)",1,1.8641188144683838,16.250000000000057,5.050000000000011,4.586,1.8641188144683838,16.250000000000057,5.050000000000011,4.586
Sonchus oleraceus,53294,49.6729277778,-1.7379388889,295350582,295350582,"c(-1.7379388889, 49.6729277778)",1,1.8641188144683838,16.250000000000057,5.050000000000011,4.586,1.8641188144683838,16.250000000000057,5.050000000000011,4.586
Sonchus oleraceus,53294,49.7196888889,-2.1773861111,303927789,303927789,"c(-2.1773861111, 49.7196888889)",1,2.704892158508301,15.950000000000045,6.4500000000000455,5.93,2.704892158508301,15.950000000000045,6.4500000000000455,5.93
Sonchus oleraceus,53294,49.7197194444,-2.1774138889,303927794,303927794,"c(-2.1774138889, 49.7197194444)",1,2.704892158508301,15.950000000000045,6.4500000000000455,5.93,2.704892158508301,15.950000000000045,6.4500000000000455,5.93
Sonchus oleraceus,53294,49.7197222222,-2.1774361111,303927797,303927797,"c(-2.1774361111, 49.7197222222)",1,2.704892158508301,15.950000000000045,6.4500000000000455,5.93,2.704892158508301,15.950000000000045,6.4500000000000455,5.93
Sonchus oleraceus,53294,49.7197111111,-2.1774388889,303927798,303927798,"c(-2.1774388889, 49.7197111111)",1,2.704892158508301,15.950000000000045,6.4500000000000455,5.93,2.704892158508301,15.950000000000045,6.4500000000000455,5.93
Sonchus oleraceus,53294,49.7197138889,-2.1774222222,303927799,303927799,"c(-2.1774222222, 49.7197138889)",1,2.704892158508301,15.950000000000045,6.4500000000000455,5.93,2.704892158508301,15.950000000000045,6.4500000000000455,5.93
Sonchus oleraceus,53294,49.4373722222,-2.3609083333,304167828,304167828,"c(-2.3609083333, 49.4373722222)",1,2.7348597049713135,15.750000000000057,6.250000000000057,6.402,2.7348597049713135,15.750000000000057,6.250000000000057,6.402
Sonchus oleraceus,53294,49.4335888889,-2.3628861111,304168243,304168243,"c(-2.3628861111, 49.4335888889)",1,2.7348597049713135,15.750000000000057,6.250000000000057,6.402,2.7348597049713135,15.750000000000057,6.250000000000057,6.402
Sonchus oleraceus,53294,49.4352861111,-2.3558416667,304170014,304170014,"c(-2.3558416667, 49.4352861111)",1,2.76068115234375,15.850000000000023,6.350000000000023,6.604,2.76068115234375,15.850000000000023,6.350000000000023,6.604
Sonchus oleraceus,53294,49.4414861111,-2.3594861111,304171377,304171377,"c(-2.3594861111, 49.4414861111)",1,2.7348597049713135,15.750000000000057,6.250000000000057,6.402,2.7348597049713135,15.750000000000057,6.250000000000057,6.402
Sonchus oleraceus,53294,49.4371388889,-2.3642916667,304173673,304173673,"c(-2.3642916667, 49.4371388889)",1,2.7348597049713135,15.750000000000057,6.250000000000057,6.402,2.7348597049713135,15.750000000000057,6.250000000000057,6.402
Sonchus oleraceus,53294,49.4319416667,-2.3556805556,304176422,304176422,"c(-2.3556805556, 49.4319416667)",1,2.7374749183654785,15.850000000000023,6.350000000000023,6.2330000000000005,2.7374749183654785,15.850000000000023,6.350000000000023,6.2330000000000005
Sonchus oleraceus,53294,49.4691638889,-2.4532555556,304177686,304177686,"c(-2.4532555556, 49.4691638889)",1,NA,16.05000000000001,6.750000000000057,6.28,NA,16.05000000000001,6.750000000000057,6.28
Sonchus oleraceus,53294,49.4700666667,-2.4522083333,305268937,305268937,"c(-2.4522083333, 49.4700666667)",1,NA,16.05000000000001,6.750000000000057,6.28,NA,16.05000000000001,6.750000000000057,6.28
Sonchus oleraceus,53294,49.4560361111,-2.5339388889,305270165,305270165,"c(-2.5339388889, 49.4560361111)",1,2.8415491580963135,15.950000000000045,6.750000000000057,4.003,2.8415491580963135,15.950000000000045,6.750000000000057,4.003
Sonchus oleraceus,53294,49.4560972222,-2.5339527778,305270166,305270166,"c(-2.5339527778, 49.4560972222)",1,2.8415491580963135,15.950000000000045,6.750000000000057,4.003,2.8415491580963135,15.950000000000045,6.750000000000057,4.003
Sonchus oleraceus,53294,49.4561916667,-2.5343277778,305464993,305464993,"c(-2.5343277778, 49.4561916667)",1,2.8415491580963135,15.950000000000045,6.750000000000057,4.003,2.8415491580963135,15.950000000000045,6.750000000000057,4.003
Sonchus oleraceus,53294,49.4562333333,-2.5350638889,305467096,305467096,"c(-2.5350638889, 49.4562333333)",1,2.8415491580963135,15.950000000000045,6.750000000000057,4.003,2.8415491580963135,15.950000000000045,6.750000000000057,4.003
Sonchus oleraceus,53294,49.4574694444,-2.5351194444,305468302,305468302,"c(-2.5351194444, 49.4574694444)",1,2.8415491580963135,15.950000000000045,6.750000000000057,4.003,2.8415491580963135,15.950000000000045,6.750000000000057,4.003
Sonchus oleraceus,53294,49.4572888889,-2.5352361111,305711613,305711613,"c(-2.5352361111, 49.4572888889)",1,2.8415491580963135,15.950000000000045,6.750000000000057,4.003,2.8415491580963135,15.950000000000045,6.750000000000057,4.003
Sonchus oleraceus,53294,49.4492305556,-2.5328888889,305713225,305713225,"c(-2.5328888889, 49.4492305556)",1,2.8371989727020264,16.05000000000001,6.850000000000023,5.261,2.8371989727020264,16.05000000000001,6.850000000000023,5.261
Sonchus oleraceus,53294,49.4347916667,-2.5418083333,305724617,305724617,"c(-2.5418083333, 49.4347916667)",1,2.9327824115753174,15.750000000000057,6.4500000000000455,4.993,2.9327824115753174,15.750000000000057,6.4500000000000455,4.993
Sonchus oleraceus,53294,49.2151023331,-2.0312591194,305734025,305734025,"c(-2.0312591194, 49.2151023331)",1,2.7794926166534424,16.450000000000045,6.050000000000011,4.84,2.7794926166534424,16.450000000000045,6.050000000000011,4.84
Sonchus oleraceus,53294,49.2281694444,-2.0271861111,305737913,305737913,"c(-2.0271861111, 49.2281694444)",1,2.6759653091430664,16.450000000000045,6.050000000000011,5.168,2.6759653091430664,16.450000000000045,6.050000000000011,5.168
Sonchus oleraceus,53294,48.6298111111,-2.4654583333,305830848,305830848,"c(-2.4654583333, 48.6298111111)",1,1.3724642992019653,16.750000000000057,4.9500000000000455,4.158,1.3724642992019653,16.750000000000057,4.9500000000000455,4.158
Sonchus oleraceus,53294,48.6297694444,-2.4652277778,305833257,305833257,"c(-2.4652277778, 48.6297694444)",1,1.3724642992019653,16.750000000000057,4.9500000000000455,4.158,1.3724642992019653,16.750000000000057,4.9500000000000455,4.158
Sonchus oleraceus,53294,48.6297916667,-2.4649722222,305835485,305835485,"c(-2.4649722222, 48.6297916667)",1,1.3724642992019653,16.750000000000057,4.9500000000000455,4.158,1.3724642992019653,16.750000000000057,4.9500000000000455,4.158
Sonchus oleraceus,53294,48.6298777778,-2.4650055556,305951958,305951958,"c(-2.4650055556, 48.6298777778)",1,1.3724642992019653,16.750000000000057,4.9500000000000455,4.158,1.3724642992019653,16.750000000000057,4.9500000000000455,4.158
Sonchus oleraceus,53294,-35.5874221993,146.7773876844,30736421,30736421,"c(146.7773876844, -35.5874221993)",1,0.45672520995140076,23.05000000000001,3.750000000000057,3.565,0.45672520995140076,23.05000000000001,3.750000000000057,3.565
Sonchus oleraceus,53294,45.9671805556,-1.2422805556,315597462,315597462,"c(-1.2422805556, 45.9671805556)",1,1.095029592514038,19.55000000000001,4.850000000000023,4.146,1.095029592514038,19.55000000000001,4.850000000000023,4.146
Sonchus oleraceus,53294,45.9690666667,-1.2386472222,315735494,315735494,"c(-1.2386472222, 45.9690666667)",1,1.0868557691574097,19.55000000000001,4.850000000000023,4.541,1.0868557691574097,19.55000000000001,4.850000000000023,4.541
Sonchus oleraceus,53294,-43.6440171167,172.4688657,317070544,317070544,"c(172.4688657, -43.6440171167)",1,0.6906266808509827,17.05000000000001,1.9500000000000455,4.218,0.6906266808509827,17.05000000000001,1.9500000000000455,4.218
Sonchus oleraceus,53294,43.3781277778,-1.7961361111,320603688,320603688,"c(-1.7961361111, 43.3781277778)",1,NA,19.850000000000023,6.9500000000000455,3.36,NA,19.850000000000023,6.9500000000000455,3.36
Sonchus oleraceus,53294,43.3631805556,-1.7887277778,320606912,320606912,"c(-1.7887277778, 43.3631805556)",1,2.6777169704437256,19.850000000000023,6.650000000000034,3.354,2.6777169704437256,19.850000000000023,6.650000000000034,3.354
Sonchus oleraceus,53294,-35.0493907304,173.7440822015,322478761,322478761,"c(173.7440822015, -35.0493907304)",1,1.6893833875656128,19.750000000000057,9.750000000000057,4.69,1.6893833875656128,19.750000000000057,9.750000000000057,4.69
Sonchus oleraceus,53294,43.3725972222,-1.7792333333,324906385,324906385,"c(-1.7792333333, 43.3725972222)",1,2.6506524085998535,19.850000000000023,6.750000000000057,3.371,2.6506524085998535,19.850000000000023,6.750000000000057,3.371
Sonchus oleraceus,53294,37.1814982,-3.6060395,344742382,344742382,"c(-3.6060395, 37.1814982)",1,0.444887638092041,25.350000000000023,2.250000000000057,0.857,0.444887638092041,25.350000000000023,2.250000000000057,0.857
Sonchus oleraceus,53294,43.3681861111,-1.7833777778,358226179,358226179,"c(-1.7833777778, 43.3681861111)",1,2.6506524085998535,19.850000000000023,6.750000000000057,3.371,2.6506524085998535,19.850000000000023,6.750000000000057,3.371
Sonchus oleraceus,53294,37.9921833333,-122.4518138889,44428545,44428545,"c(-122.4518138889, 37.9921833333)",1,NA,17.350000000000023,5.9500000000000455,3.244,NA,17.350000000000023,5.9500000000000455,3.244
Sonchus oleraceus,53294,-37.7768333333,175.26915,94678487,94678487,"c(175.26915, -37.7768333333)",1,1.4642374515533447,18.650000000000034,5.650000000000034,2.8120000000000003,1.4642374515533447,18.650000000000034,5.650000000000034,2.8120000000000003
Umbilicus rupestris,129454,50.508675,-4.1502388333,100597079,100597079,"c(-4.1502388333, 50.508675)",1,2.324803590774536,15.550000000000011,2.8500000000000227,3.025,2.324803590774536,15.550000000000011,2.8500000000000227,3.025
Umbilicus rupestris,129454,37.884253,-4.792936,103523669,103523669,"c(-4.792936, 37.884253)",1,0.526385486125946,27.950000000000045,4.550000000000011,1.6640000000000001,0.526385486125946,27.950000000000045,4.550000000000011,1.6640000000000001
Umbilicus rupestris,129454,37.1726074219,-3.5873811245,104920049,104920049,"c(-3.5873811245, 37.1726074219)",1,0.4853658676147461,25.05000000000001,1.9500000000000455,0.858,0.4853658676147461,25.05000000000001,1.9500000000000455,0.858
Umbilicus rupestris,129454,53.7439472222,-2.0098138889,106322853,106322853,"c(-2.0098138889, 53.7439472222)",1,2.2252514362335205,14.450000000000045,0.6500000000000341,4.15,2.2252514362335205,14.450000000000045,0.6500000000000341,4.15
Umbilicus rupestris,129454,50.817995,-1.4518533333,107317535,107317535,"c(-1.4518533333, 50.817995)",1,1.4216055870056152,16.650000000000034,3.5500000000000114,4.338,1.4216055870056152,16.650000000000034,3.5500000000000114,4.338
Umbilicus rupestris,129454,48.80431375,-3.03071915,107725845,107725845,"c(-3.03071915, 48.80431375)",1,1.7746028900146484,16.350000000000023,5.550000000000011,4.942,1.7746028900146484,16.350000000000023,5.550000000000011,4.942
Umbilicus rupestris,129454,38.9616838,-9.2935462997,108775327,108775327,"c(-9.2935462997, 38.9616838)",1,1.0288310050964355,19.850000000000023,8.650000000000034,2.9370000000000003,1.0288310050964355,19.850000000000023,8.650000000000034,2.9370000000000003
Umbilicus rupestris,129454,43.3667075334,-8.4032163883,109136682,109136682,"c(-8.4032163883, 43.3667075334)",1,1.6433930397033691,18.650000000000034,7.9500000000000455,3.082,1.6433930397033691,18.650000000000034,7.9500000000000455,3.082
Umbilicus rupestris,129454,51.4591986,-2.6084822997,109909985,109909985,"c(-2.6084822997, 51.4591986)",1,1.3830056190490723,16.05000000000001,1.7500000000000568,3.0100000000000002,1.3830056190490723,16.05000000000001,1.7500000000000568,3.0100000000000002
Umbilicus rupestris,129454,38.6465552182,-9.2019678407,110486520,110486520,"c(-9.2019678407, 38.6465552182)",1,0.9932267069816589,20.250000000000057,9.750000000000057,3.321,0.9932267069816589,20.250000000000057,9.750000000000057,3.321
Umbilicus rupestris,129454,36.7688661993,-5.3969099745,110686209,110686209,"c(-5.3969099745, 36.7688661993)",1,1.7507421970367432,20.850000000000023,1.7500000000000568,5.01,1.7507421970367432,20.850000000000023,1.7500000000000568,5.01
Umbilicus rupestris,129454,43.5053214,11.6200067,111104816,111104816,"c(11.6200067, 43.5053214)",1,0.7672876119613647,23.150000000000034,0.8500000000000227,1.85,0.7672876119613647,23.150000000000034,0.8500000000000227,1.85
Umbilicus rupestris,129454,50.3816812681,-4.1454259873,137008236,137008236,"c(-4.1454259873, 50.3816812681)",1,2.396056890487671,15.850000000000023,4.350000000000023,3.246,2.396056890487671,15.850000000000023,4.350000000000023,3.246
Umbilicus rupestris,129454,51.45904763,-2.60857998,141266539,141266539,"c(-2.60857998, 51.45904763)",1,1.3830056190490723,16.05000000000001,1.7500000000000568,3.0100000000000002,1.3830056190490723,16.05000000000001,1.7500000000000568,3.0100000000000002
Umbilicus rupestris,129454,42.4959416667,-8.6489866667,141291778,141291778,"c(-8.6489866667, 42.4959416667)",1,2.2901692390441895,19.250000000000057,5.4500000000000455,2.568,2.2901692390441895,19.250000000000057,5.4500000000000455,2.568
Umbilicus rupestris,129454,39.8546754583,9.0540129886,141463183,141463183,"c(9.0540129886, 39.8546754583)",1,0.8144565224647522,22.150000000000034,2.0500000000000114,2.874,0.8144565224647522,22.150000000000034,2.0500000000000114,2.874
Umbilicus rupestris,129454,38.7687840904,-9.151293399,143527988,143527988,"c(-9.151293399, 38.7687840904)",1,0.8033376932144165,20.850000000000023,8.250000000000057,2.592,0.8033376932144165,20.850000000000023,8.250000000000057,2.592
Umbilicus rupestris,129454,47.5624495037,-2.9399107956,143572953,143572953,"c(-2.9399107956, 47.5624495037)",1,1.3655436038970947,17.650000000000034,5.050000000000011,5.508,1.3655436038970947,17.650000000000034,5.050000000000011,5.508
Umbilicus rupestris,129454,51.458925363,-2.6087617502,145354164,145354164,"c(-2.6087617502, 51.458925363)",1,1.3830056190490723,16.05000000000001,1.7500000000000568,3.0100000000000002,1.3830056190490723,16.05000000000001,1.7500000000000568,3.0100000000000002
Umbilicus rupestris,129454,48.4930883333,-4.0399861667,146072248,146072248,"c(-4.0399861667, 48.4930883333)",1,1.8020285367965698,16.150000000000034,3.750000000000057,4.39,1.8020285367965698,16.150000000000034,3.750000000000057,4.39
Umbilicus rupestris,129454,38.769592,-9.155071,147125405,147125405,"c(-9.155071, 38.769592)",1,0.8033376932144165,20.850000000000023,8.250000000000057,2.592,0.8033376932144165,20.850000000000023,8.250000000000057,2.592
Umbilicus rupestris,129454,51.6551084734,-2.6243470998,147335840,147335840,"c(-2.6243470998, 51.6551084734)",1,1.392693281173706,16.450000000000045,1.9500000000000455,5.571,1.392693281173706,16.450000000000045,1.9500000000000455,5.571
Umbilicus rupestris,129454,37.371677739,-5.9857927951,152164686,152164686,"c(-5.9857927951, 37.371677739)",1,0.42163723707199097,26.650000000000034,5.750000000000057,1.829,0.42163723707199097,26.650000000000034,5.750000000000057,1.829
Umbilicus rupestris,129454,51.9111671447,-8.0612421033,152675859,152675859,"c(-8.0612421033, 51.9111671447)",1,2.486974000930786,15.150000000000034,4.850000000000023,4.918,2.486974000930786,15.150000000000034,4.850000000000023,4.918
Umbilicus rupestris,129454,55.6664083333,-5.1530055,153300228,153300228,"c(-5.1530055, 55.6664083333)",1,5.506070137023926,13.650000000000034,4.350000000000023,4.5680000000000005,5.506070137023926,13.650000000000034,4.350000000000023,4.5680000000000005
Umbilicus rupestris,129454,44.103975,9.8265638889,153728209,153728209,"c(9.8265638889, 44.103975)",1,NA,22.850000000000023,6.550000000000011,1.893,NA,22.850000000000023,6.550000000000011,1.893
Umbilicus rupestris,129454,50.642975,-4.170645,153794590,153794590,"c(-4.170645, 50.642975)",1,2.4150891304016113,14.950000000000045,2.0500000000000114,5.577,2.4150891304016113,14.950000000000045,2.0500000000000114,5.577
Umbilicus rupestris,129454,42.7700463167,-8.4236764645,153825721,153825721,"c(-8.4236764645, 42.7700463167)",1,1.884303092956543,18.750000000000057,4.4500000000000455,3.388,1.884303092956543,18.750000000000057,4.4500000000000455,3.388
Umbilicus rupestris,129454,36.08388,-5.532285,154139171,154139171,"c(-5.532285, 36.08388)",1,1.1751123666763306,21.650000000000034,8.850000000000023,3.9050000000000002,1.1751123666763306,21.650000000000034,8.850000000000023,3.9050000000000002
Umbilicus rupestris,129454,41.7922108924,8.8754298472,154234187,154234187,"c(8.8754298472, 41.7922108924)",1,1.415831446647644,22.750000000000057,5.550000000000011,1.506,1.415831446647644,22.750000000000057,5.550000000000011,1.506
Umbilicus rupestris,129454,51.99337759,-7.88233998,156204737,156204737,"c(-7.88233998, 51.99337759)",1,2.5310745239257813,15.050000000000011,4.550000000000011,4.888,2.5310745239257813,15.050000000000011,4.550000000000011,4.888
Umbilicus rupestris,129454,37.39225471,-5.972442627,15639282,15639282,"c(-5.972442627, 37.39225471)",1,0.4103565514087677,26.750000000000057,5.850000000000023,1.699,0.4103565514087677,26.750000000000057,5.850000000000023,1.699
Umbilicus rupestris,129454,38.5848285738,-8.2197703421,156612040,156612040,"c(-8.2197703421, 38.5848285738)",1,0.6486247777938843,22.350000000000023,5.4500000000000455,3.698,0.6486247777938843,22.350000000000023,5.4500000000000455,3.698
Umbilicus rupestris,129454,38.1942184452,15.2380592132,159653693,159653693,"c(15.2380592132, 38.1942184452)",1,0.9502342343330383,24.750000000000057,9.450000000000045,2.118,0.9502342343330383,24.750000000000057,9.450000000000045,2.118
Umbilicus rupestris,129454,37.87733,-4.7813883333,164277185,164277185,"c(-4.7813883333, 37.87733)",1,0.49329400062561035,28.05000000000001,4.550000000000011,1.6640000000000001,0.49329400062561035,28.05000000000001,4.550000000000011,1.6640000000000001
Umbilicus rupestris,129454,47.7387440128,-3.3707605037,164873901,164873901,"c(-3.3707605037, 47.7387440128)",1,1.673092007637024,17.150000000000034,5.550000000000011,3.117,1.673092007637024,17.150000000000034,5.550000000000011,3.117
Umbilicus rupestris,129454,36.7156550894,4.0466507524,182087549,182087549,"c(4.0466507524, 36.7156550894)",1,0.6335390210151672,25.850000000000023,5.650000000000034,1.625,0.6335390210151672,25.850000000000023,5.650000000000034,1.625
Umbilicus rupestris,129454,38.7596582997,-9.1569946,184933859,184933859,"c(-9.1569946, 38.7596582997)",1,0.8139325380325317,20.850000000000023,8.350000000000023,2.46,0.8139325380325317,20.850000000000023,8.350000000000023,2.46
Umbilicus rupestris,129454,42.8671017,-8.5495414167,188259446,188259446,"c(-8.5495414167, 42.8671017)",1,2.10452938079834,18.250000000000057,4.250000000000057,2.8080000000000003,2.10452938079834,18.250000000000057,4.250000000000057,2.8080000000000003
Umbilicus rupestris,129454,38.6330681989,-8.1932754815,193378761,193378761,"c(-8.1932754815, 38.6330681989)",1,0.601955771446228,22.55000000000001,5.550000000000011,3.583,0.601955771446228,22.55000000000001,5.550000000000011,3.583
Umbilicus rupestris,129454,45.4435533333,12.3243416667,195350836,195350836,"c(12.3243416667, 45.4435533333)",1,1.3536763191223145,23.05000000000001,3.4500000000000455,2.684,1.3536763191223145,23.05000000000001,3.4500000000000455,2.684
Umbilicus rupestris,129454,44.1030654907,9.8258581161,20076133,20076133,"c(9.8258581161, 44.1030654907)",1,NA,22.850000000000023,6.550000000000011,1.893,NA,22.850000000000023,6.550000000000011,1.893
Umbilicus rupestris,129454,38.7128966667,-9.1342055,206122896,206122896,"c(-9.1342055, 38.7128966667)",1,0.8107967972755432,21.05000000000001,8.850000000000023,2.801,0.8107967972755432,21.05000000000001,8.850000000000023,2.801
Umbilicus rupestris,129454,47.837239925,-1.6796103954,219771770,219771770,"c(-1.6796103954, 47.837239925)",1,1.118037462234497,17.750000000000057,2.250000000000057,4.2010000000000005,1.118037462234497,17.750000000000057,2.250000000000057,4.2010000000000005
Umbilicus rupestris,129454,51.9973056661,-4.9979775243,220718873,220718873,"c(-4.9979775243, 51.9973056661)",1,3.096308469772339,15.250000000000057,4.850000000000023,4.716,3.096308469772339,15.250000000000057,4.850000000000023,4.716
Umbilicus rupestris,129454,48.1838918198,-0.1507094689,220847386,220847386,"c(-0.1507094689, 48.1838918198)",1,1.1494200229644775,17.250000000000057,1.150000000000034,4.8340000000000005,1.1494200229644775,17.250000000000057,1.150000000000034,4.8340000000000005
Umbilicus rupestris,129454,48.2566541352,-2.2339574696,221127031,221127031,"c(-2.2339574696, 48.2566541352)",1,1.1002860069274902,17.05000000000001,2.3500000000000227,4.099,1.1002860069274902,17.05000000000001,2.3500000000000227,4.099
Umbilicus rupestris,129454,48.4014255473,-2.0066462128,221382627,221382627,"c(-2.0066462128, 48.4014255473)",1,0.9810177683830261,17.450000000000045,2.8500000000000227,4,0.9810177683830261,17.450000000000045,2.8500000000000227,4
Umbilicus rupestris,129454,41.1806216667,-7.8138033333,221791332,221791332,"c(-7.8138033333, 41.1806216667)",1,0.8588513731956482,20.350000000000023,2.3500000000000227,3.068,0.8588513731956482,20.350000000000023,2.3500000000000227,3.068
Umbilicus rupestris,129454,50.5409295819,-4.9429229712,222312740,222312740,"c(-4.9429229712, 50.5409295819)",1,2.1727609634399414,15.750000000000057,4.350000000000023,4.897,2.1727609634399414,15.750000000000057,4.350000000000023,4.897
Umbilicus rupestris,129454,38.4022176515,-8.1348599213,223087466,223087466,"c(-8.1348599213, 38.4022176515)",1,0.5524342656135559,22.950000000000045,5.850000000000023,3.074,0.5524342656135559,22.950000000000045,5.850000000000023,3.074
Umbilicus rupestris,129454,43.54843,11.044525,223313081,223313081,"c(11.044525, 43.54843)",1,0.7428171038627625,22.950000000000045,0.9500000000000455,2.008,0.7428171038627625,22.950000000000045,0.9500000000000455,2.008
Umbilicus rupestris,129454,50.734055,-2.8870116667,223420153,223420153,"c(-2.8870116667, 50.734055)",1,1.4427523612976074,16.350000000000023,2.8500000000000227,5.5520000000000005,1.4427523612976074,16.350000000000023,2.8500000000000227,5.5520000000000005
Umbilicus rupestris,129454,51.1799291209,-3.508773485,223582346,223582346,"c(-3.508773485, 51.1799291209)",1,2.81721568107605,15.350000000000023,3.650000000000034,4.398,2.81721568107605,15.350000000000023,3.650000000000034,4.398
Umbilicus rupestris,129454,51.703045,-4.691805,224395587,224395587,"c(-4.691805, 51.703045)",1,NA,15.550000000000011,4.550000000000011,5.739,NA,15.550000000000011,4.550000000000011,5.739
Umbilicus rupestris,129454,51.0920833333,0.4088833333,227988515,227988515,"c(0.4088833333, 51.0920833333)",1,1.1366772651672363,16.650000000000034,1.7500000000000568,4.638,1.1366772651672363,16.650000000000034,1.7500000000000568,4.638
Umbilicus rupestris,129454,38.7100222222,-9.1340444444,228353060,228353060,"c(-9.1340444444, 38.7100222222)",1,0.8107967972755432,21.05000000000001,8.850000000000023,2.801,0.8107967972755432,21.05000000000001,8.850000000000023,2.801
Umbilicus rupestris,129454,50.1511239,-5.0063051997,229024890,229024890,"c(-5.0063051997, 50.1511239)",1,NA,16.150000000000034,4.9500000000000455,5.564,NA,16.150000000000034,4.9500000000000455,5.564
Umbilicus rupestris,129454,48.3994869043,-3.9661050215,231695547,231695547,"c(-3.9661050215, 48.3994869043)",1,2.0030744075775146,15.650000000000034,2.650000000000034,4.814,2.0030744075775146,15.650000000000034,2.650000000000034,4.814
Umbilicus rupestris,129454,51.1920955371,-3.5813387457,233369160,233369160,"c(-3.5813387457, 51.1920955371)",1,2.9671831130981445,15.450000000000045,3.9500000000000455,3.9410000000000003,2.9671831130981445,15.450000000000045,3.9500000000000455,3.9410000000000003
Umbilicus rupestris,129454,50.9785216667,-4.1761783333,234413443,234413443,"c(-4.1761783333, 50.9785216667)",1,1.7535148859024048,15.550000000000011,3.5500000000000114,4.663,1.7535148859024048,15.550000000000011,3.5500000000000114,4.663
Umbilicus rupestris,129454,38.7234258026,-9.1376966983,236982360,236982360,"c(-9.1376966983, 38.7234258026)",1,0.8196662664413452,20.950000000000045,8.750000000000057,2.487,0.8196662664413452,20.950000000000045,8.750000000000057,2.487
Umbilicus rupestris,129454,47.47125,-0.5594694444,237944549,237944549,"c(-0.5594694444, 47.47125)",1,0.8355919122695923,18.950000000000045,2.3500000000000227,2.9090000000000003,0.8355919122695923,18.950000000000045,2.3500000000000227,2.9090000000000003
Umbilicus rupestris,129454,42.8772666667,-8.5483888889,247305155,247305155,"c(-8.5483888889, 42.8772666667)",1,2.138216018676758,18.05000000000001,4.150000000000034,2.7520000000000002,2.138216018676758,18.05000000000001,4.150000000000034,2.7520000000000002
Umbilicus rupestris,129454,40.2050490091,-8.4206294132,247847431,247847431,"c(-8.4206294132, 40.2050490091)",1,0.909815788269043,21.150000000000034,4.750000000000057,2.453,0.909815788269043,21.150000000000034,4.750000000000057,2.453
Umbilicus rupestris,129454,43.4525552304,11.9943786776,248428496,248428496,"c(11.9943786776, 43.4525552304)",1,1.1961077451705933,20.850000000000023,-0.3499999999999659,2.501,1.1961077451705933,20.850000000000023,-0.3499999999999659,2.501
Umbilicus rupestris,129454,38.7396106886,-9.1898197308,251113623,251113623,"c(-9.1898197308, 38.7396106886)",1,0.9147856831550598,20.350000000000023,8.450000000000045,3.985,0.9147856831550598,20.350000000000023,8.450000000000045,3.985
Umbilicus rupestris,129454,38.7469878987,-9.1501300782,251753574,251753574,"c(-9.1501300782, 38.7469878987)",1,0.8303152322769165,20.950000000000045,8.450000000000045,2.436,0.8303152322769165,20.950000000000045,8.450000000000045,2.436
Umbilicus rupestris,129454,38.7084917701,-9.1815105826,252400369,252400369,"c(-9.1815105826, 38.7084917701)",1,0.8796535134315491,20.750000000000057,9.050000000000011,2.968,0.8796535134315491,20.750000000000057,9.050000000000011,2.968
Umbilicus rupestris,129454,38.69925888,-9.20354285,253399430,253399430,"c(-9.20354285, 38.69925888)",1,0.8793618679046631,20.750000000000057,9.650000000000034,2.999,0.8793618679046631,20.750000000000057,9.650000000000034,2.999
Umbilicus rupestris,129454,37.375003831,-5.9736932069,254549035,254549035,"c(-5.9736932069, 37.375003831)",1,0.4148794710636139,26.650000000000034,5.750000000000057,1.732,0.4148794710636139,26.650000000000034,5.750000000000057,1.732
Umbilicus rupestris,129454,35.9032284507,-5.3674941744,255066732,255066732,"c(-5.3674941744, 35.9032284507)",1,1.031675934791565,21.850000000000023,11.150000000000034,5.2780000000000005,1.031675934791565,21.850000000000023,11.150000000000034,5.2780000000000005
Umbilicus rupestris,129454,38.7461255025,-9.1947663948,255374822,255374822,"c(-9.1947663948, 38.7461255025)",1,0.8974327445030212,20.650000000000034,8.850000000000023,2.454,0.8974327445030212,20.650000000000034,8.850000000000023,2.454
Umbilicus rupestris,129454,38.6992936247,-9.2035204545,255587277,255587277,"c(-9.2035204545, 38.6992936247)",1,0.8793618679046631,20.750000000000057,9.650000000000034,2.999,0.8793618679046631,20.750000000000057,9.650000000000034,2.999
Umbilicus rupestris,129454,50.1187028333,-5.5376916667,256209921,256209921,"c(-5.5376916667, 50.1187028333)",1,2.532874584197998,15.850000000000023,6.350000000000023,3.866,2.532874584197998,15.850000000000023,6.350000000000023,3.866
Umbilicus rupestris,129454,32.6986859557,-16.8474376486,257122306,257122306,"c(-16.8474376486, 32.6986859557)",1,3.4468133449554443,19.750000000000057,10.450000000000045,3.761,3.4468133449554443,19.750000000000057,10.450000000000045,3.761
Umbilicus rupestris,129454,44.8327789307,11.6272220612,25722845,25722845,"c(11.6272220612, 44.8327789307)",1,0.6336948275566101,24.55000000000001,-0.24999999999994316,1.827,0.6336948275566101,24.55000000000001,-0.24999999999994316,1.827
Umbilicus rupestris,129454,40.205491,-8.420743,257910491,257910491,"c(-8.420743, 40.205491)",1,0.909815788269043,21.150000000000034,4.750000000000057,2.453,0.909815788269043,21.150000000000034,4.750000000000057,2.453
Umbilicus rupestris,129454,41.14631557,-8.61746558,258645907,258645907,"c(-8.61746558, 41.14631557)",1,1.754647970199585,20.55000000000001,7.050000000000011,2.7880000000000003,1.754647970199585,20.55000000000001,7.050000000000011,2.7880000000000003
Umbilicus rupestris,129454,41.8979782518,12.4889053032,259245331,259245331,"c(12.4889053032, 41.8979782518)",1,0.7479350566864014,24.05000000000001,3.750000000000057,1.798,0.7479350566864014,24.05000000000001,3.750000000000057,1.798
Umbilicus rupestris,129454,38.69872476,-9.20220825,259256006,259256006,"c(-9.20220825, 38.69872476)",1,0.8793618679046631,20.750000000000057,9.650000000000034,2.999,0.8793618679046631,20.750000000000057,9.650000000000034,2.999
Umbilicus rupestris,129454,37.85183585,-8.79199514,260144093,260144093,"c(-8.79199514, 37.85183585)",1,NA,20.950000000000045,9.150000000000034,4.407,NA,20.950000000000045,9.150000000000034,4.407
Umbilicus rupestris,129454,40.2072189,-8.4232013,260397062,260397062,"c(-8.4232013, 40.2072189)",1,0.909815788269043,21.150000000000034,4.750000000000057,2.453,0.909815788269043,21.150000000000034,4.750000000000057,2.453
Umbilicus rupestris,129454,44.8388889432,11.6174998507,260999660,260999660,"c(11.6174998507, 44.8388889432)",1,0.6354185938835144,24.55000000000001,-0.24999999999994316,1.883,0.6354185938835144,24.55000000000001,-0.24999999999994316,1.883
Umbilicus rupestris,129454,41.1830331997,-8.6834866,261046550,261046550,"c(-8.6834866, 41.1830331997)",1,1.710667610168457,20.350000000000023,7.850000000000023,2.938,1.710667610168457,20.350000000000023,7.850000000000023,2.938
Umbilicus rupestris,129454,38.69940396,-9.2020267,261258231,261258231,"c(-9.2020267, 38.69940396)",1,0.8793618679046631,20.750000000000057,9.650000000000034,2.999,0.8793618679046631,20.750000000000057,9.650000000000034,2.999
Umbilicus rupestris,129454,38.4833586232,-6.4758175429,261725271,261725271,"c(-6.4758175429, 38.4833586232)",1,0.3950655162334442,24.950000000000045,3.8500000000000227,2.392,0.3950655162334442,24.950000000000045,3.8500000000000227,2.392
Umbilicus rupestris,129454,51.402425,-3.532255,262426383,262426383,"c(-3.532255, 51.402425)",1,2.5330679416656494,15.850000000000023,3.650000000000034,5.619,2.5330679416656494,15.850000000000023,3.650000000000034,5.619
Umbilicus rupestris,129454,38.9595136,-9.3536488,262804064,262804064,"c(-9.3536488, 38.9595136)",1,1.1915318965911865,19.150000000000034,9.350000000000023,4.219,1.1915318965911865,19.150000000000034,9.350000000000023,4.219
Umbilicus rupestris,129454,43.5204641793,-5.6180426261,263369057,263369057,"c(-5.6180426261, 43.5204641793)",1,1.5217735767364502,18.850000000000023,6.350000000000023,3.015,1.5217735767364502,18.850000000000023,6.350000000000023,3.015
Umbilicus rupestris,129454,38.6992972,-9.2035041,263486582,263486582,"c(-9.2035041, 38.6992972)",1,0.8793618679046631,20.750000000000057,9.650000000000034,2.999,0.8793618679046631,20.750000000000057,9.650000000000034,2.999
Umbilicus rupestris,129454,43.9593866,10.22934,263523492,263523492,"c(10.22934, 43.9593866)",1,1.6125173568725586,22.55000000000001,6.550000000000011,1.193,1.6125173568725586,22.55000000000001,6.550000000000011,1.193
Umbilicus rupestris,129454,39.4019813536,-8.4865903853,263780064,263780064,"c(-8.4865903853, 39.4019813536)",1,0.5662515759468079,22.450000000000045,5.750000000000057,2.816,0.5662515759468079,22.450000000000045,5.750000000000057,2.816
Umbilicus rupestris,129454,38.6466133333,-9.2021033333,263973866,263973866,"c(-9.2021033333, 38.6466133333)",1,0.9932267069816589,20.250000000000057,9.750000000000057,3.321,0.9932267069816589,20.250000000000057,9.750000000000057,3.321
Umbilicus rupestris,129454,38.69970291,-9.20324278,263975445,263975445,"c(-9.20324278, 38.69970291)",1,0.8793618679046631,20.750000000000057,9.650000000000034,2.999,0.8793618679046631,20.750000000000057,9.650000000000034,2.999
Umbilicus rupestris,129454,38.6465,-9.20203,263977127,263977127,"c(-9.20203, 38.6465)",1,0.9932267069816589,20.250000000000057,9.750000000000057,3.321,0.9932267069816589,20.250000000000057,9.750000000000057,3.321
Umbilicus rupestris,129454,42.1046138333,-8.6986056715,264115984,264115984,"c(-8.6986056715, 42.1046138333)",1,2.3378937244415283,17.650000000000034,4.4500000000000455,3.593,2.3378937244415283,17.650000000000034,4.4500000000000455,3.593
Umbilicus rupestris,129454,41.1459471667,-8.5976583333,264544862,264544862,"c(-8.5976583333, 41.1459471667)",1,1.7822458744049072,20.450000000000045,6.650000000000034,2.837,1.7822458744049072,20.450000000000045,6.650000000000034,2.837
Umbilicus rupestris,129454,43.779645,11.2277283333,264868550,264868550,"c(11.2277283333, 43.779645)",1,0.9781135320663452,23.350000000000023,1.5500000000000114,1.6320000000000001,0.9781135320663452,23.350000000000023,1.5500000000000114,1.6320000000000001
Umbilicus rupestris,129454,41.2090383333,-8.5704633333,265271071,265271071,"c(-8.5704633333, 41.2090383333)",1,1.7369531393051147,20.55000000000001,6.4500000000000455,2.282,1.7369531393051147,20.55000000000001,6.4500000000000455,2.282
Umbilicus rupestris,129454,38.69962186,-9.20352306,265710500,265710500,"c(-9.20352306, 38.69962186)",1,0.8793618679046631,20.750000000000057,9.650000000000034,2.999,0.8793618679046631,20.750000000000057,9.650000000000034,2.999
Umbilicus rupestris,129454,37.8857538436,-4.7854484618,265814687,265814687,"c(-4.7854484618, 37.8857538436)",1,0.5173603892326355,27.950000000000045,4.550000000000011,1.709,0.5173603892326355,27.950000000000045,4.550000000000011,1.709
Umbilicus rupestris,129454,37.3861144827,-6.0034058287,266270735,266270735,"c(-6.0034058287, 37.3861144827)",1,0.4318329989910126,26.650000000000034,5.850000000000023,1.925,0.4318329989910126,26.650000000000034,5.850000000000023,1.925
Umbilicus rupestris,129454,36.658676704,-6.1114065349,266342318,266342318,"c(-6.1114065349, 36.658676704)",1,0.48793503642082214,25.250000000000057,6.750000000000057,3.34,0.48793503642082214,25.250000000000057,6.750000000000057,3.34
Umbilicus rupestris,129454,38.765162,-9.38157903,266400140,266400140,"c(-9.38157903, 38.765162)",1,1.3523099422454834,19.05000000000001,10.150000000000034,3.043,1.3523099422454834,19.05000000000001,10.150000000000034,3.043
Umbilicus rupestris,129454,39.8286158169,2.8852660474,267185760,267185760,"c(2.8852660474, 39.8286158169)",1,1.1351290941238403,22.950000000000045,6.050000000000011,3.1270000000000002,1.1351290941238403,22.950000000000045,6.050000000000011,3.1270000000000002
Umbilicus rupestris,129454,38.7623434865,-9.2367579283,267488362,267488362,"c(-9.2367579283, 38.7623434865)",1,0.9442296624183655,20.250000000000057,8.750000000000057,3.078,0.9442296624183655,20.250000000000057,8.750000000000057,3.078
Umbilicus rupestris,129454,38.7744666667,-9.1167945,267875872,267875872,"c(-9.1167945, 38.7744666667)",1,0.7512463331222534,21.250000000000057,8.150000000000034,2.439,0.7512463331222534,21.250000000000057,8.150000000000034,2.439
Umbilicus rupestris,129454,35.9032216667,-5.368995,271557866,271557866,"c(-5.368995, 35.9032216667)",1,1.031675934791565,21.850000000000023,11.150000000000034,5.2780000000000005,1.031675934791565,21.850000000000023,11.150000000000034,5.2780000000000005
Umbilicus rupestris,129454,38.7059849691,-9.2498406628,271927433,271927433,"c(-9.2498406628, 38.7059849691)",1,0.9178809523582458,20.350000000000023,9.650000000000034,3.291,0.9178809523582458,20.350000000000023,9.650000000000034,3.291
Umbilicus rupestris,129454,42.6712792,9.42967,272444679,272444679,"c(9.42967, 42.6712792)",1,1.2541983127593994,22.850000000000023,8.350000000000023,2.217,1.2541983127593994,22.850000000000023,8.350000000000023,2.217
Umbilicus rupestris,129454,41.93298835,12.50469632,273184547,273184547,"c(12.50469632, 41.93298835)",1,0.7228332757949829,24.150000000000034,3.250000000000057,1.991,0.7228332757949829,24.150000000000034,3.250000000000057,1.991
Umbilicus rupestris,129454,42.8764921028,-8.5511845036,27573676,27573676,"c(-8.5511845036, 42.8764921028)",1,2.101914167404175,18.150000000000034,4.250000000000057,3.233,2.101914167404175,18.150000000000034,4.250000000000057,3.233
Umbilicus rupestris,129454,41.6819343567,-8.8289165497,280806946,280806946,"c(-8.8289165497, 41.6819343567)",1,2.1109228134155273,19.150000000000034,7.650000000000034,3.432,2.1109228134155273,19.150000000000034,7.650000000000034,3.432
Umbilicus rupestris,129454,38.9127216667,-6.3391966667,281361683,281361683,"c(-6.3391966667, 38.9127216667)",1,0.4176885783672333,25.850000000000023,4.150000000000034,2.269,0.4176885783672333,25.850000000000023,4.150000000000034,2.269
Umbilicus rupestris,129454,39.0563778333,-7.6677283333,291596700,291596700,"c(-7.6677283333, 39.0563778333)",1,0.5177875757217407,23.450000000000045,4.9500000000000455,3.112,0.5177875757217407,23.450000000000045,4.9500000000000455,3.112
Umbilicus rupestris,129454,49.6432444444,-1.6240861111,294536459,294536459,"c(-1.6240861111, 49.6432444444)",1,1.6349499225616455,16.650000000000034,4.9500000000000455,4.249,1.6349499225616455,16.650000000000034,4.9500000000000455,4.249
Umbilicus rupestris,129454,49.6644555556,-1.6989666667,294537033,294537033,"c(-1.6989666667, 49.6644555556)",1,1.7520263195037842,16.450000000000045,5.050000000000011,4.107,1.7520263195037842,16.450000000000045,5.050000000000011,4.107
Umbilicus rupestris,129454,49.6668888889,-1.7140138889,295346268,295346268,"c(-1.7140138889, 49.6668888889)",1,1.7618998289108276,16.450000000000045,5.250000000000057,5.319,1.7618998289108276,16.450000000000045,5.250000000000057,5.319
Umbilicus rupestris,129454,37.2864927017,-8.5540961617,296986291,296986291,"c(-8.5540961617, 37.2864927017)",1,0.8004711866378784,22.05000000000001,6.150000000000034,3.789,0.8004711866378784,22.05000000000001,6.150000000000034,3.789
Umbilicus rupestris,129454,56.3319271997,-6.3942595997,297856183,297856183,"c(-6.3942595997, 56.3319271997)",1,6.1157755851745605,13.150000000000034,5.150000000000034,7.191,6.1157755851745605,13.150000000000034,5.150000000000034,7.191
Umbilicus rupestris,129454,49.7129472222,-2.2189361111,303916899,303916899,"c(-2.2189361111, 49.7129472222)",1,2.735825538635254,15.750000000000057,6.4500000000000455,6.33,2.735825538635254,15.750000000000057,6.4500000000000455,6.33
Umbilicus rupestris,129454,49.4679277778,-2.4483305556,303920189,303920189,"c(-2.4483305556, 49.4679277778)",1,2.6138510704040527,15.950000000000045,6.650000000000034,6.167,2.6138510704040527,15.950000000000045,6.650000000000034,6.167
Umbilicus rupestris,129454,49.4677861111,-2.4483388889,303920192,303920192,"c(-2.4483388889, 49.4677861111)",1,2.6138510704040527,15.950000000000045,6.650000000000034,6.167,2.6138510704040527,15.950000000000045,6.650000000000034,6.167
Umbilicus rupestris,129454,49.4339444444,-2.3586611111,304167141,304167141,"c(-2.3586611111, 49.4339444444)",1,2.7348597049713135,15.750000000000057,6.250000000000057,6.402,2.7348597049713135,15.750000000000057,6.250000000000057,6.402
Umbilicus rupestris,129454,49.4354805556,-2.35405,304169201,304169201,"c(-2.35405, 49.4354805556)",1,2.76068115234375,15.850000000000023,6.350000000000023,6.604,2.76068115234375,15.850000000000023,6.350000000000023,6.604
Umbilicus rupestris,129454,49.4351722222,-2.3665888889,304173987,304173987,"c(-2.3665888889, 49.4351722222)",1,2.7348597049713135,15.750000000000057,6.250000000000057,6.402,2.7348597049713135,15.750000000000057,6.250000000000057,6.402
Umbilicus rupestris,129454,49.4315277778,-2.3508944444,304175749,304175749,"c(-2.3508944444, 49.4315277778)",1,2.7374749183654785,15.850000000000023,6.350000000000023,6.2330000000000005,2.7374749183654785,15.850000000000023,6.350000000000023,6.2330000000000005
Umbilicus rupestris,129454,49.4313444444,-2.3466111111,304175751,304175751,"c(-2.3466111111, 49.4313444444)",1,2.7217400074005127,16.05000000000001,6.4500000000000455,6.289,2.7217400074005127,16.05000000000001,6.4500000000000455,6.289
Umbilicus rupestris,129454,49.4372222222,-2.3531777778,304176638,304176638,"c(-2.3531777778, 49.4372222222)",1,2.76068115234375,15.850000000000023,6.350000000000023,6.604,2.76068115234375,15.850000000000023,6.350000000000023,6.604
Umbilicus rupestris,129454,49.2235472222,-2.0853388889,305264934,305264934,"c(-2.0853388889, 49.2235472222)",1,2.9482288360595703,16.250000000000057,5.9500000000000455,4.207,2.9482288360595703,16.250000000000057,5.9500000000000455,4.207
Umbilicus rupestris,129454,49.4700444444,-2.4521916667,305268926,305268926,"c(-2.4521916667, 49.4700444444)",1,NA,16.05000000000001,6.750000000000057,6.28,NA,16.05000000000001,6.750000000000057,6.28
Umbilicus rupestris,129454,49.4715694444,-2.4493527778,305463341,305463341,"c(-2.4493527778, 49.4715694444)",1,2.6138510704040527,15.950000000000045,6.650000000000034,6.167,2.6138510704040527,15.950000000000045,6.650000000000034,6.167
Umbilicus rupestris,129454,49.472275,-2.4474611111,305463345,305463345,"c(-2.4474611111, 49.472275)",1,2.6138510704040527,15.950000000000045,6.650000000000034,6.167,2.6138510704040527,15.950000000000045,6.650000000000034,6.167
Umbilicus rupestris,129454,49.4561472222,-2.5343111111,305464990,305464990,"c(-2.5343111111, 49.4561472222)",1,2.8415491580963135,15.950000000000045,6.750000000000057,4.003,2.8415491580963135,15.950000000000045,6.750000000000057,4.003
Umbilicus rupestris,129454,49.4562111111,-2.5346972222,305466326,305466326,"c(-2.5346972222, 49.4562111111)",1,2.8415491580963135,15.950000000000045,6.750000000000057,4.003,2.8415491580963135,15.950000000000045,6.750000000000057,4.003
Umbilicus rupestris,129454,49.45625,-2.5350805556,305467101,305467101,"c(-2.5350805556, 49.45625)",1,2.8415491580963135,15.950000000000045,6.750000000000057,4.003,2.8415491580963135,15.950000000000045,6.750000000000057,4.003
Umbilicus rupestris,129454,49.4545777778,-2.5356138889,305717753,305717753,"c(-2.5356138889, 49.4545777778)",1,2.8415491580963135,15.950000000000045,6.750000000000057,4.003,2.8415491580963135,15.950000000000045,6.750000000000057,4.003
Umbilicus rupestris,129454,49.4378694444,-2.5430138889,305719476,305719476,"c(-2.5430138889, 49.4378694444)",1,2.9327824115753174,15.750000000000057,6.4500000000000455,4.993,2.9327824115753174,15.750000000000057,6.4500000000000455,4.993
Umbilicus rupestris,129454,49.4349777778,-2.5404166667,305723393,305723393,"c(-2.5404166667, 49.4349777778)",1,2.9050915241241455,15.850000000000023,6.550000000000011,5.194,2.9050915241241455,15.850000000000023,6.550000000000011,5.194
Umbilicus rupestris,129454,49.4329194444,-2.5347666667,305726885,305726885,"c(-2.5347666667, 49.4329194444)",1,2.8922789096832275,15.750000000000057,6.550000000000011,5.688,2.8922789096832275,15.750000000000057,6.550000000000011,5.688
Umbilicus rupestris,129454,49.4317722222,-2.5338666667,305727598,305727598,"c(-2.5338666667, 49.4317722222)",1,2.8922789096832275,15.750000000000057,6.550000000000011,5.688,2.8922789096832275,15.750000000000057,6.550000000000011,5.688
Umbilicus rupestris,129454,49.4301555556,-2.5334861111,305727987,305727987,"c(-2.5334861111, 49.4301555556)",1,2.8922789096832275,15.750000000000057,6.550000000000011,5.688,2.8922789096832275,15.750000000000057,6.550000000000011,5.688
Umbilicus rupestris,129454,49.2022972222,-2.0280888889,305733281,305733281,"c(-2.0280888889, 49.2022972222)",1,2.7853827476501465,16.350000000000023,5.9500000000000455,5.192,2.7853827476501465,16.350000000000023,5.9500000000000455,5.192
Umbilicus rupestris,129454,49.2151027778,-2.0308055556,305734228,305734228,"c(-2.0308055556, 49.2151027778)",1,2.7794926166534424,16.450000000000045,6.050000000000011,4.84,2.7794926166534424,16.450000000000045,6.050000000000011,4.84
Umbilicus rupestris,129454,49.2206416667,-2.0329611111,305735527,305735527,"c(-2.0329611111, 49.2206416667)",1,2.7146592140197754,16.450000000000045,6.050000000000011,5.176,2.7146592140197754,16.450000000000045,6.050000000000011,5.176
Umbilicus rupestris,129454,49.2229222222,-2.0360611111,305736357,305736357,"c(-2.0360611111, 49.2229222222)",1,2.786381244659424,16.350000000000023,5.9500000000000455,4.922,2.786381244659424,16.350000000000023,5.9500000000000455,4.922
Umbilicus rupestris,129454,49.2232027778,-2.0379472222,305736904,305736904,"c(-2.0379472222, 49.2232027778)",1,2.786381244659424,16.350000000000023,5.9500000000000455,4.922,2.786381244659424,16.350000000000023,5.9500000000000455,4.922
Umbilicus rupestris,129454,48.7336194444,-3.5200111111,305831591,305831591,"c(-3.5200111111, 48.7336194444)",1,2.5337471961975098,16.05000000000001,5.9500000000000455,4.783,2.5337471961975098,16.05000000000001,5.9500000000000455,4.783
Umbilicus rupestris,129454,48.6298305556,-2.4647638889,305833768,305833768,"c(-2.4647638889, 48.6298305556)",1,1.3724642992019653,16.750000000000057,4.9500000000000455,4.158,1.3724642992019653,16.750000000000057,4.9500000000000455,4.158
Umbilicus rupestris,129454,48.7331916667,-3.5011388889,305967434,305967434,"c(-3.5011388889, 48.7331916667)",1,2.4770119190216064,16.05000000000001,5.750000000000057,4.69,2.4770119190216064,16.05000000000001,5.750000000000057,4.69
Umbilicus rupestris,129454,48.7333694444,-3.5007444444,305968211,305968211,"c(-3.5007444444, 48.7333694444)",1,2.5212554931640625,16.05000000000001,5.850000000000023,4.565,2.5212554931640625,16.05000000000001,5.850000000000023,4.565
Umbilicus rupestris,129454,48.7309888889,-3.4624583333,305971568,305971568,"c(-3.4624583333, 48.7309888889)",1,2.1720221042633057,16.250000000000057,5.850000000000023,3.004,2.1720221042633057,16.250000000000057,5.850000000000023,3.004
Umbilicus rupestris,129454,38.71857,-9.1478028333,308258475,308258475,"c(-9.1478028333, 38.71857)",1,0.8335380554199219,20.950000000000045,8.750000000000057,2.524,0.8335380554199219,20.950000000000045,8.750000000000057,2.524
Umbilicus rupestris,129454,50.6148033333,-3.7109033333,308293823,308293823,"c(-3.7109033333, 50.6148033333)",1,1.8702806234359741,15.550000000000011,2.4500000000000455,3.894,1.8702806234359741,15.550000000000011,2.4500000000000455,3.894
Umbilicus rupestris,129454,48.0351833333,-4.5385361111,308634791,308634791,"c(-4.5385361111, 48.0351833333)",1,2.6786255836486816,16.350000000000023,7.350000000000023,4.159,2.6786255836486816,16.350000000000023,7.350000000000023,4.159
Umbilicus rupestris,129454,47.9088972222,-3.9769222222,308636839,308636839,"c(-3.9769222222, 47.9088972222)",1,1.9436665773391724,17.150000000000034,5.4500000000000455,3.723,1.9436665773391724,17.150000000000034,5.4500000000000455,3.723
Umbilicus rupestris,129454,47.7764138889,-3.6204055556,310258489,310258489,"c(-3.6204055556, 47.7764138889)",1,1.7953599691390991,17.05000000000001,5.650000000000034,4.84,1.7953599691390991,17.05000000000001,5.650000000000034,4.84
Umbilicus rupestris,129454,47.7299222222,-3.3824972222,312660609,312660609,"c(-3.3824972222, 47.7299222222)",1,NA,17.250000000000057,5.650000000000034,3.8810000000000002,NA,17.250000000000057,5.650000000000034,3.8810000000000002
Umbilicus rupestris,129454,47.5960916667,-2.9102861111,312663765,312663765,"c(-2.9102861111, 47.5960916667)",1,1.3446969985961914,17.55000000000001,4.650000000000034,5.172,1.3446969985961914,17.55000000000001,4.650000000000034,5.172
Umbilicus rupestris,129454,47.5982694444,-2.9122472222,312667418,312667418,"c(-2.9122472222, 47.5982694444)",1,1.3446969985961914,17.55000000000001,4.650000000000034,5.172,1.3446969985961914,17.55000000000001,4.650000000000034,5.172
Umbilicus rupestris,129454,47.0108138889,-2.2201972222,312673430,312673430,"c(-2.2201972222, 47.0108138889)",1,1.3106309175491333,18.150000000000034,5.250000000000057,5.0040000000000004,1.3106309175491333,18.150000000000034,5.250000000000057,5.0040000000000004
Umbilicus rupestris,129454,47.0107611111,-2.2203111111,312674118,312674118,"c(-2.2203111111, 47.0107611111)",1,1.3106309175491333,18.150000000000034,5.250000000000057,5.0040000000000004,1.3106309175491333,18.150000000000034,5.250000000000057,5.0040000000000004
Umbilicus rupestris,129454,55.0304166667,-8.2703972222,314596769,314596769,"c(-8.2703972222, 55.0304166667)",1,5.067353248596191,13.950000000000045,4.750000000000057,5.477,5.067353248596191,13.950000000000045,4.750000000000057,5.477
Umbilicus rupestris,129454,54.6261416667,-8.6602777778,315069753,315069753,"c(-8.6602777778, 54.6261416667)",1,4.649168968200684,13.650000000000034,3.650000000000034,6.821,4.649168968200684,13.650000000000034,3.650000000000034,6.821
Umbilicus rupestris,129454,45.6239694444,-1.02835,315739312,315739312,"c(-1.02835, 45.6239694444)",1,1.0183578729629517,20.350000000000023,3.8500000000000227,4.178,1.0183578729629517,20.350000000000023,3.8500000000000227,4.178
Umbilicus rupestris,129454,38.9049602997,-9.187279,323296935,323296935,"c(-9.187279, 38.9049602997)",1,0.8241193890571594,20.150000000000034,7.250000000000057,4.236,0.8241193890571594,20.150000000000034,7.250000000000057,4.236
Umbilicus rupestris,129454,51.761725,-8.39248,324571115,324571115,"c(-8.39248, 51.761725)",1,2.881091833114624,15.150000000000034,5.350000000000023,5.204,2.881091833114624,15.150000000000034,5.350000000000023,5.204
Umbilicus rupestris,129454,37.3611433333,-5.98852,330098856,330098856,"c(-5.98852, 37.3611433333)",1,0.424925833940506,26.55000000000001,5.750000000000057,1.945,0.424925833940506,26.55000000000001,5.750000000000057,1.945
Umbilicus rupestris,129454,51.7542505557,-9.565725332,330267918,330267918,"c(-9.565725332, 51.7542505557)",1,3.288369655609131,14.650000000000034,3.4500000000000455,3.621,3.288369655609131,14.650000000000034,3.4500000000000455,3.621
Umbilicus rupestris,129454,37.356339453,-5.9855693677,330846622,330846622,"c(-5.9855693677, 37.356339453)",1,0.4285937547683716,26.55000000000001,5.850000000000023,1.972,0.4285937547683716,26.55000000000001,5.850000000000023,1.972
Umbilicus rupestris,129454,38.904366856,-9.1849619153,331287236,331287236,"c(-9.1849619153, 38.904366856)",1,0.8241193890571594,20.150000000000034,7.250000000000057,4.236,0.8241193890571594,20.150000000000034,7.250000000000057,4.236
Umbilicus rupestris,129454,48.3142676917,-1.4338693768,331533916,331533916,"c(-1.4338693768, 48.3142676917)",1,1.1144200563430786,17.450000000000045,2.3500000000000227,4.336,1.1144200563430786,17.450000000000045,2.3500000000000227,4.336
Umbilicus rupestris,129454,37.1235361667,-8.5956216667,331700123,331700123,"c(-8.5956216667, 37.1235361667)",1,NA,21.850000000000023,9.950000000000045,4.118,NA,21.850000000000023,9.950000000000045,4.118
Umbilicus rupestris,129454,37.3737654212,-5.9721070156,331720315,331720315,"c(-5.9721070156, 37.3737654212)",1,0.41697901487350464,26.650000000000034,5.750000000000057,1.705,0.41697901487350464,26.650000000000034,5.750000000000057,1.705
Umbilicus rupestris,129454,56.3319694444,-6.3942694444,331838436,331838436,"c(-6.3942694444, 56.3319694444)",1,6.1157755851745605,13.150000000000034,5.150000000000034,7.191,6.1157755851745605,13.150000000000034,5.150000000000034,7.191
Umbilicus rupestris,129454,47.1269666667,-1.4735033333,332440727,332440727,"c(-1.4735033333, 47.1269666667)",1,1.1140873432159424,18.450000000000045,2.5500000000000114,4.021,1.1140873432159424,18.450000000000045,2.5500000000000114,4.021
Umbilicus rupestris,129454,48.46837649,-2.0199959195,332613362,332613362,"c(-2.0199959195, 48.46837649)",1,1.030494213104248,17.250000000000057,3.0500000000000114,4.198,1.030494213104248,17.250000000000057,3.0500000000000114,4.198
Umbilicus rupestris,129454,40.1406095997,-8.115883,333037307,333037307,"c(-8.115883, 40.1406095997)",1,1.097864031791687,20.850000000000023,3.750000000000057,2.117,1.097864031791687,20.850000000000023,3.750000000000057,2.117
Umbilicus rupestris,129454,37.3763693,-5.9903319,333579478,333579478,"c(-5.9903319, 37.3763693)",1,0.41909098625183105,26.650000000000034,5.750000000000057,1.76,0.41909098625183105,26.650000000000034,5.750000000000057,1.76
Umbilicus rupestris,129454,43.1373555,3.0936278333,334025509,334025509,"c(3.0936278333, 43.1373555)",1,0.7139351963996887,22.450000000000045,4.650000000000034,5.144,0.7139351963996887,22.450000000000045,4.650000000000034,5.144
Umbilicus rupestris,129454,51.8941783333,-8.316,334731962,334731962,"c(-8.316, 51.8941783333)",1,2.1456949710845947,15.150000000000034,4.550000000000011,5.4030000000000005,2.1456949710845947,15.150000000000034,4.550000000000011,5.4030000000000005
Umbilicus rupestris,129454,44.832855,11.62693,334894517,334894517,"c(11.62693, 44.832855)",1,0.6336948275566101,24.55000000000001,-0.24999999999994316,1.827,0.6336948275566101,24.55000000000001,-0.24999999999994316,1.827
Umbilicus rupestris,129454,52.2605166667,-7.1069416667,334982695,334982695,"c(-7.1069416667, 52.2605166667)",1,2.172244071960449,15.050000000000011,4.4500000000000455,3.903,2.172244071960449,15.050000000000011,4.4500000000000455,3.903
Umbilicus rupestris,129454,48.3155535641,-2.061757435,335248227,335248227,"c(-2.061757435, 48.3155535641)",1,1.01694655418396,17.150000000000034,2.4500000000000455,4.651,1.01694655418396,17.150000000000034,2.4500000000000455,4.651
Umbilicus rupestris,129454,42.80935,-1.6396533333,335479656,335479656,"c(-1.6396533333, 42.80935)",1,0.9449678659439087,19.350000000000023,1.0500000000000114,2.367,0.9449678659439087,19.350000000000023,1.0500000000000114,2.367
Umbilicus rupestris,129454,38.7312644,-9.1357379,335939998,335939998,"c(-9.1357379, 38.7312644)",1,0.8253489136695862,20.950000000000045,8.550000000000011,2.475,0.8253489136695862,20.950000000000045,8.550000000000011,2.475
Umbilicus rupestris,129454,38.6337805753,-8.2213028893,336257992,336257992,"c(-8.2213028893, 38.6337805753)",1,0.5948769450187683,22.650000000000034,5.650000000000034,3.303,0.5948769450187683,22.650000000000034,5.650000000000034,3.303
Umbilicus rupestris,129454,38.7051966667,-9.18368,336679479,336679479,"c(-9.18368, 38.7051966667)",1,0.8762003183364868,20.750000000000057,9.250000000000057,2.678,0.8762003183364868,20.750000000000057,9.250000000000057,2.678
Umbilicus rupestris,129454,47.962557,-2.7286022,336803517,336803517,"c(-2.7286022, 47.962557)",1,1.221321702003479,17.05000000000001,2.4500000000000455,4.449,1.221321702003479,17.05000000000001,2.4500000000000455,4.449
Umbilicus rupestris,129454,37.9100116667,-4.81264,336835457,336835457,"c(-4.81264, 37.9100116667)",1,0.6073846220970154,27.350000000000023,4.050000000000011,2.535,0.6073846220970154,27.350000000000023,4.050000000000011,2.535
Umbilicus rupestris,129454,37.9069216667,13.3933416667,337934243,337934243,"c(13.3933416667, 37.9069216667)",1,0.8905316591262817,22.05000000000001,2.9500000000000455,2.731,0.8905316591262817,22.05000000000001,2.9500000000000455,2.731
Umbilicus rupestris,129454,52.3428916667,-6.4712638889,338092485,338092485,"c(-6.4712638889, 52.3428916667)",1,NA,14.950000000000045,5.150000000000034,5.214,NA,14.950000000000045,5.150000000000034,5.214
Umbilicus rupestris,129454,37.8917745848,-4.7765666619,338321168,338321168,"c(-4.7765666619, 37.8917745848)",1,0.5261639952659607,27.950000000000045,4.550000000000011,1.683,0.5261639952659607,27.950000000000045,4.550000000000011,1.683
Umbilicus rupestris,129454,37.1776579396,-3.6053039098,338567223,338567223,"c(-3.6053039098, 37.1776579396)",1,0.444887638092041,25.350000000000023,2.250000000000057,0.857,0.444887638092041,25.350000000000023,2.250000000000057,0.857
Umbilicus rupestris,129454,38.8052746086,-6.9749353327,338743193,338743193,"c(-6.9749353327, 38.8052746086)",1,0.43961262702941895,25.05000000000001,4.250000000000057,2.719,0.43961262702941895,25.05000000000001,4.250000000000057,2.719
Umbilicus rupestris,129454,38.7137733333,-9.1595516667,338901117,338901117,"c(-9.1595516667, 38.7137733333)",1,0.8601901531219482,20.750000000000057,8.850000000000023,2.601,0.8601901531219482,20.750000000000057,8.850000000000023,2.601
Umbilicus rupestris,129454,50.064876137,-5.5937129571,339294316,339294316,"c(-5.5937129571, 50.064876137)",1,3.0134634971618652,15.550000000000011,6.4500000000000455,5.43,3.0134634971618652,15.550000000000011,6.4500000000000455,5.43
Umbilicus rupestris,129454,41.9010693,12.4894756997,339617384,339617384,"c(12.4894756997, 41.9010693)",1,0.7480613589286804,24.05000000000001,3.5500000000000114,2.0100000000000002,0.7480613589286804,24.05000000000001,3.5500000000000114,2.0100000000000002
Umbilicus rupestris,129454,37.1780083,-3.6072950997,340229888,340229888,"c(-3.6072950997, 37.1780083)",1,0.444887638092041,25.350000000000023,2.250000000000057,0.857,0.444887638092041,25.350000000000023,2.250000000000057,0.857
Umbilicus rupestris,129454,37.9138527778,-4.720175,340286520,340286520,"c(-4.720175, 37.9138527778)",1,0.49160346388816833,28.05000000000001,4.4500000000000455,2.164,0.49160346388816833,28.05000000000001,4.4500000000000455,2.164
Umbilicus rupestris,129454,37.91405803,-4.71982976,341084123,341084123,"c(-4.71982976, 37.91405803)",1,0.49160346388816833,28.05000000000001,4.4500000000000455,2.164,0.49160346388816833,28.05000000000001,4.4500000000000455,2.164
Umbilicus rupestris,129454,38.8760716667,-6.9770616667,341692187,341692187,"c(-6.9770616667, 38.8760716667)",1,0.4396074712276459,25.250000000000057,4.4500000000000455,2.503,0.4396074712276459,25.250000000000057,4.4500000000000455,2.503
Umbilicus rupestris,129454,38.7708352518,-9.1560413316000009,341707908,341707908,"c(-9.1560413316, 38.7708352518)",1,0.8033376932144165,20.850000000000023,8.250000000000057,2.592,0.8033376932144165,20.850000000000023,8.250000000000057,2.592
Umbilicus rupestris,129454,38.7622446571,-9.0948987015,342127092,342127092,"c(-9.0948987015, 38.7622446571)",1,0.7224488258361816,21.450000000000045,8.350000000000023,2.829,0.7224488258361816,21.450000000000045,8.350000000000023,2.829
Umbilicus rupestris,129454,52.539790000000004,-2.816123,343477746,343477746,"c(-2.816123, 52.53979)",1,1.56561279296875,14.750000000000057,0.5500000000000114,4.389,1.56561279296875,14.750000000000057,0.5500000000000114,4.389
Umbilicus rupestris,129454,38.775453,-7.4175,344144754,344144754,"c(-7.4175, 38.775453)",1,0.5882754921913147,23.250000000000057,3.8500000000000227,3.116,0.5882754921913147,23.250000000000057,3.8500000000000227,3.116
Umbilicus rupestris,129454,43.8419583,10.5111337997,344204503,344204503,"c(10.5111337997, 43.8419583)",1,0.7467182278633118,22.850000000000023,1.7500000000000568,1.463,0.7467182278633118,22.850000000000023,1.7500000000000568,1.463
Umbilicus rupestris,129454,50.211286812,-5.0283285961,344665009,344665009,"c(-5.0283285961, 50.211286812)",1,1.6295790672302246,16.05000000000001,4.550000000000011,4.8340000000000005,1.6295790672302246,16.05000000000001,4.550000000000011,4.8340000000000005
Umbilicus rupestris,129454,43.5377244082,-5.638286394,345773401,345773401,"c(-5.638286394, 43.5377244082)",1,1.495139479637146,18.850000000000023,6.650000000000034,2.2600000000000002,1.495139479637146,18.850000000000023,6.650000000000034,2.2600000000000002
Umbilicus rupestris,129454,43.8793459722,1.4972399722,347238541,347238541,"c(1.4972399722, 43.8793459722)",1,0.7113819122314453,21.450000000000045,2.250000000000057,2.992,0.7113819122314453,21.450000000000045,2.250000000000057,2.992
Umbilicus rupestris,129454,40.2050178989,-8.420160995,348330676,348330676,"c(-8.420160995, 40.2050178989)",1,0.909815788269043,21.150000000000034,4.750000000000057,2.453,0.909815788269043,21.150000000000034,4.750000000000057,2.453
Umbilicus rupestris,129454,38.7697758996,-9.1539712275,348980658,348980658,"c(-9.1539712275, 38.7697758996)",1,0.8033376932144165,20.850000000000023,8.250000000000057,2.592,0.8033376932144165,20.850000000000023,8.250000000000057,2.592
Umbilicus rupestris,129454,38.6619967706,-9.2060601711,350001256,350001256,"c(-9.2060601711, 38.6619967706)",1,0.9567220211029053,20.250000000000057,9.550000000000011,3.194,0.9567220211029053,20.250000000000057,9.550000000000011,3.194
Umbilicus rupestris,129454,50.295680565,-4.9771965668,35000964,35000964,"c(-4.9771965668, 50.295680565)",1,1.7721836566925049,15.850000000000023,4.050000000000011,4.96,1.7721836566925049,15.850000000000023,4.050000000000011,4.96
Umbilicus rupestris,129454,50.2825435479,-4.9869001284,35001023,35001023,"c(-4.9869001284, 50.2825435479)",1,1.7438608407974243,15.950000000000045,4.150000000000034,4.121,1.7438608407974243,15.950000000000045,4.150000000000034,4.121
Umbilicus rupestris,129454,38.747296,-9.193293,350525103,350525103,"c(-9.193293, 38.747296)",1,0.8974327445030212,20.650000000000034,8.850000000000023,2.454,0.8974327445030212,20.650000000000034,8.850000000000023,2.454
Umbilicus rupestris,129454,39.3739087214,-7.327857065,350583581,350583581,"c(-7.327857065, 39.3739087214)",1,0.6673047542572021,22.350000000000023,3.0500000000000114,2.3970000000000002,0.6673047542572021,22.350000000000023,3.0500000000000114,2.3970000000000002
Umbilicus rupestris,129454,39.7457317974,-8.8097544301,351562186,351562186,"c(-8.8097544301, 39.7457317974)",1,0.836128830909729,19.850000000000023,6.650000000000034,2.189,0.836128830909729,19.850000000000023,6.650000000000034,2.189
Umbilicus rupestris,129454,52.139241028,-7.0174607635,353886995,353886995,"c(-7.0174607635, 52.139241028)",1,2.606417417526245,14.850000000000023,5.350000000000023,6.7330000000000005,2.606417417526245,14.850000000000023,5.350000000000023,6.7330000000000005
Umbilicus rupestris,129454,39.3736292917,-8.9716276066,354403330,354403330,"c(-8.9716276066, 39.3736292917)",1,0.8113300204277039,20.55000000000001,6.650000000000034,3.919,0.8113300204277039,20.55000000000001,6.650000000000034,3.919
Umbilicus rupestris,129454,39.462125,-8.3845416667,354805959,354805959,"c(-8.3845416667, 39.462125)",1,0.6413041353225708,22.650000000000034,5.550000000000011,2.918,0.6413041353225708,22.650000000000034,5.550000000000011,2.918
Umbilicus rupestris,129454,38.7443635855,-9.1707797541,356165868,356165868,"c(-9.1707797541, 38.7443635855)",1,0.8622109889984131,20.850000000000023,8.650000000000034,2.364,0.8622109889984131,20.850000000000023,8.650000000000034,2.364
Umbilicus rupestris,129454,50.3660166667,-4.1390083333,356641961,356641961,"c(-4.1390083333, 50.3660166667)",1,NA,15.850000000000023,4.650000000000034,5.265,NA,15.850000000000023,4.650000000000034,5.265
Umbilicus rupestris,129454,37.4377867997,-8.7741433,357623862,357623862,"c(-8.7741433, 37.4377867997)",1,0.7809520959854126,21.250000000000057,8.750000000000057,3.557,0.7809520959854126,21.250000000000057,8.750000000000057,3.557
Umbilicus rupestris,129454,38.7443635855,-9.1707797541,357634555,357634555,"c(-9.1707797541, 38.7443635855)",1,0.8622109889984131,20.850000000000023,8.650000000000034,2.364,0.8622109889984131,20.850000000000023,8.650000000000034,2.364
Umbilicus rupestris,129454,39.9921859209,9.4169597785,358579661,358579661,"c(9.4169597785, 39.9921859209)",1,0.8929253220558167,19.750000000000057,1.4500000000000455,4.0280000000000005,0.8929253220558167,19.750000000000057,1.4500000000000455,4.0280000000000005
Umbilicus rupestris,129454,38.77025,-9.1740866667,358607426,358607426,"c(-9.1740866667, 38.77025)",1,0.8270692229270935,20.750000000000057,8.350000000000023,2.778,0.8270692229270935,20.750000000000057,8.350000000000023,2.778
Umbilicus rupestris,129454,49.4510845807,-2.5375464186,361960913,361960913,"c(-2.5375464186, 49.4510845807)",1,2.8415491580963135,15.950000000000045,6.750000000000057,4.003,2.8415491580963135,15.950000000000045,6.750000000000057,4.003
Umbilicus rupestris,129454,38.6464544537,-9.197926037,362718158,362718158,"c(-9.197926037, 38.6464544537)",1,0.9938263297080994,20.250000000000057,9.650000000000034,3.1510000000000002,0.9938263297080994,20.250000000000057,9.650000000000034,3.1510000000000002
Umbilicus rupestris,129454,40.6343612671,-8.6607875824,36273786,36273786,"c(-8.6607875824, 40.6343612671)",1,1.1791167259216309,20.650000000000034,6.9500000000000455,3.48,1.1791167259216309,20.650000000000034,6.9500000000000455,3.48
Umbilicus rupestris,129454,40.6388130188,-8.6568975449,36285927,36285927,"c(-8.6568975449, 40.6388130188)",1,1.1815476417541504,20.650000000000034,6.850000000000023,2.878,1.1815476417541504,20.650000000000034,6.850000000000023,2.878
Umbilicus rupestris,129454,38.5273462227,-8.0168023197,363060310,363060310,"c(-8.0168023197, 38.5273462227)",1,0.5868632793426514,23.250000000000057,5.650000000000034,3.63,0.5868632793426514,23.250000000000057,5.650000000000034,3.63
Umbilicus rupestris,129454,44.2282561706,3.9986903297,364093248,364093248,"c(3.9986903297, 44.2282561706)",1,1.5007576942443848,21.850000000000023,1.3500000000000227,1.754,1.5007576942443848,21.850000000000023,1.3500000000000227,1.754
Umbilicus rupestris,129454,40.6305885315,-8.6581687927,36756994,36756994,"c(-8.6581687927, 40.6305885315)",1,1.1735962629318237,20.650000000000034,6.850000000000023,2.585,1.1735962629318237,20.650000000000034,6.850000000000023,2.585
Umbilicus rupestris,129454,38.78072167,-9.44443333,37489447,37489447,"c(-9.44443333, 38.78072167)",1,1.85419499874115,17.750000000000057,9.650000000000034,4.799,1.85419499874115,17.750000000000057,9.650000000000034,4.799
Umbilicus rupestris,129454,38.7712059021,-9.1527070999,38767937,38767937,"c(-9.1527070999, 38.7712059021)",1,0.8033376932144165,20.850000000000023,8.250000000000057,2.592,0.8033376932144165,20.850000000000023,8.250000000000057,2.592
Umbilicus rupestris,129454,39.9179514739,-8.1321841478,39449880,39449880,"c(-8.1321841478, 39.9179514739)",1,1.0626740455627441,21.150000000000034,4.050000000000011,2.775,1.0626740455627441,21.150000000000034,4.050000000000011,2.775
Umbilicus rupestris,129454,36.5279756717,-5.31805859,41236552,41236552,"c(-5.31805859, 36.5279756717)",1,1.1946454048156738,23.150000000000034,6.050000000000011,3.152,1.1946454048156738,23.150000000000034,6.050000000000011,3.152
Umbilicus rupestris,129454,38.7713888955,-9.1563890129,42563380,42563380,"c(-9.1563890129, 38.7713888955)",1,0.8033376932144165,20.850000000000023,8.250000000000057,2.592,0.8033376932144165,20.850000000000023,8.250000000000057,2.592
Umbilicus rupestris,129454,51.45912459,-2.60868612,44143808,44143808,"c(-2.60868612, 51.45912459)",1,1.3830056190490723,16.05000000000001,1.7500000000000568,3.0100000000000002,1.3830056190490723,16.05000000000001,1.7500000000000568,3.0100000000000002
Umbilicus rupestris,129454,38.9048312911,-9.1871823392,47425215,47425215,"c(-9.1871823392, 38.9048312911)",1,0.8241193890571594,20.150000000000034,7.250000000000057,4.236,0.8241193890571594,20.150000000000034,7.250000000000057,4.236
Umbilicus rupestris,129454,47.3593676219,-2.5003915196,50724272,50724272,"c(-2.5003915196, 47.3593676219)",1,1.3607416152954102,17.950000000000045,4.9500000000000455,4.816,1.3607416152954102,17.950000000000045,4.9500000000000455,4.816
Umbilicus rupestris,129454,44.135966,12.238556,5113099,5113099,"c(12.238556, 44.135966)",1,0.6573721170425415,24.55000000000001,1.150000000000034,1.706,0.6573721170425415,24.55000000000001,1.150000000000034,1.706
Umbilicus rupestris,129454,48.539568,-1.061578,51478660,51478660,"c(-1.061578, 48.539568)",1,1.342802882194519,17.150000000000034,2.150000000000034,4.695,1.342802882194519,17.150000000000034,2.150000000000034,4.695
Umbilicus rupestris,129454,37.0203138333,-7.9344666667,55688801,55688801,"c(-7.9344666667, 37.0203138333)",1,0.8464899659156799,22.250000000000057,11.350000000000023,2.765,0.8464899659156799,22.250000000000057,11.350000000000023,2.765
Umbilicus rupestris,129454,40.162152,-6.65301,62595420,62595420,"c(-6.65301, 40.162152)",1,0.7685648202896118,24.650000000000034,3.250000000000057,2.392,0.7685648202896118,24.650000000000034,3.250000000000057,2.392
Umbilicus rupestris,129454,37.3837313,-5.98986213,62596596,62596596,"c(-5.98986213, 37.3837313)",1,0.4168727397918701,26.650000000000034,5.750000000000057,1.782,0.4168727397918701,26.650000000000034,5.750000000000057,1.782
Umbilicus rupestris,129454,37.395241,-5.989245,62596664,62596664,"c(-5.989245, 37.395241)",1,0.41418641805648804,26.650000000000034,5.750000000000057,1.752,0.41418641805648804,26.650000000000034,5.750000000000057,1.752
Umbilicus rupestris,129454,36.081102,-5.503522,67767279,67767279,"c(-5.503522, 36.081102)",1,1.1423918008804321,22.150000000000034,10.150000000000034,3.4490000000000003,1.1423918008804321,22.150000000000034,10.150000000000034,3.4490000000000003
Umbilicus rupestris,129454,38.7698133333,-9.1592716667,68184820,68184820,"c(-9.1592716667, 38.7698133333)",1,0.8110044598579407,20.850000000000023,8.350000000000023,2.547,0.8110044598579407,20.850000000000023,8.350000000000023,2.547
Umbilicus rupestris,129454,38.7711453631,-9.1542107452,69203617,69203617,"c(-9.1542107452, 38.7711453631)",1,0.8033376932144165,20.850000000000023,8.250000000000057,2.592,0.8033376932144165,20.850000000000023,8.250000000000057,2.592
Umbilicus rupestris,129454,38.7081915,-9.2437434,71118387,71118387,"c(-9.2437434, 38.7081915)",1,0.9178809523582458,20.350000000000023,9.650000000000034,3.291,0.9178809523582458,20.350000000000023,9.650000000000034,3.291
Umbilicus rupestris,129454,39.23453,-8.6772583333,71373584,71373584,"c(-8.6772583333, 39.23453)",1,0.587911069393158,22.05000000000001,5.850000000000023,3.0380000000000003,0.587911069393158,22.05000000000001,5.850000000000023,3.0380000000000003
Umbilicus rupestris,129454,50.6076883333,-4.13925,75082393,75082393,"c(-4.13925, 50.6076883333)",1,2.6726300716400146,14.750000000000057,1.8500000000000227,5.45,2.6726300716400146,14.750000000000057,1.8500000000000227,5.45
Umbilicus rupestris,129454,40.4881930178,-8.6912684888,75675616,75675616,"c(-8.6912684888, 40.4881930178)",1,1.1150262355804443,20.450000000000045,6.9500000000000455,3.133,1.1150262355804443,20.450000000000045,6.9500000000000455,3.133
Umbilicus rupestris,129454,44.8328033333,11.6269033333,75784699,75784699,"c(11.6269033333, 44.8328033333)",1,0.6336948275566101,24.55000000000001,-0.24999999999994316,1.827,0.6336948275566101,24.55000000000001,-0.24999999999994316,1.827
Umbilicus rupestris,129454,50.2251254694,-3.7601539493,82565988,82565988,"c(-3.7601539493, 50.2251254694)",1,2.8035457134246826,15.650000000000034,5.550000000000011,5.946,2.8035457134246826,15.650000000000034,5.550000000000011,5.946
Umbilicus rupestris,129454,53.747079,-2.015076,84050794,84050794,"c(-2.015076, 53.747079)",1,2.2252514362335205,14.450000000000045,0.6500000000000341,4.15,2.2252514362335205,14.450000000000045,0.6500000000000341,4.15
Umbilicus rupestris,129454,50.1079161396,-5.1133571198,87378975,87378975,"c(-5.1133571198, 50.1079161396)",1,1.9947571754455566,16.05000000000001,5.350000000000023,5.314,1.9947571754455566,16.05000000000001,5.350000000000023,5.314
Umbilicus rupestris,129454,45.1288757324,-0.6655093431,9604697,9604697,"c(-0.6655093431, 45.1288757324)",1,0.9671488404273987,20.55000000000001,3.4500000000000455,3.7070000000000003,0.9671488404273987,20.55000000000001,3.4500000000000455,3.7070000000000003
